team_acc,overreliance,calib_error,harmful_flip_rate,beneficial_flip_rate,follow_rate,final_trust,skill,skill_peak,lam,seed,ai_acc
0.9298245614035088,0.03070175438596491,0.051437550686336375,0.0,0.0,0.9298245614035088,0.9988059717389679,low,0.55,0.0,0,0.9473684210526315
0.9254385964912281,0.02631578947368421,0.051437550686336375,0.0,0.0,0.9210526315789473,0.9988059717389679,low,0.55,0.0,1,0.9473684210526315
0.9254385964912281,0.021929824561403508,0.051437550686336375,0.0,0.0,0.9342105263157895,0.9988059717389679,low,0.55,0.0,2,0.9473684210526315
0.9122807017543859,0.021929824561403508,0.051437550686336375,0.0,0.0,0.8947368421052632,0.9988059717389679,low,0.55,0.0,3,0.9473684210526315
0.9342105263157895,0.017543859649122806,0.051437550686336375,0.0,0.0,0.9122807017543859,0.9988059717389679,low,0.55,0.0,4,0.9473684210526315
0.9254385964912281,0.013157894736842105,0.051437550686336375,0.0,0.0,0.9473684210526315,0.9988059717389679,low,0.55,0.0,5,0.9473684210526315
0.9210526315789473,0.02631578947368421,0.051437550686336375,0.0,0.0,0.9429824561403509,0.9988059717389679,low,0.55,0.0,6,0.9473684210526315
0.8991228070175439,0.03508771929824561,0.051437550686336375,0.0,0.0,0.9385964912280702,0.9988059717389679,low,0.55,0.0,7,0.9473684210526315
0.9254385964912281,0.013157894736842105,0.051437550686336375,0.0,0.0,0.9210526315789473,0.9988059717389679,low,0.55,0.0,8,0.9473684210526315
0.9342105263157895,0.021929824561403508,0.051437550686336375,0.0,0.0,0.9342105263157895,0.9988059717389679,low,0.55,0.0,9,0.9473684210526315
0.9254385964912281,0.02631578947368421,0.051437550686336375,0.0,0.0,0.9473684210526315,0.9988059717389679,low,0.55,0.0,10,0.9473684210526315
0.9078947368421053,0.02631578947368421,0.051437550686336375,0.0,0.0,0.9210526315789473,0.9988059717389679,low,0.55,0.0,11,0.9473684210526315
0.9298245614035088,0.03070175438596491,0.051437550686336375,0.0,0.0,0.9385964912280702,0.9988059717389679,low,0.55,0.0,12,0.9473684210526315
0.9210526315789473,0.017543859649122806,0.051437550686336375,0.0,0.0,0.9385964912280702,0.9988059717389679,low,0.55,0.0,13,0.9473684210526315
0.9342105263157895,0.017543859649122806,0.051437550686336375,0.0,0.0,0.9254385964912281,0.9988059717389679,low,0.55,0.0,14,0.9473684210526315
0.9254385964912281,0.021929824561403508,0.051437550686336375,0.0,0.0,0.9429824561403509,0.9988059717389679,low,0.55,0.0,15,0.9473684210526315
0.9298245614035088,0.03070175438596491,0.051437550686336375,0.0,0.0,0.9385964912280702,0.9988059717389679,low,0.55,0.0,16,0.9473684210526315
0.9254385964912281,0.021929824561403508,0.051437550686336375,0.0,0.0,0.9605263157894737,0.9988059717389679,low,0.55,0.0,17,0.9473684210526315
0.9122807017543859,0.021929824561403508,0.051437550686336375,0.0,0.0,0.9254385964912281,0.9988059717389679,low,0.55,0.0,18,0.9473684210526315
0.9078947368421053,0.03070175438596491,0.051437550686336375,0.0,0.0,0.9122807017543859,0.9988059717389679,low,0.55,0.0,19,0.9473684210526315
0.9254385964912281,0.02631578947368421,0.051437550686336375,0.0,0.0,0.956140350877193,0.9988059717389679,low,0.55,0.0,20,0.9473684210526315
0.9166666666666666,0.013157894736842105,0.051437550686336375,0.0,0.0,0.9298245614035088,0.9988059717389679,low,0.55,0.0,21,0.9473684210526315
0.9166666666666666,0.02631578947368421,0.051437550686336375,0.0,0.0,0.9166666666666666,0.9988059717389679,low,0.55,0.0,22,0.9473684210526315
0.9429824561403509,0.03070175438596491,0.051437550686336375,0.0,0.0,0.9824561403508771,0.9988059717389679,low,0.55,0.0,23,0.9473684210526315
0.9166666666666666,0.021929824561403508,0.051437550686336375,0.0,0.0,0.9342105263157895,0.9988059717389679,low,0.55,0.0,24,0.9473684210526315
0.9122807017543859,0.02631578947368421,0.051437550686336375,0.0,0.0,0.9385964912280702,0.9988059717389679,low,0.55,0.0,25,0.9473684210526315
0.9298245614035088,0.021929824561403508,0.051437550686336375,0.0,0.0,0.956140350877193,0.9988059717389679,low,0.55,0.0,26,0.9473684210526315
0.9298245614035088,0.03070175438596491,0.051437550686336375,0.0,0.0,0.9298245614035088,0.9988059717389679,low,0.55,0.0,27,0.9473684210526315
0.9254385964912281,0.03070175438596491,0.051437550686336375,0.0,0.0,0.9473684210526315,0.9988059717389679,low,0.55,0.0,28,0.9473684210526315
0.9298245614035088,0.021929824561403508,0.051437550686336375,0.0,0.0,0.9298245614035088,0.9988059717389679,low,0.55,0.0,29,0.9473684210526315
0.9298245614035088,0.02631578947368421,0.05226453425205024,0.0043859649122807015,0.0043859649122807015,0.9298245614035088,0.9996329553046818,low,0.55,0.1,0,0.9473684210526315
0.9254385964912281,0.02631578947368421,0.051437550686336375,0.0,0.0,0.9210526315789473,0.9988059717389679,low,0.55,0.1,1,0.9473684210526315
0.9254385964912281,0.02631578947368421,0.05226453425205024,0.008771929824561403,0.0043859649122807015,0.9342105263157895,0.9996329553046818,low,0.55,0.1,2,0.9473684210526315
0.9078947368421053,0.021929824561403508,0.05143755068634226,0.0043859649122807015,0.0043859649122807015,0.8947368421052632,0.9988059717389738,low,0.55,0.1,3,0.9473684210526315
0.9342105263157895,0.017543859649122806,0.0522645342574275,0.0043859649122807015,0.008771929824561403,0.9166666666666666,0.999632955310059,low,0.55,0.1,4,0.9473684210526315
0.9166666666666666,0.017543859649122806,0.051437550680965005,0.008771929824561403,0.0,0.9298245614035088,0.9988059717335965,low,0.55,0.1,5,0.9473684210526315
0.9254385964912281,0.021929824561403508,0.05143755068634226,0.0,0.0043859649122807015,0.9429824561403509,0.9988059717389738,low,0.55,0.1,6,0.9473684210526315
0.9035087719298246,0.03508771929824561,0.05226453425205024,0.0043859649122807015,0.0043859649122807015,0.9429824561403509,0.9996329553046818,low,0.55,0.1,7,0.9473684210526315
0.9298245614035088,0.013157894736842105,0.05143755068634226,0.0,0.0043859649122807015,0.9254385964912281,0.9988059717389738,low,0.55,0.1,8,0.9473684210526315
0.9298245614035088,0.021929824561403508,0.051437550686336375,0.0043859649122807015,0.0,0.9298245614035088,0.9988059717389679,low,0.55,0.1,9,0.9473684210526315
0.9385964912280702,0.017543859649122806,0.05226453425742761,0.0,0.008771929824561403,0.9605263157894737,0.9996329553100591,low,0.55,0.1,10,0.9473684210526315
0.8903508771929824,0.03508771929824561,0.051437550680965005,0.008771929824561403,0.0,0.9078947368421053,0.9988059717335965,low,0.55,0.1,11,0.9473684210526315
0.9342105263157895,0.02631578947368421,0.05226453425205613,0.0043859649122807015,0.008771929824561403,0.9429824561403509,0.9996329553046877,low,0.55,0.1,12,0.9473684210526315
0.9166666666666666,0.021929824561403508,0.05143755068097078,0.008771929824561403,0.0043859649122807015,0.9342105263157895,0.9988059717336023,low,0.55,0.1,13,0.9473684210526315
0.9342105263157895,0.017543859649122806,0.05226453425205024,0.0043859649122807015,0.0043859649122807015,0.9210526315789473,0.9996329553046818,low,0.55,0.1,14,0.9473684210526315
0.9254385964912281,0.021929824561403508,0.05226453425205024,0.0043859649122807015,0.0043859649122807015,0.9429824561403509,0.9996329553046818,low,0.55,0.1,15,0.9473684210526315
0.9429824561403509,0.02631578947368421,0.05226453425205613,0.0043859649122807015,0.008771929824561403,0.9605263157894737,0.9996329553046877,low,0.55,0.1,16,0.9473684210526315
0.9342105263157895,0.017543859649122806,0.0522645342574275,0.0043859649122807015,0.008771929824561403,0.9649122807017544,0.999632955310059,low,0.55,0.1,17,0.9473684210526315
0.9122807017543859,0.02631578947368421,0.05226453425205024,0.008771929824561403,0.0043859649122807015,0.9342105263157895,0.9996329553046818,low,0.55,0.1,18,0.9473684210526315
0.9078947368421053,0.03070175438596491,0.05226453425205024,0.0043859649122807015,0.0043859649122807015,0.9078947368421053,0.9996329553046818,low,0.55,0.1,19,0.9473684210526315
0.9254385964912281,0.02631578947368421,0.051437550686336375,0.0043859649122807015,0.0,0.9473684210526315,0.9988059717389679,low,0.55,0.1,20,0.9473684210526315
0.8903508771929824,0.021929824561403508,0.051437550680965005,0.008771929824561403,0.0,0.9122807017543859,0.9988059717335965,low,0.55,0.1,21,0.9473684210526315
0.9210526315789473,0.02631578947368421,0.05226453425205024,0.0043859649122807015,0.0043859649122807015,0.9254385964912281,0.9996329553046818,low,0.55,0.1,22,0.9473684210526315
0.9429824561403509,0.03070175438596491,0.05143755068634226,0.0043859649122807015,0.0043859649122807015,0.9824561403508771,0.9988059717389738,low,0.55,0.1,23,0.9473684210526315
0.9254385964912281,0.017543859649122806,0.05143755068634226,0.0,0.0043859649122807015,0.9385964912280702,0.9988059717389738,low,0.55,0.1,24,0.9473684210526315
0.8991228070175439,0.03070175438596491,0.05226453425205024,0.008771929824561403,0.0043859649122807015,0.9298245614035088,0.9996329553046818,low,0.55,0.1,25,0.9473684210526315
0.9342105263157895,0.017543859649122806,0.052264534257421724,0.0,0.0043859649122807015,0.9605263157894737,0.9996329553100533,low,0.55,0.1,26,0.9473684210526315
0.9298245614035088,0.03070175438596491,0.05143755068097089,0.0043859649122807015,0.0043859649122807015,0.9298245614035088,0.9988059717336024,low,0.55,0.1,27,0.9473684210526315
0.9254385964912281,0.03070175438596491,0.05143755068097089,0.0043859649122807015,0.0043859649122807015,0.9473684210526315,0.9988059717336024,low,0.55,0.1,28,0.9473684210526315
0.9342105263157895,0.017543859649122806,0.05143755068634226,0.0,0.0043859649122807015,0.9385964912280702,0.9988059717389738,low,0.55,0.1,29,0.9473684210526315
0.9298245614035088,0.02631578947368421,0.05226453425205024,0.0043859649122807015,0.0043859649122807015,0.9298245614035088,0.9996329553046818,low,0.55,0.2,0,0.9473684210526315
0.9254385964912281,0.02631578947368421,0.051437550686336375,0.0,0.0,0.9210526315789473,0.9988059717389679,low,0.55,0.2,1,0.9473684210526315
0.9254385964912281,0.02631578947368421,0.05226453425205024,0.008771929824561403,0.0043859649122807015,0.9342105263157895,0.9996329553046818,low,0.55,0.2,2,0.9473684210526315
0.9078947368421053,0.021929824561403508,0.05143755068634226,0.0043859649122807015,0.0043859649122807015,0.8947368421052632,0.9988059717389738,low,0.55,0.2,3,0.9473684210526315
0.9342105263157895,0.017543859649122806,0.0522645342574275,0.0043859649122807015,0.008771929824561403,0.9166666666666666,0.999632955310059,low,0.55,0.2,4,0.9473684210526315
0.9166666666666666,0.017543859649122806,0.051437550680965005,0.008771929824561403,0.0,0.9298245614035088,0.9988059717335965,low,0.55,0.2,5,0.9473684210526315
0.9254385964912281,0.021929824561403508,0.05143755068634226,0.0,0.0043859649122807015,0.9429824561403509,0.9988059717389738,low,0.55,0.2,6,0.9473684210526315
0.9035087719298246,0.03508771929824561,0.05226453425205024,0.0043859649122807015,0.0043859649122807015,0.9429824561403509,0.9996329553046818,low,0.55,0.2,7,0.9473684210526315
0.9298245614035088,0.013157894736842105,0.05143755068634226,0.0,0.0043859649122807015,0.9254385964912281,0.9988059717389738,low,0.55,0.2,8,0.9473684210526315
0.9298245614035088,0.021929824561403508,0.051437550686336375,0.0043859649122807015,0.0,0.9298245614035088,0.9988059717389679,low,0.55,0.2,9,0.9473684210526315
0.9385964912280702,0.017543859649122806,0.05226453425742761,0.0,0.008771929824561403,0.9605263157894737,0.9996329553100591,low,0.55,0.2,10,0.9473684210526315
0.8903508771929824,0.03508771929824561,0.051437550680965005,0.008771929824561403,0.0,0.9078947368421053,0.9988059717335965,low,0.55,0.2,11,0.9473684210526315
0.9342105263157895,0.02631578947368421,0.05226453425205613,0.0043859649122807015,0.008771929824561403,0.9429824561403509,0.9996329553046877,low,0.55,0.2,12,0.9473684210526315
0.9166666666666666,0.021929824561403508,0.05143755068097078,0.008771929824561403,0.0043859649122807015,0.9342105263157895,0.9988059717336023,low,0.55,0.2,13,0.9473684210526315
0.9342105263157895,0.017543859649122806,0.05226453425205024,0.0043859649122807015,0.0043859649122807015,0.9210526315789473,0.9996329553046818,low,0.55,0.2,14,0.9473684210526315
0.9254385964912281,0.021929824561403508,0.05226453425205024,0.0043859649122807015,0.0043859649122807015,0.9429824561403509,0.9996329553046818,low,0.55,0.2,15,0.9473684210526315
0.9429824561403509,0.02631578947368421,0.05226453425205613,0.0043859649122807015,0.008771929824561403,0.9605263157894737,0.9996329553046877,low,0.55,0.2,16,0.9473684210526315
0.9342105263157895,0.017543859649122806,0.0522645342574275,0.0043859649122807015,0.008771929824561403,0.9649122807017544,0.999632955310059,low,0.55,0.2,17,0.9473684210526315
0.9122807017543859,0.02631578947368421,0.05226453425205024,0.008771929824561403,0.0043859649122807015,0.9342105263157895,0.9996329553046818,low,0.55,0.2,18,0.9473684210526315
0.9078947368421053,0.03070175438596491,0.05226453425205024,0.0043859649122807015,0.0043859649122807015,0.9078947368421053,0.9996329553046818,low,0.55,0.2,19,0.9473684210526315
0.9254385964912281,0.02631578947368421,0.051437550686336375,0.0043859649122807015,0.0,0.9473684210526315,0.9988059717389679,low,0.55,0.2,20,0.9473684210526315
0.8903508771929824,0.021929824561403508,0.051437550680965005,0.008771929824561403,0.0,0.9122807017543859,0.9988059717335965,low,0.55,0.2,21,0.9473684210526315
0.9210526315789473,0.02631578947368421,0.05226453425205024,0.0043859649122807015,0.0043859649122807015,0.9254385964912281,0.9996329553046818,low,0.55,0.2,22,0.9473684210526315
0.9429824561403509,0.03070175438596491,0.05143755068634226,0.0043859649122807015,0.0043859649122807015,0.9824561403508771,0.9988059717389738,low,0.55,0.2,23,0.9473684210526315
0.9254385964912281,0.017543859649122806,0.05143755068634226,0.0,0.0043859649122807015,0.9385964912280702,0.9988059717389738,low,0.55,0.2,24,0.9473684210526315
0.8991228070175439,0.03070175438596491,0.05226453425205024,0.008771929824561403,0.0043859649122807015,0.9298245614035088,0.9996329553046818,low,0.55,0.2,25,0.9473684210526315
0.9342105263157895,0.017543859649122806,0.052264534257421724,0.0,0.0043859649122807015,0.9605263157894737,0.9996329553100533,low,0.55,0.2,26,0.9473684210526315
0.9298245614035088,0.03070175438596491,0.05143755068097089,0.0043859649122807015,0.0043859649122807015,0.9298245614035088,0.9988059717336024,low,0.55,0.2,27,0.9473684210526315
0.9254385964912281,0.03070175438596491,0.05143755068097089,0.0043859649122807015,0.0043859649122807015,0.9473684210526315,0.9988059717336024,low,0.55,0.2,28,0.9473684210526315
0.9342105263157895,0.017543859649122806,0.05143755068634226,0.0,0.0043859649122807015,0.9385964912280702,0.9988059717389738,low,0.55,0.2,29,0.9473684210526315
0.9342105263157895,0.021929824561403508,0.05226454968912142,0.0043859649122807015,0.008771929824561403,0.9298245614035088,0.999632970741753,low,0.55,0.3,0,0.9473684210526315
0.9254385964912281,0.02631578947368421,0.051437550686336375,0.0,0.0,0.9210526315789473,0.9988059717389679,low,0.55,0.3,1,0.9473684210526315
0.9254385964912281,0.02631578947368421,0.05226453425205024,0.008771929824561403,0.0043859649122807015,0.9342105263157895,0.9996329553046818,low,0.55,0.3,2,0.9473684210526315
0.9078947368421053,0.021929824561403508,0.05143755068634226,0.0043859649122807015,0.0043859649122807015,0.8947368421052632,0.9988059717389738,low,0.55,0.3,3,0.9473684210526315
0.9342105263157895,0.017543859649122806,0.0522645342574275,0.0043859649122807015,0.008771929824561403,0.9166666666666666,0.999632955310059,low,0.55,0.3,4,0.9473684210526315
0.9166666666666666,0.017543859649122806,0.051437550680965005,0.008771929824561403,0.0,0.9298245614035088,0.9988059717335965,low,0.55,0.3,5,0.9473684210526315
0.9298245614035088,0.017543859649122806,0.051437566123413325,0.0,0.008771929824561403,0.9429824561403509,0.9988059871760449,low,0.55,0.3,6,0.9473684210526315
0.9078947368421053,0.03070175438596491,0.05226454968912142,0.0043859649122807015,0.008771929824561403,0.9429824561403509,0.999632970741753,low,0.55,0.3,7,0.9473684210526315
0.9342105263157895,0.008771929824561403,0.051437566123413325,0.0,0.008771929824561403,0.9298245614035088,0.9988059871760449,low,0.55,0.3,8,0.9473684210526315
0.9342105263157895,0.017543859649122806,0.05143756612340755,0.0043859649122807015,0.0043859649122807015,0.9342105263157895,0.9988059871760391,low,0.55,0.3,9,0.9473684210526315
0.9385964912280702,0.017543859649122806,0.05226453425742761,0.0,0.008771929824561403,0.9605263157894737,0.9996329553100591,low,0.55,0.3,10,0.9473684210526315
0.8947368421052632,0.03070175438596491,0.05143756611803607,0.008771929824561403,0.0043859649122807015,0.9166666666666666,0.9988059871706676,low,0.55,0.3,11,0.9473684210526315
0.9385964912280702,0.021929824561403508,0.05226454968912719,0.0043859649122807015,0.013157894736842105,0.9429824561403509,0.9996329707417587,low,0.55,0.3,12,0.9473684210526315
0.9210526315789473,0.017543859649122806,0.051437566118041844,0.008771929824561403,0.008771929824561403,0.9385964912280702,0.9988059871706734,low,0.55,0.3,13,0.9473684210526315
0.9385964912280702,0.013157894736842105,0.05226454968912142,0.0043859649122807015,0.008771929824561403,0.9254385964912281,0.999632970741753,low,0.55,0.3,14,0.9473684210526315
0.9298245614035088,0.017543859649122806,0.05226454968912142,0.0043859649122807015,0.008771929824561403,0.9517543859649122,0.999632970741753,low,0.55,0.3,15,0.9473684210526315
0.9429824561403509,0.02631578947368421,0.05226453425205613,0.0043859649122807015,0.008771929824561403,0.9605263157894737,0.9996329553046877,low,0.55,0.3,16,0.9473684210526315
0.9385964912280702,0.013157894736842105,0.052264549694498674,0.0043859649122807015,0.013157894736842105,0.9649122807017544,0.9996329707471302,low,0.55,0.3,17,0.9473684210526315
0.9210526315789473,0.021929824561403508,0.05226454968912142,0.008771929824561403,0.008771929824561403,0.9429824561403509,0.999632970741753,low,0.55,0.3,18,0.9473684210526315
0.9166666666666666,0.02631578947368421,0.05226454968912142,0.0043859649122807015,0.008771929824561403,0.9122807017543859,0.999632970741753,low,0.55,0.3,19,0.9473684210526315
0.9254385964912281,0.02631578947368421,0.051437550686336375,0.0043859649122807015,0.0,0.9473684210526315,0.9988059717389679,low,0.55,0.3,20,0.9473684210526315
0.8947368421052632,0.017543859649122806,0.05143756611803607,0.008771929824561403,0.0043859649122807015,0.9210526315789473,0.9988059871706676,low,0.55,0.3,21,0.9473684210526315
0.9254385964912281,0.021929824561403508,0.05226454968912142,0.0043859649122807015,0.008771929824561403,0.9254385964912281,0.999632970741753,low,0.55,0.3,22,0.9473684210526315
0.9473684210526315,0.02631578947368421,0.051437566123413325,0.0043859649122807015,0.008771929824561403,0.9824561403508771,0.9988059871760449,low,0.55,0.3,23,0.9473684210526315
0.9254385964912281,0.017543859649122806,0.05143755068634226,0.0,0.0043859649122807015,0.9385964912280702,0.9988059717389738,low,0.55,0.3,24,0.9473684210526315
0.9078947368421053,0.02631578947368421,0.05226454968912142,0.008771929824561403,0.008771929824561403,0.9342105263157895,0.999632970741753,low,0.55,0.3,25,0.9473684210526315
0.9342105263157895,0.017543859649122806,0.052264534257421724,0.0,0.0043859649122807015,0.9605263157894737,0.9996329553100533,low,0.55,0.3,26,0.9473684210526315
0.9385964912280702,0.02631578947368421,0.051437566118041844,0.0043859649122807015,0.008771929824561403,0.9342105263157895,0.9988059871706734,low,0.55,0.3,27,0.9473684210526315
0.9342105263157895,0.02631578947368421,0.051437566118041844,0.0043859649122807015,0.008771929824561403,0.9517543859649122,0.9988059871706734,low,0.55,0.3,28,0.9473684210526315
0.9342105263157895,0.017543859649122806,0.05143755068634226,0.0,0.0043859649122807015,0.9385964912280702,0.9988059717389738,low,0.55,0.3,29,0.9473684210526315
0.9298245614035088,0.02631578947368421,0.06421881621033254,0.021929824561403508,0.021929824561403508,0.9342105263157895,0.883149604842299,low,0.55,0.4,0,0.9473684210526315
0.9078947368421053,0.03070175438596491,0.06498441078344908,0.013157894736842105,0.0043859649122807015,0.8947368421052632,0.8823840102691825,low,0.55,0.4,1,0.9473684210526315
0.9078947368421053,0.039473684210526314,0.06421883164846165,0.02631578947368421,0.008771929824561403,0.9298245614035088,0.8831495894041699,low,0.55,0.4,2,0.9473684210526315
0.9035087719298246,0.02631578947368421,0.056937453520094716,0.013157894736842105,0.013157894736842105,0.9078947368421053,0.8904309675325368,low,0.55,0.4,3,0.9473684210526315
0.9210526315789473,0.017543859649122806,0.05617187016994929,0.013157894736842105,0.017543859649122806,0.9035087719298246,0.8911965508826822,low,0.55,0.4,4,0.9473684210526315
0.9078947368421053,0.02631578947368421,0.0433905850024322,0.021929824561403508,0.0043859649122807015,0.9210526315789473,0.9907590060550637,low,0.55,0.4,5,0.9473684210526315
0.9122807017543859,0.03508771929824561,0.043329196016418714,0.021929824561403508,0.013157894736842105,0.9254385964912281,0.9906976170690502,low,0.55,0.4,6,0.9473684210526315
0.9035087719298246,0.03508771929824561,0.05611045451626817,0.017543859649122806,0.017543859649122806,0.9385964912280702,0.8912579665363634,low,0.55,0.4,7,0.9473684210526315
0.9166666666666666,0.02631578947368421,0.04339060044487075,0.017543859649122806,0.008771929824561403,0.9210526315789473,0.9907590214975023,low,0.55,0.4,8,0.9473684210526315
0.9517543859649122,0.008771929824561403,0.051437566123426204,0.0043859649122807015,0.013157894736842105,0.9429824561403509,0.9988059871760577,low,0.55,0.4,9,0.9473684210526315
0.9166666666666666,0.03070175438596491,0.06415742721358342,0.017543859649122806,0.021929824561403508,0.9517543859649122,0.8832109938390481,low,0.55,0.4,10,0.9473684210526315
0.8991228070175439,0.03508771929824561,0.04332920021979858,0.021929824561403508,0.013157894736842105,0.9166666666666666,0.9906976212724301,low,0.55,0.4,11,0.9473684210526315
0.9342105263157895,0.02631578947368421,0.06421881620910075,0.017543859649122806,0.021929824561403508,0.9342105263157895,0.8831496048435308,low,0.55,0.4,12,0.9473684210526315
0.9035087719298246,0.03508771929824561,0.06504579978125347,0.02631578947368421,0.008771929824561403,0.9254385964912281,0.8823226212713781,low,0.55,0.4,13,0.9473684210526315
0.9122807017543859,0.02631578947368421,0.06415741598817659,0.021929824561403508,0.013157894736842105,0.9078947368421053,0.8832110050644549,low,0.55,0.4,14,0.9473684210526315
0.9210526315789473,0.021929824561403508,0.05617185473933073,0.013157894736842105,0.013157894736842105,0.9473684210526315,0.8911965663133008,low,0.55,0.4,15,0.9473684210526315
0.9429824561403509,0.021929824561403508,0.0642188316461536,0.017543859649122806,0.021929824561403508,0.9605263157894737,0.8831495894064779,low,0.55,0.4,16,0.9473684210526315
0.9298245614035088,0.017543859649122806,0.05611045030551087,0.013157894736842105,0.013157894736842105,0.956140350877193,0.8912579707471207,low,0.55,0.4,17,0.9473684210526315
0.9210526315789473,0.021929824561403508,0.052203145261726314,0.013157894736842105,0.013157894736842105,0.9385964912280702,0.9995715663143578,low,0.55,0.4,18,0.9473684210526315
0.9078947368421053,0.03508771929824561,0.05617185473951769,0.017543859649122806,0.013157894736842105,0.9122807017543859,0.8911965663131138,low,0.55,0.4,19,0.9473684210526315
0.9210526315789473,0.03508771929824561,0.0650458194195731,0.02631578947368421,0.013157894736842105,0.9429824561403509,0.8823226016330584,low,0.55,0.4,20,0.9473684210526315
0.8903508771929824,0.017543859649122806,0.05143756611908412,0.013157894736842105,0.008771929824561403,0.9035087719298246,0.9988059871717156,low,0.55,0.4,21,0.9473684210526315
0.9122807017543859,0.03070175438596491,0.06415741598711011,0.017543859649122806,0.013157894736842105,0.9254385964912281,0.8832110050655214,low,0.55,0.4,22,0.9473684210526315
0.9298245614035088,0.03508771929824561,0.0650457997758721,0.017543859649122806,0.013157894736842105,0.9649122807017544,0.8823226212767594,low,0.55,0.4,23,0.9473684210526315
0.9166666666666666,0.02631578947368421,0.06504581521292496,0.013157894736842105,0.013157894736842105,0.9385964912280702,0.8823226058397066,low,0.55,0.4,24,0.9473684210526315
0.8991228070175439,0.03508771929824561,0.056110454517334096,0.017543859649122806,0.008771929824561403,0.9298245614035088,0.8912579665352974,low,0.55,0.4,25,0.9473684210526315
0.9298245614035088,0.021929824561403508,0.05611046994920221,0.013157894736842105,0.013157894736842105,0.956140350877193,0.8912579511034293,low,0.55,0.4,26,0.9473684210526315
0.9210526315789473,0.03508771929824561,0.06504579978017766,0.021929824561403508,0.017543859649122806,0.9254385964912281,0.8823226212724539,low,0.55,0.4,27,0.9473684210526315
0.9210526315789473,0.03070175438596491,0.04339060464703104,0.017543859649122806,0.021929824561403508,0.9429824561403509,0.9907590256996626,low,0.55,0.4,28,0.9473684210526315
0.9517543859649122,0.008771929824561403,0.05143754648096277,0.0043859649122807015,0.017543859649122806,0.956140350877193,0.9988059675335943,low,0.55,0.4,29,0.9473684210526315
0.9254385964912281,0.03508771929824561,0.06421881653694828,0.03508771929824561,0.02631578947368421,0.9210526315789473,0.8831496045156833,low,0.55,0.45,0,0.9473684210526315
0.9078947368421053,0.03070175438596491,0.06546820320509894,0.03508771929824561,0.017543859649122806,0.8947368421052632,0.8819002178475326,low,0.55,0.45,1,0.9473684210526315
0.9035087719298246,0.039473684210526314,0.06421873940126799,0.03508771929824561,0.017543859649122806,0.9166666666666666,0.8831496816513635,low,0.55,0.45,2,0.9473684210526315
0.9035087719298246,0.039473684210526314,0.05698979995574982,0.039473684210526314,0.02631578947368421,0.9254385964912281,0.8903786210968817,low,0.55,0.45,3,0.9473684210526315
0.8991228070175439,0.03508771929824561,0.05780854959955084,0.03508771929824561,0.017543859649122806,0.8903508771929824,0.8895598714530807,low,0.55,0.45,4,0.9473684210526315
0.8947368421052632,0.039473684210526314,0.04198582020220498,0.04824561403508772,0.017543859649122806,0.8991228070175439,0.9893542412548365,low,0.55,0.45,5,0.9473684210526315
0.8903508771929824,0.05263157894736842,0.04192458324842685,0.04824561403508772,0.021929824561403508,0.9035087719298246,0.9892930043010584,low,0.55,0.45,6,0.9473684210526315
0.8947368421052632,0.043859649122807015,0.058719963219964755,0.039473684210526314,0.03070175438596491,0.9342105263157895,0.8886484578326668,low,0.55,0.45,7,0.9473684210526315
0.8991228070175439,0.039473684210526314,0.043338254023276734,0.039473684210526314,0.021929824561403508,0.9078947368421053,0.9907066750759083,low,0.55,0.45,8,0.9473684210526315
0.9385964912280702,0.017543859649122806,0.04839661141978013,0.021929824561403508,0.02631578947368421,0.9517543859649122,0.9957650324724117,low,0.55,0.45,9,0.9473684210526315
0.8859649122807017,0.05263157894736842,0.06617335887956532,0.043859649122807015,0.02631578947368421,0.9210526315789473,0.8811950621730662,low,0.55,0.45,10,0.9473684210526315
0.8771929824561403,0.05263157894736842,0.04192458776366981,0.04824561403508772,0.017543859649122806,0.9035087719298246,0.9892930088163013,low,0.55,0.45,11,0.9473684210526315
0.9035087719298246,0.039473684210526314,0.06524383990053273,0.039473684210526314,0.03508771929824561,0.9210526315789473,0.8821245811520988,low,0.55,0.45,12,0.9473684210526315
0.9078947368421053,0.03508771929824561,0.06504570785987984,0.03508771929824561,0.017543859649122806,0.9254385964912281,0.8823227131927517,low,0.55,0.45,13,0.9473684210526315
0.8947368421052632,0.03508771929824561,0.06420961006498183,0.03508771929824561,0.017543859649122806,0.8903508771929824,0.8831588109876497,low,0.55,0.45,14,0.9473684210526315
0.881578947368421,0.043859649122807015,0.05916086027182166,0.039473684210526314,0.017543859649122806,0.9210526315789473,0.8882075607808099,low,0.55,0.45,15,0.9473684210526315
0.9078947368421053,0.039473684210526314,0.06567563816426891,0.043859649122807015,0.03070175438596491,0.9429824561403509,0.8816927828883626,low,0.55,0.45,16,0.9473684210526315
0.9298245614035088,0.017543859649122806,0.05611035807213127,0.02631578947368421,0.021929824561403508,0.9473684210526315,0.8912580629805003,low,0.55,0.45,17,0.9473684210526315
0.9166666666666666,0.03070175438596491,0.05220290034234454,0.03070175438596491,0.017543859649122806,0.9210526315789473,0.9995713213949761,low,0.55,0.45,18,0.9473684210526315
0.9298245614035088,0.03508771929824561,0.05665564716130633,0.03508771929824561,0.03070175438596491,0.9385964912280702,0.8907127738913252,low,0.55,0.45,19,0.9473684210526315
0.9078947368421053,0.03070175438596491,0.0650979209366036,0.043859649122807015,0.02631578947368421,0.9166666666666666,0.8822705001160279,low,0.55,0.45,20,0.9473684210526315
0.8421052631578947,0.043859649122807015,0.04839627457445883,0.043859649122807015,0.008771929824561403,0.8771929824561403,0.9957646956270904,low,0.55,0.45,21,0.9473684210526315
0.8991228070175439,0.039473684210526314,0.06513058275453665,0.03508771929824561,0.02631578947368421,0.9166666666666666,0.8822378382980949,low,0.55,0.45,22,0.9473684210526315
0.9122807017543859,0.039473684210526314,0.06547764272819068,0.039473684210526314,0.03070175438596491,0.9385964912280702,0.8818907783244408,low,0.55,0.45,23,0.9473684210526315
0.9035087719298246,0.03070175438596491,0.06668224973796011,0.03070175438596491,0.021929824561403508,0.9298245614035088,0.8806861713146714,low,0.55,0.45,24,0.9473684210526315
0.9035087719298246,0.03508771929824561,0.0587197186282673,0.03508771929824561,0.021929824561403508,0.9385964912280702,0.8886487024243642,low,0.55,0.45,25,0.9473684210526315
0.9342105263157895,0.02631578947368421,0.05769461846210455,0.02631578947368421,0.021929824561403508,0.9736842105263158,0.889673802590527,low,0.55,0.45,26,0.9473684210526315
0.9210526315789473,0.03508771929824561,0.0666299482790188,0.03070175438596491,0.02631578947368421,0.9342105263157895,0.8807384727736127,low,0.55,0.45,27,0.9473684210526315
0.9298245614035088,0.03070175438596491,0.043338503130328276,0.02631578947368421,0.03070175438596491,0.9473684210526315,0.9907069241829598,low,0.55,0.45,28,0.9473684210526315
0.9254385964912281,0.03070175438596491,0.04936942136298983,0.02631578947368421,0.017543859649122806,0.9298245614035088,0.9967378424156214,low,0.55,0.45,29,0.9473684210526315
0.6052631578947368,0.20614035087719298,0.5798619077835514,0.37280701754385964,0.03070175438596491,0.618421052631579,0.3675065132690801,low,0.55,0.5,0,0.9473684210526315
0.631578947368421,0.2324561403508772,0.5557935285337382,0.34210526315789475,0.02631578947368421,0.6535087719298246,0.3915748925188933,low,0.55,0.5,1,0.9473684210526315
0.5219298245614035,0.2149122807017544,0.42331337961123383,0.4473684210526316,0.021929824561403508,0.5,0.5240550414413977,low,0.55,0.5,2,0.9473684210526315
0.4780701754385965,0.2719298245614035,0.6485741325812558,0.4956140350877193,0.02631578947368421,0.4824561403508772,0.2987942884713757,low,0.55,0.5,3,0.9473684210526315
0.5307017543859649,0.2631578947368421,0.33176092780037014,0.43859649122807015,0.021929824561403508,0.5175438596491229,0.6156074932522614,low,0.55,0.5,4,0.9473684210526315
0.5131578947368421,0.20614035087719298,0.3791119435584218,0.4473684210526316,0.017543859649122806,0.4780701754385965,0.5682564774942097,low,0.55,0.5,5,0.9473684210526315
0.5219298245614035,0.2324561403508772,0.35036836464925825,0.4473684210526316,0.02631578947368421,0.5043859649122807,0.5970000564033733,low,0.55,0.5,6,0.9473684210526315
0.5131578947368421,0.22807017543859648,0.3842529248071044,0.4692982456140351,0.03508771929824561,0.5263157894736842,0.5631154962455271,low,0.55,0.5,7,0.9473684210526315
0.5219298245614035,0.2412280701754386,0.4412267431306862,0.4473684210526316,0.021929824561403508,0.5043859649122807,0.5061416779219453,low,0.55,0.5,8,0.9473684210526315
0.5964912280701754,0.22807017543859648,0.3028786245020155,0.37280701754385964,0.02631578947368421,0.6052631578947368,0.644489796550616,low,0.55,0.5,9,0.9473684210526315
0.5614035087719298,0.22807017543859648,0.29187515722904334,0.42105263157894735,0.03508771929824561,0.5307017543859649,0.6554932638235882,low,0.55,0.5,10,0.9473684210526315
0.5482456140350878,0.21929824561403508,0.5200759584306587,0.42543859649122806,0.02631578947368421,0.5482456140350878,0.42729246262197285,low,0.55,0.5,11,0.9473684210526315
0.5482456140350878,0.25877192982456143,0.5492706674688781,0.4342105263157895,0.03508771929824561,0.5614035087719298,0.3980977535837534,low,0.55,0.5,12,0.9473684210526315
0.5570175438596491,0.22807017543859648,0.20562304317756286,0.40789473684210525,0.017543859649122806,0.4824561403508772,0.7417453778750687,low,0.55,0.5,13,0.9473684210526315
0.5219298245614035,0.2719298245614035,0.6610578445701145,0.4473684210526316,0.021929824561403508,0.5043859649122807,0.286310576482517,low,0.55,0.5,14,0.9473684210526315
0.5570175438596491,0.22807017543859648,0.5090687504315158,0.40789473684210525,0.021929824561403508,0.5789473684210527,0.43829967062111574,low,0.55,0.5,15,0.9473684210526315
0.5701754385964912,0.24561403508771928,0.4606291739964635,0.40789473684210525,0.03070175438596491,0.5657894736842105,0.486739247056168,low,0.55,0.5,16,0.9473684210526315
0.5964912280701754,0.25,0.24514448818282608,0.37280701754385964,0.021929824561403508,0.6096491228070176,0.7022239328698054,low,0.55,0.5,17,0.9473684210526315
0.5482456140350878,0.2236842105263158,0.4974341303784248,0.42105263157894735,0.021929824561403508,0.5350877192982456,0.4499342906742067,low,0.55,0.5,18,0.9473684210526315
0.5570175438596491,0.21052631578947367,0.38993418235382793,0.42543859649122806,0.03508771929824561,0.5263157894736842,0.5574342386988036,low,0.55,0.5,19,0.9473684210526315
0.5789473684210527,0.25877192982456143,0.3912889903884814,0.39473684210526316,0.02631578947368421,0.6228070175438597,0.5560794306641501,low,0.55,0.5,20,0.9473684210526315
0.4956140350877193,0.21929824561403508,0.3438694995894678,0.4649122807017544,0.013157894736842105,0.4692982456140351,0.6034989214631638,low,0.55,0.5,21,0.9473684210526315
0.5657894736842105,0.25,0.362439493042055,0.41228070175438597,0.03070175438596491,0.5482456140350878,0.5849289280105765,low,0.55,0.5,22,0.9473684210526315
0.5131578947368421,0.21929824561403508,0.4558695416591644,0.4649122807017544,0.03070175438596491,0.5131578947368421,0.49149887939346715,low,0.55,0.5,23,0.9473684210526315
0.5131578947368421,0.2412280701754386,0.31156819309131634,0.4605263157894737,0.03070175438596491,0.5087719298245614,0.6358002279613152,low,0.55,0.5,24,0.9473684210526315
0.5307017543859649,0.21052631578947367,0.3916964869384608,0.44298245614035087,0.02631578947368421,0.5043859649122807,0.5556719341141707,low,0.55,0.5,25,0.9473684210526315
0.5394736842105263,0.2719298245614035,0.6398122846488961,0.4298245614035088,0.021929824561403508,0.5964912280701754,0.30755613640373547,low,0.55,0.5,26,0.9473684210526315
0.5043859649122807,0.23684210526315788,0.6623831909467518,0.4780701754385965,0.03508771929824561,0.49122807017543857,0.2849852301058797,low,0.55,0.5,27,0.9473684210526315
0.5350877192982456,0.2631578947368421,0.2654756949148164,0.4473684210526316,0.03508771929824561,0.5350877192982456,0.6818927261378152,low,0.55,0.5,28,0.9473684210526315
0.5263157894736842,0.25877192982456143,0.47413919392962245,0.44298245614035087,0.021929824561403508,0.5350877192982456,0.4732292271230091,low,0.55,0.5,29,0.9473684210526315
0.6052631578947368,0.20614035087719298,0.5798619077835514,0.37280701754385964,0.03070175438596491,0.618421052631579,0.3675065132690801,low,0.55,0.55,0,0.9473684210526315
0.631578947368421,0.2324561403508772,0.5557935285337382,0.34210526315789475,0.02631578947368421,0.6535087719298246,0.3915748925188933,low,0.55,0.55,1,0.9473684210526315
0.5219298245614035,0.2149122807017544,0.42331337961123383,0.4473684210526316,0.021929824561403508,0.5,0.5240550414413977,low,0.55,0.55,2,0.9473684210526315
0.47368421052631576,0.27631578947368424,0.6485741327730679,0.5,0.02631578947368421,0.4824561403508772,0.2987942882795636,low,0.55,0.55,3,0.9473684210526315
0.5307017543859649,0.2631578947368421,0.33176092780037014,0.43859649122807015,0.021929824561403508,0.5175438596491229,0.6156074932522614,low,0.55,0.55,4,0.9473684210526315
0.5131578947368421,0.20614035087719298,0.3791119437502338,0.4517543859649123,0.017543859649122806,0.4780701754385965,0.5682564773023977,low,0.55,0.55,5,0.9473684210526315
0.5219298245614035,0.2324561403508772,0.35036836484107026,0.4517543859649123,0.02631578947368421,0.4956140350877193,0.5970000562115613,low,0.55,0.55,6,0.9473684210526315
0.5131578947368421,0.22807017543859648,0.3842529248071044,0.4692982456140351,0.03508771929824561,0.5263157894736842,0.5631154962455271,low,0.55,0.55,7,0.9473684210526315
0.5219298245614035,0.2412280701754386,0.4412267431306862,0.4473684210526316,0.021929824561403508,0.5043859649122807,0.5061416779219453,low,0.55,0.55,8,0.9473684210526315
0.5964912280701754,0.2236842105263158,0.30287862469382776,0.37719298245614036,0.02631578947368421,0.6008771929824561,0.6444897963588038,low,0.55,0.55,9,0.9473684210526315
0.5614035087719298,0.22807017543859648,0.29187515722904334,0.42105263157894735,0.03508771929824561,0.5307017543859649,0.6554932638235882,low,0.55,0.55,10,0.9473684210526315
0.5482456140350878,0.21929824561403508,0.5200759584306587,0.42543859649122806,0.02631578947368421,0.5482456140350878,0.42729246262197285,low,0.55,0.55,11,0.9473684210526315
0.5482456140350878,0.25877192982456143,0.5492706674688781,0.4342105263157895,0.03508771929824561,0.5614035087719298,0.3980977535837534,low,0.55,0.55,12,0.9473684210526315
0.5570175438596491,0.22807017543859648,0.20562304317756286,0.40789473684210525,0.017543859649122806,0.4824561403508772,0.7417453778750687,low,0.55,0.55,13,0.9473684210526315
0.5219298245614035,0.2719298245614035,0.6610578445701145,0.4473684210526316,0.021929824561403508,0.5043859649122807,0.286310576482517,low,0.55,0.55,14,0.9473684210526315
0.5570175438596491,0.22807017543859648,0.5090687506233278,0.41228070175438597,0.021929824561403508,0.5745614035087719,0.43829967042930373,low,0.55,0.55,15,0.9473684210526315
0.5701754385964912,0.24561403508771928,0.4606291739964635,0.40789473684210525,0.03070175438596491,0.5657894736842105,0.486739247056168,low,0.55,0.55,16,0.9473684210526315
0.5964912280701754,0.25,0.24514448818282608,0.37280701754385964,0.021929824561403508,0.6096491228070176,0.7022239328698054,low,0.55,0.55,17,0.9473684210526315
0.5482456140350878,0.2236842105263158,0.4974341303784248,0.42105263157894735,0.021929824561403508,0.5350877192982456,0.4499342906742067,low,0.55,0.55,18,0.9473684210526315
0.5526315789473685,0.21052631578947367,0.38993418254563994,0.4298245614035088,0.03508771929824561,0.5219298245614035,0.5574342385069916,low,0.55,0.55,19,0.9473684210526315
0.5745614035087719,0.25877192982456143,0.3912889905802934,0.3991228070175439,0.02631578947368421,0.618421052631579,0.5560794304723381,low,0.55,0.55,20,0.9473684210526315
0.4956140350877193,0.21929824561403508,0.3438694995894678,0.4649122807017544,0.013157894736842105,0.4692982456140351,0.6034989214631638,low,0.55,0.55,21,0.9473684210526315
0.5657894736842105,0.25,0.362439493042055,0.41228070175438597,0.03070175438596491,0.5482456140350878,0.5849289280105765,low,0.55,0.55,22,0.9473684210526315
0.5131578947368421,0.21929824561403508,0.4558695416591644,0.4649122807017544,0.03070175438596491,0.5131578947368421,0.49149887939346715,low,0.55,0.55,23,0.9473684210526315
0.5131578947368421,0.23684210526315788,0.31156819328312835,0.4649122807017544,0.03070175438596491,0.5043859649122807,0.6358002277695032,low,0.55,0.55,24,0.9473684210526315
0.5263157894736842,0.2149122807017544,0.3916964871302727,0.4473684210526316,0.02631578947368421,0.49122807017543857,0.5556719339223588,low,0.55,0.55,25,0.9473684210526315
0.5394736842105263,0.2719298245614035,0.6398122846488961,0.4298245614035088,0.021929824561403508,0.5964912280701754,0.30755613640373547,low,0.55,0.55,26,0.9473684210526315
0.5,0.2412280701754386,0.6623831911385638,0.4824561403508772,0.03508771929824561,0.49122807017543857,0.2849852299140677,low,0.55,0.55,27,0.9473684210526315
0.5307017543859649,0.2675438596491228,0.2654756951066285,0.4517543859649123,0.03508771929824561,0.5350877192982456,0.681892725946003,low,0.55,0.55,28,0.9473684210526315
0.5263157894736842,0.25877192982456143,0.47413919392962245,0.44298245614035087,0.021929824561403508,0.5350877192982456,0.4732292271230091,low,0.55,0.55,29,0.9473684210526315
0.6052631578947368,0.20614035087719298,0.5798619077835514,0.37280701754385964,0.03070175438596491,0.618421052631579,0.3675065132690801,low,0.55,0.6,0,0.9473684210526315
0.631578947368421,0.2324561403508772,0.5557935285337382,0.34210526315789475,0.02631578947368421,0.6535087719298246,0.3915748925188933,low,0.55,0.6,1,0.9473684210526315
0.5219298245614035,0.2149122807017544,0.42331337961123383,0.4473684210526316,0.021929824561403508,0.5,0.5240550414413977,low,0.55,0.6,2,0.9473684210526315
0.47368421052631576,0.27631578947368424,0.6485741327730679,0.5,0.02631578947368421,0.4824561403508772,0.2987942882795636,low,0.55,0.6,3,0.9473684210526315
0.5307017543859649,0.2631578947368421,0.33176092780037014,0.43859649122807015,0.021929824561403508,0.5175438596491229,0.6156074932522614,low,0.55,0.6,4,0.9473684210526315
0.5131578947368421,0.20614035087719298,0.3791119437502338,0.4517543859649123,0.017543859649122806,0.4780701754385965,0.5682564773023977,low,0.55,0.6,5,0.9473684210526315
0.5219298245614035,0.2324561403508772,0.35036836484107026,0.4517543859649123,0.02631578947368421,0.4956140350877193,0.5970000562115613,low,0.55,0.6,6,0.9473684210526315
0.5131578947368421,0.22807017543859648,0.3842529248071044,0.4692982456140351,0.03508771929824561,0.5263157894736842,0.5631154962455271,low,0.55,0.6,7,0.9473684210526315
0.5219298245614035,0.2412280701754386,0.4412267431306862,0.4473684210526316,0.021929824561403508,0.5043859649122807,0.5061416779219453,low,0.55,0.6,8,0.9473684210526315
0.5964912280701754,0.2236842105263158,0.30287862469382776,0.37719298245614036,0.02631578947368421,0.6008771929824561,0.6444897963588038,low,0.55,0.6,9,0.9473684210526315
0.5614035087719298,0.22807017543859648,0.29187515722904334,0.42105263157894735,0.03508771929824561,0.5307017543859649,0.6554932638235882,low,0.55,0.6,10,0.9473684210526315
0.5482456140350878,0.21929824561403508,0.5200759584306587,0.42543859649122806,0.02631578947368421,0.5482456140350878,0.42729246262197285,low,0.55,0.6,11,0.9473684210526315
0.5482456140350878,0.25877192982456143,0.5492706674688781,0.4342105263157895,0.03508771929824561,0.5614035087719298,0.3980977535837534,low,0.55,0.6,12,0.9473684210526315
0.5570175438596491,0.22807017543859648,0.20562304317756286,0.40789473684210525,0.017543859649122806,0.4824561403508772,0.7417453778750687,low,0.55,0.6,13,0.9473684210526315
0.5219298245614035,0.2719298245614035,0.6610578445701145,0.4473684210526316,0.021929824561403508,0.5043859649122807,0.286310576482517,low,0.55,0.6,14,0.9473684210526315
0.5570175438596491,0.22807017543859648,0.5090687506233278,0.41228070175438597,0.021929824561403508,0.5745614035087719,0.43829967042930373,low,0.55,0.6,15,0.9473684210526315
0.5701754385964912,0.24561403508771928,0.4606291739964635,0.40789473684210525,0.03070175438596491,0.5657894736842105,0.486739247056168,low,0.55,0.6,16,0.9473684210526315
0.5964912280701754,0.25,0.24514448818282608,0.37280701754385964,0.021929824561403508,0.6096491228070176,0.7022239328698054,low,0.55,0.6,17,0.9473684210526315
0.5482456140350878,0.2236842105263158,0.4974341303784248,0.42105263157894735,0.021929824561403508,0.5350877192982456,0.4499342906742067,low,0.55,0.6,18,0.9473684210526315
0.5526315789473685,0.21052631578947367,0.38993418254563994,0.4298245614035088,0.03508771929824561,0.5219298245614035,0.5574342385069916,low,0.55,0.6,19,0.9473684210526315
0.5745614035087719,0.25877192982456143,0.3912889905802934,0.3991228070175439,0.02631578947368421,0.618421052631579,0.5560794304723381,low,0.55,0.6,20,0.9473684210526315
0.4956140350877193,0.21929824561403508,0.3438694995894678,0.4649122807017544,0.013157894736842105,0.4692982456140351,0.6034989214631638,low,0.55,0.6,21,0.9473684210526315
0.5657894736842105,0.25,0.362439493042055,0.41228070175438597,0.03070175438596491,0.5482456140350878,0.5849289280105765,low,0.55,0.6,22,0.9473684210526315
0.5131578947368421,0.21929824561403508,0.4558695416591644,0.4649122807017544,0.03070175438596491,0.5131578947368421,0.49149887939346715,low,0.55,0.6,23,0.9473684210526315
0.5131578947368421,0.23684210526315788,0.31156819328312835,0.4649122807017544,0.03070175438596491,0.5043859649122807,0.6358002277695032,low,0.55,0.6,24,0.9473684210526315
0.5263157894736842,0.2149122807017544,0.3916964871302727,0.4473684210526316,0.02631578947368421,0.49122807017543857,0.5556719339223588,low,0.55,0.6,25,0.9473684210526315
0.5394736842105263,0.2719298245614035,0.6398122846488961,0.4298245614035088,0.021929824561403508,0.5964912280701754,0.30755613640373547,low,0.55,0.6,26,0.9473684210526315
0.5,0.2412280701754386,0.6623831911385638,0.4824561403508772,0.03508771929824561,0.49122807017543857,0.2849852299140677,low,0.55,0.6,27,0.9473684210526315
0.5307017543859649,0.2675438596491228,0.2654756951066285,0.4517543859649123,0.03508771929824561,0.5350877192982456,0.681892725946003,low,0.55,0.6,28,0.9473684210526315
0.5263157894736842,0.25877192982456143,0.47413919392962245,0.44298245614035087,0.021929824561403508,0.5350877192982456,0.4732292271230091,low,0.55,0.6,29,0.9473684210526315
0.6052631578947368,0.20614035087719298,0.5798619077835514,0.37280701754385964,0.03070175438596491,0.618421052631579,0.3675065132690801,low,0.55,0.7,0,0.9473684210526315
0.631578947368421,0.2324561403508772,0.5557935285337382,0.34210526315789475,0.02631578947368421,0.6535087719298246,0.3915748925188933,low,0.55,0.7,1,0.9473684210526315
0.5219298245614035,0.2149122807017544,0.42331337961123383,0.4473684210526316,0.021929824561403508,0.5,0.5240550414413977,low,0.55,0.7,2,0.9473684210526315
0.47368421052631576,0.27631578947368424,0.6485741327730679,0.5,0.02631578947368421,0.4824561403508772,0.2987942882795636,low,0.55,0.7,3,0.9473684210526315
0.5307017543859649,0.2631578947368421,0.33176092780037014,0.43859649122807015,0.021929824561403508,0.5175438596491229,0.6156074932522614,low,0.55,0.7,4,0.9473684210526315
0.5131578947368421,0.20614035087719298,0.3791119437502338,0.4517543859649123,0.017543859649122806,0.4780701754385965,0.5682564773023977,low,0.55,0.7,5,0.9473684210526315
0.5219298245614035,0.2324561403508772,0.35036836484107026,0.4517543859649123,0.02631578947368421,0.4956140350877193,0.5970000562115613,low,0.55,0.7,6,0.9473684210526315
0.5131578947368421,0.22807017543859648,0.3842529248071044,0.4692982456140351,0.03508771929824561,0.5263157894736842,0.5631154962455271,low,0.55,0.7,7,0.9473684210526315
0.5219298245614035,0.2412280701754386,0.4412267431306862,0.4473684210526316,0.021929824561403508,0.5043859649122807,0.5061416779219453,low,0.55,0.7,8,0.9473684210526315
0.5964912280701754,0.2236842105263158,0.30287862469382776,0.37719298245614036,0.02631578947368421,0.6008771929824561,0.6444897963588038,low,0.55,0.7,9,0.9473684210526315
0.5614035087719298,0.22807017543859648,0.29187515722904334,0.42105263157894735,0.03508771929824561,0.5307017543859649,0.6554932638235882,low,0.55,0.7,10,0.9473684210526315
0.5482456140350878,0.21929824561403508,0.5200759584306587,0.42543859649122806,0.02631578947368421,0.5482456140350878,0.42729246262197285,low,0.55,0.7,11,0.9473684210526315
0.5482456140350878,0.25877192982456143,0.5492706674688781,0.4342105263157895,0.03508771929824561,0.5614035087719298,0.3980977535837534,low,0.55,0.7,12,0.9473684210526315
0.5570175438596491,0.22807017543859648,0.20562304317756286,0.40789473684210525,0.017543859649122806,0.4824561403508772,0.7417453778750687,low,0.55,0.7,13,0.9473684210526315
0.5219298245614035,0.2719298245614035,0.6610578445701145,0.4473684210526316,0.021929824561403508,0.5043859649122807,0.286310576482517,low,0.55,0.7,14,0.9473684210526315
0.5570175438596491,0.22807017543859648,0.5090687506233278,0.41228070175438597,0.021929824561403508,0.5745614035087719,0.43829967042930373,low,0.55,0.7,15,0.9473684210526315
0.5701754385964912,0.24561403508771928,0.4606291739964635,0.40789473684210525,0.03070175438596491,0.5657894736842105,0.486739247056168,low,0.55,0.7,16,0.9473684210526315
0.5964912280701754,0.25,0.24514448818282608,0.37280701754385964,0.021929824561403508,0.6096491228070176,0.7022239328698054,low,0.55,0.7,17,0.9473684210526315
0.5482456140350878,0.2236842105263158,0.4974341303784248,0.42105263157894735,0.021929824561403508,0.5350877192982456,0.4499342906742067,low,0.55,0.7,18,0.9473684210526315
0.5526315789473685,0.21052631578947367,0.38993418254563994,0.4298245614035088,0.03508771929824561,0.5219298245614035,0.5574342385069916,low,0.55,0.7,19,0.9473684210526315
0.5745614035087719,0.25877192982456143,0.3912889905802934,0.3991228070175439,0.02631578947368421,0.618421052631579,0.5560794304723381,low,0.55,0.7,20,0.9473684210526315
0.4956140350877193,0.21929824561403508,0.3438694995894678,0.4649122807017544,0.013157894736842105,0.4692982456140351,0.6034989214631638,low,0.55,0.7,21,0.9473684210526315
0.5657894736842105,0.25,0.362439493042055,0.41228070175438597,0.03070175438596491,0.5482456140350878,0.5849289280105765,low,0.55,0.7,22,0.9473684210526315
0.5131578947368421,0.21929824561403508,0.4558695416591644,0.4649122807017544,0.03070175438596491,0.5131578947368421,0.49149887939346715,low,0.55,0.7,23,0.9473684210526315
0.5131578947368421,0.23684210526315788,0.31156819328312835,0.4649122807017544,0.03070175438596491,0.5043859649122807,0.6358002277695032,low,0.55,0.7,24,0.9473684210526315
0.5263157894736842,0.2149122807017544,0.3916964871302727,0.4473684210526316,0.02631578947368421,0.49122807017543857,0.5556719339223588,low,0.55,0.7,25,0.9473684210526315
0.5394736842105263,0.2719298245614035,0.6398122846488961,0.4298245614035088,0.021929824561403508,0.5964912280701754,0.30755613640373547,low,0.55,0.7,26,0.9473684210526315
0.5,0.2412280701754386,0.6623831911385638,0.4824561403508772,0.03508771929824561,0.49122807017543857,0.2849852299140677,low,0.55,0.7,27,0.9473684210526315
0.5307017543859649,0.2675438596491228,0.2654756951066285,0.4517543859649123,0.03508771929824561,0.5350877192982456,0.681892725946003,low,0.55,0.7,28,0.9473684210526315
0.5263157894736842,0.25877192982456143,0.47413919392962245,0.44298245614035087,0.021929824561403508,0.5350877192982456,0.4732292271230091,low,0.55,0.7,29,0.9473684210526315
0.6052631578947368,0.20614035087719298,0.5798619077835514,0.37280701754385964,0.03070175438596491,0.618421052631579,0.3675065132690801,low,0.55,0.85,0,0.9473684210526315
0.631578947368421,0.2324561403508772,0.5557935285337382,0.34210526315789475,0.02631578947368421,0.6535087719298246,0.3915748925188933,low,0.55,0.85,1,0.9473684210526315
0.5219298245614035,0.2149122807017544,0.42331337961123383,0.4473684210526316,0.021929824561403508,0.5,0.5240550414413977,low,0.55,0.85,2,0.9473684210526315
0.47368421052631576,0.27631578947368424,0.6485741327730679,0.5,0.02631578947368421,0.4824561403508772,0.2987942882795636,low,0.55,0.85,3,0.9473684210526315
0.5307017543859649,0.2631578947368421,0.33176092780037014,0.43859649122807015,0.021929824561403508,0.5175438596491229,0.6156074932522614,low,0.55,0.85,4,0.9473684210526315
0.5131578947368421,0.20614035087719298,0.3791119437502338,0.4517543859649123,0.017543859649122806,0.4780701754385965,0.5682564773023977,low,0.55,0.85,5,0.9473684210526315
0.5219298245614035,0.2324561403508772,0.35036836484107026,0.4517543859649123,0.02631578947368421,0.4956140350877193,0.5970000562115613,low,0.55,0.85,6,0.9473684210526315
0.5131578947368421,0.22807017543859648,0.3842529248071044,0.4692982456140351,0.03508771929824561,0.5263157894736842,0.5631154962455271,low,0.55,0.85,7,0.9473684210526315
0.5219298245614035,0.2412280701754386,0.4412267431306862,0.4473684210526316,0.021929824561403508,0.5043859649122807,0.5061416779219453,low,0.55,0.85,8,0.9473684210526315
0.5964912280701754,0.2236842105263158,0.30287862469382776,0.37719298245614036,0.02631578947368421,0.6008771929824561,0.6444897963588038,low,0.55,0.85,9,0.9473684210526315
0.5614035087719298,0.22807017543859648,0.29187515722904334,0.42105263157894735,0.03508771929824561,0.5307017543859649,0.6554932638235882,low,0.55,0.85,10,0.9473684210526315
0.5482456140350878,0.21929824561403508,0.5200759584306587,0.42543859649122806,0.02631578947368421,0.5482456140350878,0.42729246262197285,low,0.55,0.85,11,0.9473684210526315
0.5482456140350878,0.25877192982456143,0.5492706674688781,0.4342105263157895,0.03508771929824561,0.5614035087719298,0.3980977535837534,low,0.55,0.85,12,0.9473684210526315
0.5570175438596491,0.22807017543859648,0.20562304317756286,0.40789473684210525,0.017543859649122806,0.4824561403508772,0.7417453778750687,low,0.55,0.85,13,0.9473684210526315
0.5219298245614035,0.2719298245614035,0.6610578445701145,0.4473684210526316,0.021929824561403508,0.5043859649122807,0.286310576482517,low,0.55,0.85,14,0.9473684210526315
0.5570175438596491,0.22807017543859648,0.5090687506233278,0.41228070175438597,0.021929824561403508,0.5745614035087719,0.43829967042930373,low,0.55,0.85,15,0.9473684210526315
0.5701754385964912,0.24561403508771928,0.4606291739964635,0.40789473684210525,0.03070175438596491,0.5657894736842105,0.486739247056168,low,0.55,0.85,16,0.9473684210526315
0.5964912280701754,0.25,0.24514448818282608,0.37280701754385964,0.021929824561403508,0.6096491228070176,0.7022239328698054,low,0.55,0.85,17,0.9473684210526315
0.5482456140350878,0.2236842105263158,0.4974341303784248,0.42105263157894735,0.021929824561403508,0.5350877192982456,0.4499342906742067,low,0.55,0.85,18,0.9473684210526315
0.5526315789473685,0.21052631578947367,0.38993418254563994,0.4298245614035088,0.03508771929824561,0.5219298245614035,0.5574342385069916,low,0.55,0.85,19,0.9473684210526315
0.5745614035087719,0.25877192982456143,0.3912889905802934,0.3991228070175439,0.02631578947368421,0.618421052631579,0.5560794304723381,low,0.55,0.85,20,0.9473684210526315
0.4956140350877193,0.21929824561403508,0.3438694995894678,0.4649122807017544,0.013157894736842105,0.4692982456140351,0.6034989214631638,low,0.55,0.85,21,0.9473684210526315
0.5657894736842105,0.25,0.362439493042055,0.41228070175438597,0.03070175438596491,0.5482456140350878,0.5849289280105765,low,0.55,0.85,22,0.9473684210526315
0.5131578947368421,0.21929824561403508,0.4558695416591644,0.4649122807017544,0.03070175438596491,0.5131578947368421,0.49149887939346715,low,0.55,0.85,23,0.9473684210526315
0.5131578947368421,0.23684210526315788,0.31156819328312835,0.4649122807017544,0.03070175438596491,0.5043859649122807,0.6358002277695032,low,0.55,0.85,24,0.9473684210526315
0.5263157894736842,0.2149122807017544,0.3916964871302727,0.4473684210526316,0.02631578947368421,0.49122807017543857,0.5556719339223588,low,0.55,0.85,25,0.9473684210526315
0.5394736842105263,0.2719298245614035,0.6398122846488961,0.4298245614035088,0.021929824561403508,0.5964912280701754,0.30755613640373547,low,0.55,0.85,26,0.9473684210526315
0.5,0.2412280701754386,0.6623831911385638,0.4824561403508772,0.03508771929824561,0.49122807017543857,0.2849852299140677,low,0.55,0.85,27,0.9473684210526315
0.5307017543859649,0.2675438596491228,0.2654756951066285,0.4517543859649123,0.03508771929824561,0.5350877192982456,0.681892725946003,low,0.55,0.85,28,0.9473684210526315
0.5263157894736842,0.25877192982456143,0.47413919392962245,0.44298245614035087,0.021929824561403508,0.5350877192982456,0.4732292271230091,low,0.55,0.85,29,0.9473684210526315
0.6052631578947368,0.20614035087719298,0.5798619077835514,0.37280701754385964,0.03070175438596491,0.618421052631579,0.3675065132690801,low,0.55,1.0,0,0.9473684210526315
0.631578947368421,0.2324561403508772,0.5557935285337382,0.34210526315789475,0.02631578947368421,0.6535087719298246,0.3915748925188933,low,0.55,1.0,1,0.9473684210526315
0.5219298245614035,0.2149122807017544,0.42331337961123383,0.4473684210526316,0.021929824561403508,0.5,0.5240550414413977,low,0.55,1.0,2,0.9473684210526315
0.47368421052631576,0.27631578947368424,0.6485741327730679,0.5,0.02631578947368421,0.4824561403508772,0.2987942882795636,low,0.55,1.0,3,0.9473684210526315
0.5307017543859649,0.2631578947368421,0.33176092780037014,0.43859649122807015,0.021929824561403508,0.5175438596491229,0.6156074932522614,low,0.55,1.0,4,0.9473684210526315
0.5131578947368421,0.20614035087719298,0.3791119437502338,0.4517543859649123,0.017543859649122806,0.4780701754385965,0.5682564773023977,low,0.55,1.0,5,0.9473684210526315
0.5219298245614035,0.2324561403508772,0.35036836484107026,0.4517543859649123,0.02631578947368421,0.4956140350877193,0.5970000562115613,low,0.55,1.0,6,0.9473684210526315
0.5131578947368421,0.22807017543859648,0.3842529248071044,0.4692982456140351,0.03508771929824561,0.5263157894736842,0.5631154962455271,low,0.55,1.0,7,0.9473684210526315
0.5219298245614035,0.2412280701754386,0.4412267431306862,0.4473684210526316,0.021929824561403508,0.5043859649122807,0.5061416779219453,low,0.55,1.0,8,0.9473684210526315
0.5964912280701754,0.2236842105263158,0.30287862469382776,0.37719298245614036,0.02631578947368421,0.6008771929824561,0.6444897963588038,low,0.55,1.0,9,0.9473684210526315
0.5614035087719298,0.22807017543859648,0.29187515722904334,0.42105263157894735,0.03508771929824561,0.5307017543859649,0.6554932638235882,low,0.55,1.0,10,0.9473684210526315
0.5482456140350878,0.21929824561403508,0.5200759584306587,0.42543859649122806,0.02631578947368421,0.5482456140350878,0.42729246262197285,low,0.55,1.0,11,0.9473684210526315
0.5482456140350878,0.25877192982456143,0.5492706674688781,0.4342105263157895,0.03508771929824561,0.5614035087719298,0.3980977535837534,low,0.55,1.0,12,0.9473684210526315
0.5570175438596491,0.22807017543859648,0.20562304317756286,0.40789473684210525,0.017543859649122806,0.4824561403508772,0.7417453778750687,low,0.55,1.0,13,0.9473684210526315
0.5219298245614035,0.2719298245614035,0.6610578445701145,0.4473684210526316,0.021929824561403508,0.5043859649122807,0.286310576482517,low,0.55,1.0,14,0.9473684210526315
0.5570175438596491,0.22807017543859648,0.5090687506233278,0.41228070175438597,0.021929824561403508,0.5745614035087719,0.43829967042930373,low,0.55,1.0,15,0.9473684210526315
0.5701754385964912,0.24561403508771928,0.4606291739964635,0.40789473684210525,0.03070175438596491,0.5657894736842105,0.486739247056168,low,0.55,1.0,16,0.9473684210526315
0.5964912280701754,0.25,0.24514448818282608,0.37280701754385964,0.021929824561403508,0.6096491228070176,0.7022239328698054,low,0.55,1.0,17,0.9473684210526315
0.5482456140350878,0.2236842105263158,0.4974341303784248,0.42105263157894735,0.021929824561403508,0.5350877192982456,0.4499342906742067,low,0.55,1.0,18,0.9473684210526315
0.5526315789473685,0.21052631578947367,0.38993418254563994,0.4298245614035088,0.03508771929824561,0.5219298245614035,0.5574342385069916,low,0.55,1.0,19,0.9473684210526315
0.5745614035087719,0.25877192982456143,0.3912889905802934,0.3991228070175439,0.02631578947368421,0.618421052631579,0.5560794304723381,low,0.55,1.0,20,0.9473684210526315
0.4956140350877193,0.21929824561403508,0.3438694995894678,0.4649122807017544,0.013157894736842105,0.4692982456140351,0.6034989214631638,low,0.55,1.0,21,0.9473684210526315
0.5657894736842105,0.25,0.362439493042055,0.41228070175438597,0.03070175438596491,0.5482456140350878,0.5849289280105765,low,0.55,1.0,22,0.9473684210526315
0.5131578947368421,0.21929824561403508,0.4558695416591644,0.4649122807017544,0.03070175438596491,0.5131578947368421,0.49149887939346715,low,0.55,1.0,23,0.9473684210526315
0.5131578947368421,0.23684210526315788,0.31156819328312835,0.4649122807017544,0.03070175438596491,0.5043859649122807,0.6358002277695032,low,0.55,1.0,24,0.9473684210526315
0.5263157894736842,0.2149122807017544,0.3916964871302727,0.4473684210526316,0.02631578947368421,0.49122807017543857,0.5556719339223588,low,0.55,1.0,25,0.9473684210526315
0.5394736842105263,0.2719298245614035,0.6398122846488961,0.4298245614035088,0.021929824561403508,0.5964912280701754,0.30755613640373547,low,0.55,1.0,26,0.9473684210526315
0.5,0.2412280701754386,0.6623831911385638,0.4824561403508772,0.03508771929824561,0.49122807017543857,0.2849852299140677,low,0.55,1.0,27,0.9473684210526315
0.5307017543859649,0.2675438596491228,0.2654756951066285,0.4517543859649123,0.03508771929824561,0.5350877192982456,0.681892725946003,low,0.55,1.0,28,0.9473684210526315
0.5263157894736842,0.25877192982456143,0.47413919392962245,0.44298245614035087,0.021929824561403508,0.5350877192982456,0.4732292271230091,low,0.55,1.0,29,0.9473684210526315
0.9385964912280702,0.03508771929824561,0.051437550686336375,0.0,0.0,0.9298245614035088,0.9988059717389679,medium,0.7,0.0,0,0.9473684210526315
0.9342105263157895,0.03070175438596491,0.051437550686336375,0.0,0.0,0.9210526315789473,0.9988059717389679,medium,0.7,0.0,1,0.9473684210526315
0.9298245614035088,0.03070175438596491,0.051437550686336375,0.0,0.0,0.9342105263157895,0.9988059717389679,medium,0.7,0.0,2,0.9473684210526315
0.9298245614035088,0.02631578947368421,0.051437550686336375,0.0,0.0,0.8947368421052632,0.9988059717389679,medium,0.7,0.0,3,0.9473684210526315
0.9429824561403509,0.017543859649122806,0.051437550686336375,0.0,0.0,0.9122807017543859,0.9988059717389679,medium,0.7,0.0,4,0.9473684210526315
0.9254385964912281,0.013157894736842105,0.051437550686336375,0.0,0.0,0.9473684210526315,0.9988059717389679,medium,0.7,0.0,5,0.9473684210526315
0.9298245614035088,0.03070175438596491,0.051437550686336375,0.0,0.0,0.9429824561403509,0.9988059717389679,medium,0.7,0.0,6,0.9473684210526315
0.9166666666666666,0.039473684210526314,0.051437550686336375,0.0,0.0,0.9385964912280702,0.9988059717389679,medium,0.7,0.0,7,0.9473684210526315
0.9298245614035088,0.021929824561403508,0.051437550686336375,0.0,0.0,0.9210526315789473,0.9988059717389679,medium,0.7,0.0,8,0.9473684210526315
0.9473684210526315,0.02631578947368421,0.051437550686336375,0.0,0.0,0.9342105263157895,0.9988059717389679,medium,0.7,0.0,9,0.9473684210526315
0.9473684210526315,0.03070175438596491,0.051437550686336375,0.0,0.0,0.9473684210526315,0.9988059717389679,medium,0.7,0.0,10,0.9473684210526315
0.9254385964912281,0.02631578947368421,0.051437550686336375,0.0,0.0,0.9210526315789473,0.9988059717389679,medium,0.7,0.0,11,0.9473684210526315
0.9385964912280702,0.03070175438596491,0.051437550686336375,0.0,0.0,0.9385964912280702,0.9988059717389679,medium,0.7,0.0,12,0.9473684210526315
0.9342105263157895,0.021929824561403508,0.051437550686336375,0.0,0.0,0.9385964912280702,0.9988059717389679,medium,0.7,0.0,13,0.9473684210526315
0.9385964912280702,0.017543859649122806,0.051437550686336375,0.0,0.0,0.9254385964912281,0.9988059717389679,medium,0.7,0.0,14,0.9473684210526315
0.9298245614035088,0.03070175438596491,0.051437550686336375,0.0,0.0,0.9429824561403509,0.9988059717389679,medium,0.7,0.0,15,0.9473684210526315
0.9342105263157895,0.03508771929824561,0.051437550686336375,0.0,0.0,0.9385964912280702,0.9988059717389679,medium,0.7,0.0,16,0.9473684210526315
0.9298245614035088,0.02631578947368421,0.051437550686336375,0.0,0.0,0.9605263157894737,0.9988059717389679,medium,0.7,0.0,17,0.9473684210526315
0.9166666666666666,0.03070175438596491,0.051437550686336375,0.0,0.0,0.9254385964912281,0.9988059717389679,medium,0.7,0.0,18,0.9473684210526315
0.9166666666666666,0.03070175438596491,0.051437550686336375,0.0,0.0,0.9122807017543859,0.9988059717389679,medium,0.7,0.0,19,0.9473684210526315
0.9254385964912281,0.03070175438596491,0.051437550686336375,0.0,0.0,0.956140350877193,0.9988059717389679,medium,0.7,0.0,20,0.9473684210526315
0.9298245614035088,0.017543859649122806,0.051437550686336375,0.0,0.0,0.9298245614035088,0.9988059717389679,medium,0.7,0.0,21,0.9473684210526315
0.9298245614035088,0.02631578947368421,0.051437550686336375,0.0,0.0,0.9166666666666666,0.9988059717389679,medium,0.7,0.0,22,0.9473684210526315
0.9429824561403509,0.039473684210526314,0.051437550686336375,0.0,0.0,0.9824561403508771,0.9988059717389679,medium,0.7,0.0,23,0.9473684210526315
0.9342105263157895,0.021929824561403508,0.051437550686336375,0.0,0.0,0.9342105263157895,0.9988059717389679,medium,0.7,0.0,24,0.9473684210526315
0.9254385964912281,0.03508771929824561,0.051437550686336375,0.0,0.0,0.9385964912280702,0.9988059717389679,medium,0.7,0.0,25,0.9473684210526315
0.9429824561403509,0.021929824561403508,0.051437550686336375,0.0,0.0,0.956140350877193,0.9988059717389679,medium,0.7,0.0,26,0.9473684210526315
0.9342105263157895,0.03070175438596491,0.051437550686336375,0.0,0.0,0.9298245614035088,0.9988059717389679,medium,0.7,0.0,27,0.9473684210526315
0.9298245614035088,0.03508771929824561,0.051437550686336375,0.0,0.0,0.9473684210526315,0.9988059717389679,medium,0.7,0.0,28,0.9473684210526315
0.9385964912280702,0.03070175438596491,0.051437550686336375,0.0,0.0,0.9298245614035088,0.9988059717389679,medium,0.7,0.0,29,0.9473684210526315
0.9429824561403509,0.03070175438596491,0.05226453425205024,0.0043859649122807015,0.0043859649122807015,0.9298245614035088,0.9996329553046818,medium,0.7,0.1,0,0.9473684210526315
0.9342105263157895,0.03070175438596491,0.051437550686336375,0.0,0.0,0.9210526315789473,0.9988059717389679,medium,0.7,0.1,1,0.9473684210526315
0.9254385964912281,0.03508771929824561,0.05226453425205024,0.008771929824561403,0.0043859649122807015,0.9342105263157895,0.9996329553046818,medium,0.7,0.1,2,0.9473684210526315
0.9254385964912281,0.02631578947368421,0.05143755068634226,0.0043859649122807015,0.0043859649122807015,0.8947368421052632,0.9988059717389738,medium,0.7,0.1,3,0.9473684210526315
0.9429824561403509,0.017543859649122806,0.0522645342574275,0.0043859649122807015,0.008771929824561403,0.9166666666666666,0.999632955310059,medium,0.7,0.1,4,0.9473684210526315
0.9166666666666666,0.017543859649122806,0.051437550680965005,0.008771929824561403,0.0,0.9298245614035088,0.9988059717335965,medium,0.7,0.1,5,0.9473684210526315
0.9342105263157895,0.02631578947368421,0.05143755068634226,0.0,0.0043859649122807015,0.9429824561403509,0.9988059717389738,medium,0.7,0.1,6,0.9473684210526315
0.9210526315789473,0.039473684210526314,0.05226453425205024,0.0043859649122807015,0.0043859649122807015,0.9429824561403509,0.9996329553046818,medium,0.7,0.1,7,0.9473684210526315
0.9342105263157895,0.021929824561403508,0.05143755068634226,0.0,0.0043859649122807015,0.9254385964912281,0.9988059717389738,medium,0.7,0.1,8,0.9473684210526315
0.9473684210526315,0.02631578947368421,0.051437550686336375,0.0043859649122807015,0.0,0.9298245614035088,0.9988059717389679,medium,0.7,0.1,9,0.9473684210526315
0.956140350877193,0.021929824561403508,0.05226453425742761,0.0,0.008771929824561403,0.9605263157894737,0.9996329553100591,medium,0.7,0.1,10,0.9473684210526315
0.9078947368421053,0.03508771929824561,0.051437550680965005,0.008771929824561403,0.0,0.9078947368421053,0.9988059717335965,medium,0.7,0.1,11,0.9473684210526315
0.9429824561403509,0.02631578947368421,0.05226453425205613,0.0043859649122807015,0.008771929824561403,0.9429824561403509,0.9996329553046877,medium,0.7,0.1,12,0.9473684210526315
0.9298245614035088,0.02631578947368421,0.05143755068097078,0.008771929824561403,0.0043859649122807015,0.9342105263157895,0.9988059717336023,medium,0.7,0.1,13,0.9473684210526315
0.9385964912280702,0.017543859649122806,0.05226453425205024,0.0043859649122807015,0.0043859649122807015,0.9210526315789473,0.9996329553046818,medium,0.7,0.1,14,0.9473684210526315
0.9342105263157895,0.03070175438596491,0.05226453425205024,0.0043859649122807015,0.0043859649122807015,0.9429824561403509,0.9996329553046818,medium,0.7,0.1,15,0.9473684210526315
0.9429824561403509,0.03070175438596491,0.05226453425205613,0.0043859649122807015,0.008771929824561403,0.9605263157894737,0.9996329553046877,medium,0.7,0.1,16,0.9473684210526315
0.9342105263157895,0.021929824561403508,0.0522645342574275,0.0043859649122807015,0.008771929824561403,0.9649122807017544,0.999632955310059,medium,0.7,0.1,17,0.9473684210526315
0.9166666666666666,0.03508771929824561,0.05226453425205024,0.008771929824561403,0.0043859649122807015,0.9342105263157895,0.9996329553046818,medium,0.7,0.1,18,0.9473684210526315
0.9166666666666666,0.03070175438596491,0.05226453425205024,0.0043859649122807015,0.0043859649122807015,0.9078947368421053,0.9996329553046818,medium,0.7,0.1,19,0.9473684210526315
0.9254385964912281,0.03070175438596491,0.051437550686336375,0.0043859649122807015,0.0,0.9473684210526315,0.9988059717389679,medium,0.7,0.1,20,0.9473684210526315
0.9122807017543859,0.02631578947368421,0.051437550680965005,0.008771929824561403,0.0,0.9122807017543859,0.9988059717335965,medium,0.7,0.1,21,0.9473684210526315
0.9298245614035088,0.02631578947368421,0.05226453425205024,0.0043859649122807015,0.0043859649122807015,0.9254385964912281,0.9996329553046818,medium,0.7,0.1,22,0.9473684210526315
0.9429824561403509,0.039473684210526314,0.05143755068634226,0.0043859649122807015,0.0043859649122807015,0.9824561403508771,0.9988059717389738,medium,0.7,0.1,23,0.9473684210526315
0.9385964912280702,0.017543859649122806,0.05143755068634226,0.0,0.0043859649122807015,0.9385964912280702,0.9988059717389738,medium,0.7,0.1,24,0.9473684210526315
0.9122807017543859,0.039473684210526314,0.05226453425205024,0.008771929824561403,0.0043859649122807015,0.9298245614035088,0.9996329553046818,medium,0.7,0.1,25,0.9473684210526315
0.9473684210526315,0.017543859649122806,0.052264534257421724,0.0,0.0043859649122807015,0.9605263157894737,0.9996329553100533,medium,0.7,0.1,26,0.9473684210526315
0.9342105263157895,0.03070175438596491,0.05143755068097089,0.0043859649122807015,0.0043859649122807015,0.9298245614035088,0.9988059717336024,medium,0.7,0.1,27,0.9473684210526315
0.9298245614035088,0.03508771929824561,0.05143755068097089,0.0043859649122807015,0.0043859649122807015,0.9473684210526315,0.9988059717336024,medium,0.7,0.1,28,0.9473684210526315
0.9429824561403509,0.02631578947368421,0.05143755068634226,0.0,0.0043859649122807015,0.9385964912280702,0.9988059717389738,medium,0.7,0.1,29,0.9473684210526315
0.9429824561403509,0.03070175438596491,0.05226453425205024,0.0043859649122807015,0.0043859649122807015,0.9298245614035088,0.9996329553046818,medium,0.7,0.2,0,0.9473684210526315
0.9342105263157895,0.03070175438596491,0.051437550686336375,0.0,0.0,0.9210526315789473,0.9988059717389679,medium,0.7,0.2,1,0.9473684210526315
0.9254385964912281,0.03508771929824561,0.05226453425205024,0.008771929824561403,0.0043859649122807015,0.9342105263157895,0.9996329553046818,medium,0.7,0.2,2,0.9473684210526315
0.9254385964912281,0.02631578947368421,0.05143755068634226,0.0043859649122807015,0.0043859649122807015,0.8947368421052632,0.9988059717389738,medium,0.7,0.2,3,0.9473684210526315
0.9429824561403509,0.017543859649122806,0.0522645342574275,0.0043859649122807015,0.008771929824561403,0.9166666666666666,0.999632955310059,medium,0.7,0.2,4,0.9473684210526315
0.9166666666666666,0.017543859649122806,0.051437550680965005,0.008771929824561403,0.0,0.9298245614035088,0.9988059717335965,medium,0.7,0.2,5,0.9473684210526315
0.9342105263157895,0.02631578947368421,0.05143755068634226,0.0,0.0043859649122807015,0.9429824561403509,0.9988059717389738,medium,0.7,0.2,6,0.9473684210526315
0.9210526315789473,0.039473684210526314,0.05226453425205024,0.0043859649122807015,0.0043859649122807015,0.9429824561403509,0.9996329553046818,medium,0.7,0.2,7,0.9473684210526315
0.9342105263157895,0.021929824561403508,0.05143755068634226,0.0,0.0043859649122807015,0.9254385964912281,0.9988059717389738,medium,0.7,0.2,8,0.9473684210526315
0.9473684210526315,0.02631578947368421,0.051437550686336375,0.0043859649122807015,0.0,0.9298245614035088,0.9988059717389679,medium,0.7,0.2,9,0.9473684210526315
0.956140350877193,0.021929824561403508,0.05226453425742761,0.0,0.008771929824561403,0.9605263157894737,0.9996329553100591,medium,0.7,0.2,10,0.9473684210526315
0.9078947368421053,0.03508771929824561,0.051437550680965005,0.008771929824561403,0.0,0.9078947368421053,0.9988059717335965,medium,0.7,0.2,11,0.9473684210526315
0.9429824561403509,0.02631578947368421,0.05226453425205613,0.0043859649122807015,0.008771929824561403,0.9429824561403509,0.9996329553046877,medium,0.7,0.2,12,0.9473684210526315
0.9298245614035088,0.02631578947368421,0.05143755068097078,0.008771929824561403,0.0043859649122807015,0.9342105263157895,0.9988059717336023,medium,0.7,0.2,13,0.9473684210526315
0.9385964912280702,0.017543859649122806,0.05226453425205024,0.0043859649122807015,0.0043859649122807015,0.9210526315789473,0.9996329553046818,medium,0.7,0.2,14,0.9473684210526315
0.9342105263157895,0.03070175438596491,0.05226453425205024,0.0043859649122807015,0.0043859649122807015,0.9429824561403509,0.9996329553046818,medium,0.7,0.2,15,0.9473684210526315
0.9429824561403509,0.03070175438596491,0.05226453425205613,0.0043859649122807015,0.008771929824561403,0.9605263157894737,0.9996329553046877,medium,0.7,0.2,16,0.9473684210526315
0.9342105263157895,0.021929824561403508,0.0522645342574275,0.0043859649122807015,0.008771929824561403,0.9649122807017544,0.999632955310059,medium,0.7,0.2,17,0.9473684210526315
0.9166666666666666,0.03508771929824561,0.05226453425205024,0.008771929824561403,0.0043859649122807015,0.9342105263157895,0.9996329553046818,medium,0.7,0.2,18,0.9473684210526315
0.9166666666666666,0.03070175438596491,0.05226453425205024,0.0043859649122807015,0.0043859649122807015,0.9078947368421053,0.9996329553046818,medium,0.7,0.2,19,0.9473684210526315
0.9254385964912281,0.03070175438596491,0.051437550686336375,0.0043859649122807015,0.0,0.9473684210526315,0.9988059717389679,medium,0.7,0.2,20,0.9473684210526315
0.9122807017543859,0.02631578947368421,0.051437550680965005,0.008771929824561403,0.0,0.9122807017543859,0.9988059717335965,medium,0.7,0.2,21,0.9473684210526315
0.9298245614035088,0.02631578947368421,0.05226453425205024,0.0043859649122807015,0.0043859649122807015,0.9254385964912281,0.9996329553046818,medium,0.7,0.2,22,0.9473684210526315
0.9429824561403509,0.039473684210526314,0.05143755068634226,0.0043859649122807015,0.0043859649122807015,0.9824561403508771,0.9988059717389738,medium,0.7,0.2,23,0.9473684210526315
0.9385964912280702,0.017543859649122806,0.05143755068634226,0.0,0.0043859649122807015,0.9385964912280702,0.9988059717389738,medium,0.7,0.2,24,0.9473684210526315
0.9122807017543859,0.039473684210526314,0.05226453425205024,0.008771929824561403,0.0043859649122807015,0.9298245614035088,0.9996329553046818,medium,0.7,0.2,25,0.9473684210526315
0.9473684210526315,0.017543859649122806,0.052264534257421724,0.0,0.0043859649122807015,0.9605263157894737,0.9996329553100533,medium,0.7,0.2,26,0.9473684210526315
0.9342105263157895,0.03070175438596491,0.05143755068097089,0.0043859649122807015,0.0043859649122807015,0.9298245614035088,0.9988059717336024,medium,0.7,0.2,27,0.9473684210526315
0.9298245614035088,0.03508771929824561,0.05143755068097089,0.0043859649122807015,0.0043859649122807015,0.9473684210526315,0.9988059717336024,medium,0.7,0.2,28,0.9473684210526315
0.9429824561403509,0.02631578947368421,0.05143755068634226,0.0,0.0043859649122807015,0.9385964912280702,0.9988059717389738,medium,0.7,0.2,29,0.9473684210526315
0.9473684210526315,0.02631578947368421,0.05226454968912142,0.0043859649122807015,0.008771929824561403,0.9298245614035088,0.999632970741753,medium,0.7,0.3,0,0.9473684210526315
0.9385964912280702,0.02631578947368421,0.05143756612340755,0.0,0.0043859649122807015,0.9385964912280702,0.9988059871760391,medium,0.7,0.3,1,0.9473684210526315
0.9254385964912281,0.03508771929824561,0.05226453425205024,0.008771929824561403,0.0043859649122807015,0.9342105263157895,0.9996329553046818,medium,0.7,0.3,2,0.9473684210526315
0.9254385964912281,0.02631578947368421,0.05143755068634226,0.0043859649122807015,0.0043859649122807015,0.8947368421052632,0.9988059717389738,medium,0.7,0.3,3,0.9473684210526315
0.9429824561403509,0.017543859649122806,0.0522645342574275,0.0043859649122807015,0.008771929824561403,0.9166666666666666,0.999632955310059,medium,0.7,0.3,4,0.9473684210526315
0.9166666666666666,0.017543859649122806,0.051437550680965005,0.008771929824561403,0.0,0.9298245614035088,0.9988059717335965,medium,0.7,0.3,5,0.9473684210526315
0.9385964912280702,0.021929824561403508,0.051437566123413325,0.0,0.008771929824561403,0.9429824561403509,0.9988059871760449,medium,0.7,0.3,6,0.9473684210526315
0.9254385964912281,0.03508771929824561,0.05226454968912142,0.0043859649122807015,0.008771929824561403,0.9429824561403509,0.999632970741753,medium,0.7,0.3,7,0.9473684210526315
0.9385964912280702,0.017543859649122806,0.051437566123413325,0.0,0.008771929824561403,0.9298245614035088,0.9988059871760449,medium,0.7,0.3,8,0.9473684210526315
0.9517543859649122,0.021929824561403508,0.05143756612340755,0.0043859649122807015,0.0043859649122807015,0.9342105263157895,0.9988059871760391,medium,0.7,0.3,9,0.9473684210526315
0.9649122807017544,0.017543859649122806,0.052264549694498785,0.0,0.013157894736842105,0.9692982456140351,0.9996329707471303,medium,0.7,0.3,10,0.9473684210526315
0.9122807017543859,0.03070175438596491,0.05143756611803607,0.008771929824561403,0.0043859649122807015,0.9166666666666666,0.9988059871706676,medium,0.7,0.3,11,0.9473684210526315
0.9473684210526315,0.021929824561403508,0.05226454968912719,0.0043859649122807015,0.013157894736842105,0.9429824561403509,0.9996329707417587,medium,0.7,0.3,12,0.9473684210526315
0.9342105263157895,0.021929824561403508,0.051437566118041844,0.008771929824561403,0.008771929824561403,0.9385964912280702,0.9988059871706734,medium,0.7,0.3,13,0.9473684210526315
0.9429824561403509,0.013157894736842105,0.05226454968912142,0.0043859649122807015,0.008771929824561403,0.9254385964912281,0.999632970741753,medium,0.7,0.3,14,0.9473684210526315
0.9385964912280702,0.02631578947368421,0.05226454968912142,0.0043859649122807015,0.008771929824561403,0.9517543859649122,0.999632970741753,medium,0.7,0.3,15,0.9473684210526315
0.9429824561403509,0.03070175438596491,0.05226453425205613,0.0043859649122807015,0.008771929824561403,0.9605263157894737,0.9996329553046877,medium,0.7,0.3,16,0.9473684210526315
0.9385964912280702,0.017543859649122806,0.052264549694498674,0.0043859649122807015,0.013157894736842105,0.9649122807017544,0.9996329707471302,medium,0.7,0.3,17,0.9473684210526315
0.9254385964912281,0.03070175438596491,0.05226454968912142,0.008771929824561403,0.008771929824561403,0.9429824561403509,0.999632970741753,medium,0.7,0.3,18,0.9473684210526315
0.9254385964912281,0.02631578947368421,0.05226454968912142,0.0043859649122807015,0.008771929824561403,0.9122807017543859,0.999632970741753,medium,0.7,0.3,19,0.9473684210526315
0.9254385964912281,0.03070175438596491,0.051437550686336375,0.0043859649122807015,0.0,0.9473684210526315,0.9988059717389679,medium,0.7,0.3,20,0.9473684210526315
0.9166666666666666,0.021929824561403508,0.05143756611803607,0.008771929824561403,0.0043859649122807015,0.9210526315789473,0.9988059871706676,medium,0.7,0.3,21,0.9473684210526315
0.9342105263157895,0.021929824561403508,0.05226454968912142,0.0043859649122807015,0.008771929824561403,0.9254385964912281,0.999632970741753,medium,0.7,0.3,22,0.9473684210526315
0.9473684210526315,0.03508771929824561,0.051437566123413325,0.0043859649122807015,0.008771929824561403,0.9824561403508771,0.9988059871760449,medium,0.7,0.3,23,0.9473684210526315
0.9385964912280702,0.017543859649122806,0.05143755068634226,0.0,0.0043859649122807015,0.9385964912280702,0.9988059717389738,medium,0.7,0.3,24,0.9473684210526315
0.9210526315789473,0.03508771929824561,0.05226454968912142,0.008771929824561403,0.008771929824561403,0.9342105263157895,0.999632970741753,medium,0.7,0.3,25,0.9473684210526315
0.9473684210526315,0.017543859649122806,0.052264534257421724,0.0,0.0043859649122807015,0.9605263157894737,0.9996329553100533,medium,0.7,0.3,26,0.9473684210526315
0.9429824561403509,0.02631578947368421,0.051437566118041844,0.0043859649122807015,0.008771929824561403,0.9342105263157895,0.9988059871706734,medium,0.7,0.3,27,0.9473684210526315
0.9385964912280702,0.03070175438596491,0.051437566118041844,0.0043859649122807015,0.008771929824561403,0.9517543859649122,0.9988059871706734,medium,0.7,0.3,28,0.9473684210526315
0.9473684210526315,0.021929824561403508,0.051437566123413325,0.0,0.008771929824561403,0.9385964912280702,0.9988059871760449,medium,0.7,0.3,29,0.9473684210526315
0.9473684210526315,0.02631578947368421,0.06415741178188006,0.017543859649122806,0.021929824561403508,0.9385964912280702,0.8832110092707515,medium,0.7,0.4,0,0.9473684210526315
0.9254385964912281,0.03070175438596491,0.0649843953463779,0.013157894736842105,0.008771929824561403,0.9122807017543859,0.8823840257062536,medium,0.7,0.4,1,0.9473684210526315
0.9210526315789473,0.039473684210526314,0.06421883164721709,0.021929824561403508,0.013157894736842105,0.9298245614035088,0.8831495894054144,medium,0.7,0.4,2,0.9473684210526315
0.9254385964912281,0.03070175438596491,0.056937453520094716,0.013157894736842105,0.013157894736842105,0.9078947368421053,0.8904309675325368,medium,0.7,0.4,3,0.9473684210526315
0.9298245614035088,0.017543859649122806,0.05617187016994929,0.013157894736842105,0.017543859649122806,0.9035087719298246,0.8911965508826822,medium,0.7,0.4,4,0.9473684210526315
0.9078947368421053,0.02631578947368421,0.0433905850024322,0.021929824561403508,0.0043859649122807015,0.9210526315789473,0.9907590060550637,medium,0.7,0.4,5,0.9473684210526315
0.9210526315789473,0.039473684210526314,0.043329196016418714,0.021929824561403508,0.013157894736842105,0.9254385964912281,0.9906976170690502,medium,0.7,0.4,6,0.9473684210526315
0.9254385964912281,0.03508771929824561,0.056110454516267616,0.017543859649122806,0.021929824561403508,0.9429824561403509,0.8912579665363639,medium,0.7,0.4,7,0.9473684210526315
0.9254385964912281,0.03070175438596491,0.04339060044488885,0.017543859649122806,0.013157894736842105,0.9210526315789473,0.9907590214975204,medium,0.7,0.4,8,0.9473684210526315
0.9605263157894737,0.013157894736842105,0.051437566123426204,0.0043859649122807015,0.013157894736842105,0.9429824561403509,0.9988059871760577,medium,0.7,0.4,9,0.9473684210526315
0.956140350877193,0.02631578947368421,0.05611045030567885,0.013157894736842105,0.02631578947368421,0.9692982456140351,0.8912579707469527,medium,0.7,0.4,10,0.9473684210526315
0.9166666666666666,0.03070175438596491,0.05137616169063197,0.017543859649122806,0.013157894736842105,0.9166666666666666,0.9987445827432635,medium,0.7,0.4,11,0.9473684210526315
0.9473684210526315,0.02631578947368421,0.06421881620910075,0.017543859649122806,0.021929824561403508,0.9342105263157895,0.8831496048435308,medium,0.7,0.4,12,0.9473684210526315
0.9210526315789473,0.03508771929824561,0.06504579978125347,0.02631578947368421,0.008771929824561403,0.9254385964912281,0.8823226212713781,medium,0.7,0.4,13,0.9473684210526315
0.9254385964912281,0.02631578947368421,0.06415741598817659,0.021929824561403508,0.013157894736842105,0.9078947368421053,0.8832110050644549,medium,0.7,0.4,14,0.9473684210526315
0.9298245614035088,0.03070175438596491,0.05617185473933073,0.013157894736842105,0.013157894736842105,0.9473684210526315,0.8911965663133008,medium,0.7,0.4,15,0.9473684210526315
0.9473684210526315,0.02631578947368421,0.056171870175320326,0.013157894736842105,0.021929824561403508,0.9649122807017544,0.8911965508773112,medium,0.7,0.4,16,0.9473684210526315
0.9385964912280702,0.017543859649122806,0.056110450305492665,0.013157894736842105,0.017543859649122806,0.9605263157894737,0.8912579707471389,medium,0.7,0.4,17,0.9473684210526315
0.9298245614035088,0.02631578947368421,0.05220314526174452,0.013157894736842105,0.017543859649122806,0.9429824561403509,0.999571566314376,medium,0.7,0.4,18,0.9473684210526315
0.9166666666666666,0.03508771929824561,0.05617185473951769,0.017543859649122806,0.013157894736842105,0.9122807017543859,0.8911965663131138,medium,0.7,0.4,19,0.9473684210526315
0.9254385964912281,0.039473684210526314,0.0650458194195731,0.02631578947368421,0.013157894736842105,0.9429824561403509,0.8823226016330584,medium,0.7,0.4,20,0.9473684210526315
0.9210526315789473,0.017543859649122806,0.05143756611909356,0.008771929824561403,0.008771929824561403,0.9210526315789473,0.9988059871717251,medium,0.7,0.4,21,0.9473684210526315
0.9254385964912281,0.03070175438596491,0.06415741598711011,0.017543859649122806,0.013157894736842105,0.9254385964912281,0.8832110050655214,medium,0.7,0.4,22,0.9473684210526315
0.9473684210526315,0.03508771929824561,0.04332920022414599,0.013157894736842105,0.017543859649122806,0.9736842105263158,0.9906976212767775,medium,0.7,0.4,23,0.9473684210526315
0.9342105263157895,0.021929824561403508,0.04332918478707504,0.008771929824561403,0.013157894736842105,0.9385964912280702,0.9906976058397066,medium,0.7,0.4,24,0.9473684210526315
0.9254385964912281,0.039473684210526314,0.056110454517316,0.017543859649122806,0.013157894736842105,0.9385964912280702,0.8912579665353155,medium,0.7,0.4,25,0.9473684210526315
0.9473684210526315,0.017543859649122806,0.052264530050797675,0.008771929824561403,0.013157894736842105,0.956140350877193,0.9996329511034292,medium,0.7,0.4,26,0.9473684210526315
0.9429824561403509,0.02631578947368421,0.06498439535171574,0.013157894736842105,0.017543859649122806,0.9298245614035088,0.8823840257009158,medium,0.7,0.4,27,0.9473684210526315
0.9342105263157895,0.03508771929824561,0.04339060464703104,0.017543859649122806,0.021929824561403508,0.9429824561403509,0.9907590256996626,medium,0.7,0.4,28,0.9473684210526315
0.9605263157894737,0.013157894736842105,0.051437561918033836,0.0043859649122807015,0.021929824561403508,0.956140350877193,0.9988059829706654,medium,0.7,0.4,29,0.9473684210526315
0.956140350877193,0.021929824561403508,0.06415741179611933,0.021929824561403508,0.03070175438596491,0.9342105263157895,0.8832110092565122,medium,0.7,0.45,0,0.9473684210526315
0.9298245614035088,0.02631578947368421,0.06546818745565297,0.02631578947368421,0.021929824561403508,0.9122807017543859,0.8819002335969786,medium,0.7,0.45,1,0.9473684210526315
0.9298245614035088,0.03070175438596491,0.06421873939973366,0.02631578947368421,0.02631578947368421,0.9385964912280702,0.8831496816528979,medium,0.7,0.45,2,0.9473684210526315
0.9298245614035088,0.03070175438596491,0.05698979994121922,0.03070175438596491,0.03070175438596491,0.9342105263157895,0.8903786211114123,medium,0.7,0.45,3,0.9473684210526315
0.9210526315789473,0.02631578947368421,0.05622406426070836,0.02631578947368421,0.021929824561403508,0.9035087719298246,0.8911443567919232,medium,0.7,0.45,4,0.9473684210526315
0.8947368421052632,0.039473684210526314,0.04198582020220498,0.04824561403508772,0.017543859649122806,0.8991228070175439,0.9893542412548365,medium,0.7,0.45,5,0.9473684210526315
0.9122807017543859,0.05263157894736842,0.041924583560760786,0.043859649122807015,0.021929824561403508,0.9078947368421053,0.9892930046133923,medium,0.7,0.45,6,0.9473684210526315
0.9254385964912281,0.039473684210526314,0.058719718627446515,0.03508771929824561,0.03508771929824561,0.9429824561403509,0.888648702425185,medium,0.7,0.45,7,0.9473684210526315
0.9210526315789473,0.03070175438596491,0.04333849861628225,0.03070175438596491,0.03070175438596491,0.9166666666666666,0.9907069196689138,medium,0.7,0.45,8,0.9473684210526315
0.9649122807017544,0.008771929824561403,0.051005967778625205,0.008771929824561403,0.03070175438596491,0.9605263157894737,0.9983743888312567,medium,0.7,0.45,9,0.9473684210526315
0.9385964912280702,0.043859649122807015,0.058126381971372654,0.03508771929824561,0.03070175438596491,0.9473684210526315,0.8892420390812589,medium,0.7,0.45,10,0.9473684210526315
0.9166666666666666,0.03508771929824561,0.05137616167610459,0.02631578947368421,0.021929824561403508,0.9210526315789473,0.9987445827287361,medium,0.7,0.45,11,0.9473684210526315
0.9254385964912281,0.03508771929824561,0.06427091805219709,0.03508771929824561,0.03508771929824561,0.9298245614035088,0.8830975030004344,medium,0.7,0.45,12,0.9473684210526315
0.9254385964912281,0.03508771929824561,0.06504570785987984,0.03508771929824561,0.017543859649122806,0.9254385964912281,0.8823227131927517,medium,0.7,0.45,13,0.9473684210526315
0.9254385964912281,0.02631578947368421,0.06420960975235956,0.02631578947368421,0.017543859649122806,0.9035087719298246,0.883158811300272,medium,0.7,0.45,14,0.9473684210526315
0.9210526315789473,0.03508771929824561,0.057576374932977736,0.03070175438596491,0.02631578947368421,0.9385964912280702,0.8897920461196538,medium,0.7,0.45,15,0.9473684210526315
0.9254385964912281,0.039473684210526314,0.057628676693394554,0.03508771929824561,0.03070175438596491,0.9473684210526315,0.889739744359237,medium,0.7,0.45,16,0.9473684210526315
0.9429824561403509,0.013157894736842105,0.0561103580578709,0.021929824561403508,0.02631578947368421,0.9517543859649122,0.8912580629947606,medium,0.7,0.45,17,0.9473684210526315
0.9385964912280702,0.02631578947368421,0.052202900654698015,0.02631578947368421,0.02631578947368421,0.9429824561403509,0.9995713217073295,medium,0.7,0.45,18,0.9473684210526315
0.9385964912280702,0.03070175438596491,0.056603453397121806,0.03070175438596491,0.03070175438596491,0.9429824561403509,0.8907649676555097,medium,0.7,0.45,19,0.9473684210526315
0.9166666666666666,0.03508771929824561,0.0650979209366036,0.043859649122807015,0.02631578947368421,0.9166666666666666,0.8822705001160279,medium,0.7,0.45,20,0.9473684210526315
0.8903508771929824,0.039473684210526314,0.04936928867075363,0.03508771929824561,0.013157894736842105,0.8991228070175439,0.9967377097233852,medium,0.7,0.45,21,0.9473684210526315
0.9210526315789473,0.03508771929824561,0.0641576609062009,0.03070175438596491,0.02631578947368421,0.9254385964912281,0.8832107601464306,medium,0.7,0.45,22,0.9473684210526315
0.9473684210526315,0.03508771929824561,0.04289735727229671,0.03070175438596491,0.03508771929824561,0.956140350877193,0.9902657783249282,medium,0.7,0.45,23,0.9473684210526315
0.9210526315789473,0.02631578947368421,0.04169275026203989,0.02631578947368421,0.021929824561403508,0.9298245614035088,0.9890611713146714,medium,0.7,0.45,24,0.9473684210526315
0.9298245614035088,0.03508771929824561,0.05866752486406457,0.03070175438596491,0.02631578947368421,0.9473684210526315,0.888700896188567,medium,0.7,0.45,25,0.9473684210526315
0.9429824561403509,0.017543859649122806,0.052264622284218465,0.017543859649122806,0.021929824561403508,0.9736842105263158,0.99963304333685,medium,0.7,0.45,26,0.9473684210526315
0.9473684210526315,0.021929824561403508,0.06498430310423386,0.017543859649122806,0.02631578947368421,0.9385964912280702,0.8823841179483977,medium,0.7,0.45,27,0.9473684210526315
0.9517543859649122,0.021929824561403508,0.04339069689498254,0.017543859649122806,0.03508771929824561,0.9517543859649122,0.9907591179476141,medium,0.7,0.45,28,0.9473684210526315
0.9517543859649122,0.021929824561403508,0.05138536813913819,0.017543859649122806,0.02631578947368421,0.9429824561403509,0.9987537891917697,medium,0.7,0.45,29,0.9473684210526315
0.7105263157894737,0.17982456140350878,0.4697749913407157,0.2719298245614035,0.03508771929824561,0.706140350877193,0.4775934297119158,medium,0.7,0.5,0,0.9473684210526315
0.7324561403508771,0.17982456140350878,0.42130337830561504,0.24561403508771928,0.03070175438596491,0.7324561403508771,0.5260650427470165,medium,0.7,0.5,1,0.9473684210526315
0.6929824561403509,0.19298245614035087,0.39155961826772523,0.2850877192982456,0.03070175438596491,0.7280701754385965,0.5558088027849063,medium,0.7,0.5,2,0.9473684210526315
0.6403508771929824,0.2412280701754386,0.5938058324639692,0.33771929824561403,0.03070175438596491,0.631578947368421,0.3535625885886623,medium,0.7,0.5,3,0.9473684210526315
0.6710526315789473,0.20614035087719298,0.08795833879961479,0.3026315789473684,0.02631578947368421,0.6754385964912281,0.8594100822530167,medium,0.7,0.5,4,0.9473684210526315
0.6447368421052632,0.17982456140350878,0.17983450291456904,0.3157894736842105,0.017543859649122806,0.6140350877192983,0.7675339181380625,medium,0.7,0.5,5,0.9473684210526315
0.6842105263157895,0.19736842105263158,0.205830624650435,0.29385964912280704,0.03070175438596491,0.6578947368421053,0.7415377964021965,medium,0.7,0.5,6,0.9473684210526315
0.6491228070175439,0.2236842105263158,0.29960448506610216,0.33771929824561403,0.039473684210526314,0.6622807017543859,0.6477639359865294,medium,0.7,0.5,7,0.9473684210526315
0.6622807017543859,0.20175438596491227,0.305094507668238,0.3157894736842105,0.03070175438596491,0.6447368421052632,0.6422739133843935,medium,0.7,0.5,8,0.9473684210526315
0.7675438596491229,0.18421052631578946,0.2489049727246183,0.2149122807017544,0.03508771929824561,0.793859649122807,0.6984634483280132,medium,0.7,0.5,9,0.9473684210526315
0.7280701754385965,0.20175438596491227,0.1438305865571199,0.25877192982456143,0.039473684210526314,0.6973684210526315,0.8035378344955116,medium,0.7,0.5,10,0.9473684210526315
0.6666666666666666,0.18859649122807018,0.2889019092431866,0.31140350877192985,0.03070175438596491,0.6710526315789473,0.6584665118094449,medium,0.7,0.5,11,0.9473684210526315
0.7017543859649122,0.20175438596491227,0.2544525959880385,0.2807017543859649,0.03508771929824561,0.6973684210526315,0.692915825064593,medium,0.7,0.5,12,0.9473684210526315
0.7192982456140351,0.19736842105263158,0.2020723267401272,0.2543859649122807,0.02631578947368421,0.6885964912280702,0.7452960943125043,medium,0.7,0.5,13,0.9473684210526315
0.6622807017543859,0.21929824561403508,0.5171135810810422,0.30701754385964913,0.021929824561403508,0.6271929824561403,0.4302548399715893,medium,0.7,0.5,14,0.9473684210526315
0.7280701754385965,0.18421052631578946,0.4462044499757928,0.24561403508771928,0.03070175438596491,0.7631578947368421,0.5011639710768387,medium,0.7,0.5,15,0.9473684210526315
0.706140350877193,0.21929824561403508,0.27874847088128774,0.27631578947368424,0.03508771929824561,0.7412280701754386,0.6686199501713438,medium,0.7,0.5,16,0.9473684210526315
0.7149122807017544,0.19736842105263158,0.21389411673444203,0.25877192982456143,0.02631578947368421,0.75,0.7334743043181895,medium,0.7,0.5,17,0.9473684210526315
0.6929824561403509,0.20614035087719298,0.272831787160586,0.2850877192982456,0.03070175438596491,0.6666666666666666,0.6745366338920455,medium,0.7,0.5,18,0.9473684210526315
0.7324561403508771,0.15789473684210525,0.21981603778602765,0.25,0.03508771929824561,0.6842105263157895,0.7275523832666039,medium,0.7,0.5,19,0.9473684210526315
0.6929824561403509,0.2236842105263158,0.309457600860765,0.2850877192982456,0.03070175438596491,0.7280701754385965,0.6379108201918665,medium,0.7,0.5,20,0.9473684210526315
0.6710526315789473,0.19298245614035087,0.23175204809733974,0.29385964912280704,0.017543859649122806,0.6271929824561403,0.7156163729552918,medium,0.7,0.5,21,0.9473684210526315
0.6578947368421053,0.2412280701754386,0.36015233908245803,0.3201754385964912,0.03070175438596491,0.6973684210526315,0.5872160819701735,medium,0.7,0.5,22,0.9473684210526315
0.6578947368421053,0.2236842105263158,0.19721598427097586,0.32894736842105265,0.039473684210526314,0.6622807017543859,0.7501524367816557,medium,0.7,0.5,23,0.9473684210526315
0.6578947368421053,0.2324561403508772,0.19714398495127838,0.3201754385964912,0.03070175438596491,0.6885964912280702,0.7502244361013531,medium,0.7,0.5,24,0.9473684210526315
0.6666666666666666,0.19298245614035087,0.35349288805700285,0.3157894736842105,0.03508771929824561,0.6447368421052632,0.5938755329956287,medium,0.7,0.5,25,0.9473684210526315
0.6535087719298246,0.24561403508771928,0.30060895552554345,0.3157894736842105,0.021929824561403508,0.6929824561403509,0.6467594655270881,medium,0.7,0.5,26,0.9473684210526315
0.6710526315789473,0.2149122807017544,0.5513936110181248,0.31140350877192985,0.03508771929824561,0.6622807017543859,0.3959748100345067,medium,0.7,0.5,27,0.9473684210526315
0.7017543859649122,0.20614035087719298,0.06625167172219948,0.2850877192982456,0.039473684210526314,0.7017543859649122,0.881116749330432,medium,0.7,0.5,28,0.9473684210526315
0.6842105263157895,0.19736842105263158,0.42999700050219325,0.29385964912280704,0.03070175438596491,0.6754385964912281,0.5173714205504383,medium,0.7,0.5,29,0.9473684210526315
0.7105263157894737,0.17982456140350878,0.4697749913407157,0.2719298245614035,0.03508771929824561,0.706140350877193,0.4775934297119158,medium,0.7,0.55,0,0.9473684210526315
0.7324561403508771,0.17982456140350878,0.42130337830561504,0.24561403508771928,0.03070175438596491,0.7324561403508771,0.5260650427470165,medium,0.7,0.55,1,0.9473684210526315
0.6929824561403509,0.19298245614035087,0.39155961826772523,0.2850877192982456,0.03070175438596491,0.7280701754385965,0.5558088027849063,medium,0.7,0.55,2,0.9473684210526315
0.6359649122807017,0.24561403508771928,0.5938058326557812,0.34210526315789475,0.03070175438596491,0.631578947368421,0.3535625883968503,medium,0.7,0.55,3,0.9473684210526315
0.6710526315789473,0.20614035087719298,0.08795833879961479,0.3026315789473684,0.02631578947368421,0.6754385964912281,0.8594100822530167,medium,0.7,0.55,4,0.9473684210526315
0.6447368421052632,0.17105263157894737,0.17983450310638116,0.3201754385964912,0.017543859649122806,0.6052631578947368,0.7675339179462504,medium,0.7,0.55,5,0.9473684210526315
0.6842105263157895,0.19736842105263158,0.205830624650435,0.29385964912280704,0.03070175438596491,0.6578947368421053,0.7415377964021965,medium,0.7,0.55,6,0.9473684210526315
0.6491228070175439,0.2236842105263158,0.29960448506610216,0.33771929824561403,0.039473684210526314,0.6622807017543859,0.6477639359865294,medium,0.7,0.55,7,0.9473684210526315
0.6622807017543859,0.20175438596491227,0.305094507668238,0.3157894736842105,0.03070175438596491,0.6447368421052632,0.6422739133843935,medium,0.7,0.55,8,0.9473684210526315
0.7675438596491229,0.18421052631578946,0.2489049727246183,0.2149122807017544,0.03508771929824561,0.793859649122807,0.6984634483280132,medium,0.7,0.55,9,0.9473684210526315
0.7280701754385965,0.20175438596491227,0.1438305865571199,0.25877192982456143,0.039473684210526314,0.6973684210526315,0.8035378344955116,medium,0.7,0.55,10,0.9473684210526315
0.6666666666666666,0.18859649122807018,0.2889019092431866,0.31140350877192985,0.03070175438596491,0.6710526315789473,0.6584665118094449,medium,0.7,0.55,11,0.9473684210526315
0.7017543859649122,0.20175438596491227,0.2544525959880385,0.2807017543859649,0.03508771929824561,0.6973684210526315,0.692915825064593,medium,0.7,0.55,12,0.9473684210526315
0.7192982456140351,0.19736842105263158,0.2020723267401272,0.2543859649122807,0.02631578947368421,0.6885964912280702,0.7452960943125043,medium,0.7,0.55,13,0.9473684210526315
0.6622807017543859,0.21929824561403508,0.5171135810810422,0.30701754385964913,0.021929824561403508,0.6271929824561403,0.4302548399715893,medium,0.7,0.55,14,0.9473684210526315
0.7280701754385965,0.18421052631578946,0.4462044501676049,0.25,0.03070175438596491,0.7543859649122807,0.5011639708850266,medium,0.7,0.55,15,0.9473684210526315
0.706140350877193,0.21929824561403508,0.27874847088128774,0.27631578947368424,0.03508771929824561,0.7412280701754386,0.6686199501713438,medium,0.7,0.55,16,0.9473684210526315
0.7149122807017544,0.19736842105263158,0.21389411673444203,0.25877192982456143,0.02631578947368421,0.75,0.7334743043181895,medium,0.7,0.55,17,0.9473684210526315
0.6929824561403509,0.20614035087719298,0.272831787160586,0.2850877192982456,0.03070175438596491,0.6666666666666666,0.6745366338920455,medium,0.7,0.55,18,0.9473684210526315
0.7280701754385965,0.15789473684210525,0.21981603797783955,0.2543859649122807,0.03508771929824561,0.6754385964912281,0.727552383074792,medium,0.7,0.55,19,0.9473684210526315
0.6885964912280702,0.2236842105263158,0.30945760105257714,0.2894736842105263,0.03070175438596491,0.7236842105263158,0.6379108200000544,medium,0.7,0.55,20,0.9473684210526315
0.6710526315789473,0.19298245614035087,0.23175204809733974,0.29385964912280704,0.017543859649122806,0.6271929824561403,0.7156163729552918,medium,0.7,0.55,21,0.9473684210526315
0.6578947368421053,0.2412280701754386,0.36015233908245803,0.3201754385964912,0.03070175438596491,0.6973684210526315,0.5872160819701735,medium,0.7,0.55,22,0.9473684210526315
0.6578947368421053,0.2236842105263158,0.19721598427097586,0.32894736842105265,0.039473684210526314,0.6622807017543859,0.7501524367816557,medium,0.7,0.55,23,0.9473684210526315
0.6578947368421053,0.2324561403508772,0.19714398495127838,0.3201754385964912,0.03070175438596491,0.6885964912280702,0.7502244361013531,medium,0.7,0.55,24,0.9473684210526315
0.6666666666666666,0.19298245614035087,0.35349288805700285,0.3157894736842105,0.03508771929824561,0.6447368421052632,0.5938755329956287,medium,0.7,0.55,25,0.9473684210526315
0.6535087719298246,0.24561403508771928,0.30060895552554345,0.3157894736842105,0.021929824561403508,0.6929824561403509,0.6467594655270881,medium,0.7,0.55,26,0.9473684210526315
0.6666666666666666,0.21929824561403508,0.5513936112099369,0.3157894736842105,0.03508771929824561,0.6622807017543859,0.3959748098426946,medium,0.7,0.55,27,0.9473684210526315
0.6973684210526315,0.21052631578947367,0.0662516719140116,0.2894736842105263,0.039473684210526314,0.7017543859649122,0.8811167491386199,medium,0.7,0.55,28,0.9473684210526315
0.6842105263157895,0.19736842105263158,0.42999700050219325,0.29385964912280704,0.03070175438596491,0.6754385964912281,0.5173714205504383,medium,0.7,0.55,29,0.9473684210526315
0.7105263157894737,0.17982456140350878,0.4697749913407157,0.2719298245614035,0.03508771929824561,0.706140350877193,0.4775934297119158,medium,0.7,0.6,0,0.9473684210526315
0.7324561403508771,0.17982456140350878,0.42130337830561504,0.24561403508771928,0.03070175438596491,0.7324561403508771,0.5260650427470165,medium,0.7,0.6,1,0.9473684210526315
0.6929824561403509,0.19298245614035087,0.39155961826772523,0.2850877192982456,0.03070175438596491,0.7280701754385965,0.5558088027849063,medium,0.7,0.6,2,0.9473684210526315
0.6359649122807017,0.24561403508771928,0.5938058326557812,0.34210526315789475,0.03070175438596491,0.631578947368421,0.3535625883968503,medium,0.7,0.6,3,0.9473684210526315
0.6710526315789473,0.20614035087719298,0.08795833879961479,0.3026315789473684,0.02631578947368421,0.6754385964912281,0.8594100822530167,medium,0.7,0.6,4,0.9473684210526315
0.6447368421052632,0.17105263157894737,0.17983450310638116,0.3201754385964912,0.017543859649122806,0.6052631578947368,0.7675339179462504,medium,0.7,0.6,5,0.9473684210526315
0.6842105263157895,0.19736842105263158,0.205830624650435,0.29385964912280704,0.03070175438596491,0.6578947368421053,0.7415377964021965,medium,0.7,0.6,6,0.9473684210526315
0.6491228070175439,0.2236842105263158,0.29960448506610216,0.33771929824561403,0.039473684210526314,0.6622807017543859,0.6477639359865294,medium,0.7,0.6,7,0.9473684210526315
0.6622807017543859,0.20175438596491227,0.305094507668238,0.3157894736842105,0.03070175438596491,0.6447368421052632,0.6422739133843935,medium,0.7,0.6,8,0.9473684210526315
0.7675438596491229,0.18421052631578946,0.2489049727246183,0.2149122807017544,0.03508771929824561,0.793859649122807,0.6984634483280132,medium,0.7,0.6,9,0.9473684210526315
0.7280701754385965,0.20175438596491227,0.1438305865571199,0.25877192982456143,0.039473684210526314,0.6973684210526315,0.8035378344955116,medium,0.7,0.6,10,0.9473684210526315
0.6666666666666666,0.18859649122807018,0.2889019092431866,0.31140350877192985,0.03070175438596491,0.6710526315789473,0.6584665118094449,medium,0.7,0.6,11,0.9473684210526315
0.7017543859649122,0.20175438596491227,0.2544525959880385,0.2807017543859649,0.03508771929824561,0.6973684210526315,0.692915825064593,medium,0.7,0.6,12,0.9473684210526315
0.7192982456140351,0.19736842105263158,0.2020723267401272,0.2543859649122807,0.02631578947368421,0.6885964912280702,0.7452960943125043,medium,0.7,0.6,13,0.9473684210526315
0.6622807017543859,0.21929824561403508,0.5171135810810422,0.30701754385964913,0.021929824561403508,0.6271929824561403,0.4302548399715893,medium,0.7,0.6,14,0.9473684210526315
0.7280701754385965,0.18421052631578946,0.4462044501676049,0.25,0.03070175438596491,0.7543859649122807,0.5011639708850266,medium,0.7,0.6,15,0.9473684210526315
0.706140350877193,0.21929824561403508,0.27874847088128774,0.27631578947368424,0.03508771929824561,0.7412280701754386,0.6686199501713438,medium,0.7,0.6,16,0.9473684210526315
0.7149122807017544,0.19736842105263158,0.21389411673444203,0.25877192982456143,0.02631578947368421,0.75,0.7334743043181895,medium,0.7,0.6,17,0.9473684210526315
0.6929824561403509,0.20614035087719298,0.272831787160586,0.2850877192982456,0.03070175438596491,0.6666666666666666,0.6745366338920455,medium,0.7,0.6,18,0.9473684210526315
0.7280701754385965,0.15789473684210525,0.21981603797783955,0.2543859649122807,0.03508771929824561,0.6754385964912281,0.727552383074792,medium,0.7,0.6,19,0.9473684210526315
0.6885964912280702,0.2236842105263158,0.30945760105257714,0.2894736842105263,0.03070175438596491,0.7236842105263158,0.6379108200000544,medium,0.7,0.6,20,0.9473684210526315
0.6710526315789473,0.19298245614035087,0.23175204809733974,0.29385964912280704,0.017543859649122806,0.6271929824561403,0.7156163729552918,medium,0.7,0.6,21,0.9473684210526315
0.6578947368421053,0.2412280701754386,0.36015233908245803,0.3201754385964912,0.03070175438596491,0.6973684210526315,0.5872160819701735,medium,0.7,0.6,22,0.9473684210526315
0.6578947368421053,0.2236842105263158,0.19721598427097586,0.32894736842105265,0.039473684210526314,0.6622807017543859,0.7501524367816557,medium,0.7,0.6,23,0.9473684210526315
0.6578947368421053,0.2324561403508772,0.19714398495127838,0.3201754385964912,0.03070175438596491,0.6885964912280702,0.7502244361013531,medium,0.7,0.6,24,0.9473684210526315
0.6666666666666666,0.19298245614035087,0.35349288805700285,0.3157894736842105,0.03508771929824561,0.6447368421052632,0.5938755329956287,medium,0.7,0.6,25,0.9473684210526315
0.6535087719298246,0.24561403508771928,0.30060895552554345,0.3157894736842105,0.021929824561403508,0.6929824561403509,0.6467594655270881,medium,0.7,0.6,26,0.9473684210526315
0.6666666666666666,0.21929824561403508,0.5513936112099369,0.3157894736842105,0.03508771929824561,0.6622807017543859,0.3959748098426946,medium,0.7,0.6,27,0.9473684210526315
0.6973684210526315,0.21052631578947367,0.0662516719140116,0.2894736842105263,0.039473684210526314,0.7017543859649122,0.8811167491386199,medium,0.7,0.6,28,0.9473684210526315
0.6842105263157895,0.19736842105263158,0.42999700050219325,0.29385964912280704,0.03070175438596491,0.6754385964912281,0.5173714205504383,medium,0.7,0.6,29,0.9473684210526315
0.7105263157894737,0.17982456140350878,0.4697749913407157,0.2719298245614035,0.03508771929824561,0.706140350877193,0.4775934297119158,medium,0.7,0.7,0,0.9473684210526315
0.7324561403508771,0.17982456140350878,0.42130337830561504,0.24561403508771928,0.03070175438596491,0.7324561403508771,0.5260650427470165,medium,0.7,0.7,1,0.9473684210526315
0.6929824561403509,0.19298245614035087,0.39155961826772523,0.2850877192982456,0.03070175438596491,0.7280701754385965,0.5558088027849063,medium,0.7,0.7,2,0.9473684210526315
0.6359649122807017,0.24561403508771928,0.5938058326557812,0.34210526315789475,0.03070175438596491,0.631578947368421,0.3535625883968503,medium,0.7,0.7,3,0.9473684210526315
0.6710526315789473,0.20614035087719298,0.08795833879961479,0.3026315789473684,0.02631578947368421,0.6754385964912281,0.8594100822530167,medium,0.7,0.7,4,0.9473684210526315
0.6447368421052632,0.17105263157894737,0.17983450310638116,0.3201754385964912,0.017543859649122806,0.6052631578947368,0.7675339179462504,medium,0.7,0.7,5,0.9473684210526315
0.6842105263157895,0.19736842105263158,0.205830624650435,0.29385964912280704,0.03070175438596491,0.6578947368421053,0.7415377964021965,medium,0.7,0.7,6,0.9473684210526315
0.6491228070175439,0.2236842105263158,0.29960448506610216,0.33771929824561403,0.039473684210526314,0.6622807017543859,0.6477639359865294,medium,0.7,0.7,7,0.9473684210526315
0.6622807017543859,0.20175438596491227,0.305094507668238,0.3157894736842105,0.03070175438596491,0.6447368421052632,0.6422739133843935,medium,0.7,0.7,8,0.9473684210526315
0.7675438596491229,0.18421052631578946,0.2489049727246183,0.2149122807017544,0.03508771929824561,0.793859649122807,0.6984634483280132,medium,0.7,0.7,9,0.9473684210526315
0.7280701754385965,0.20175438596491227,0.1438305865571199,0.25877192982456143,0.039473684210526314,0.6973684210526315,0.8035378344955116,medium,0.7,0.7,10,0.9473684210526315
0.6666666666666666,0.18859649122807018,0.2889019092431866,0.31140350877192985,0.03070175438596491,0.6710526315789473,0.6584665118094449,medium,0.7,0.7,11,0.9473684210526315
0.7017543859649122,0.20175438596491227,0.2544525959880385,0.2807017543859649,0.03508771929824561,0.6973684210526315,0.692915825064593,medium,0.7,0.7,12,0.9473684210526315
0.7192982456140351,0.19736842105263158,0.2020723267401272,0.2543859649122807,0.02631578947368421,0.6885964912280702,0.7452960943125043,medium,0.7,0.7,13,0.9473684210526315
0.6622807017543859,0.21929824561403508,0.5171135810810422,0.30701754385964913,0.021929824561403508,0.6271929824561403,0.4302548399715893,medium,0.7,0.7,14,0.9473684210526315
0.7280701754385965,0.18421052631578946,0.4462044501676049,0.25,0.03070175438596491,0.7543859649122807,0.5011639708850266,medium,0.7,0.7,15,0.9473684210526315
0.706140350877193,0.21929824561403508,0.27874847088128774,0.27631578947368424,0.03508771929824561,0.7412280701754386,0.6686199501713438,medium,0.7,0.7,16,0.9473684210526315
0.7149122807017544,0.19736842105263158,0.21389411673444203,0.25877192982456143,0.02631578947368421,0.75,0.7334743043181895,medium,0.7,0.7,17,0.9473684210526315
0.6929824561403509,0.20614035087719298,0.272831787160586,0.2850877192982456,0.03070175438596491,0.6666666666666666,0.6745366338920455,medium,0.7,0.7,18,0.9473684210526315
0.7280701754385965,0.15789473684210525,0.21981603797783955,0.2543859649122807,0.03508771929824561,0.6754385964912281,0.727552383074792,medium,0.7,0.7,19,0.9473684210526315
0.6885964912280702,0.2236842105263158,0.30945760105257714,0.2894736842105263,0.03070175438596491,0.7236842105263158,0.6379108200000544,medium,0.7,0.7,20,0.9473684210526315
0.6710526315789473,0.19298245614035087,0.23175204809733974,0.29385964912280704,0.017543859649122806,0.6271929824561403,0.7156163729552918,medium,0.7,0.7,21,0.9473684210526315
0.6578947368421053,0.2412280701754386,0.36015233908245803,0.3201754385964912,0.03070175438596491,0.6973684210526315,0.5872160819701735,medium,0.7,0.7,22,0.9473684210526315
0.6578947368421053,0.2236842105263158,0.19721598427097586,0.32894736842105265,0.039473684210526314,0.6622807017543859,0.7501524367816557,medium,0.7,0.7,23,0.9473684210526315
0.6578947368421053,0.2324561403508772,0.19714398495127838,0.3201754385964912,0.03070175438596491,0.6885964912280702,0.7502244361013531,medium,0.7,0.7,24,0.9473684210526315
0.6666666666666666,0.19298245614035087,0.35349288805700285,0.3157894736842105,0.03508771929824561,0.6447368421052632,0.5938755329956287,medium,0.7,0.7,25,0.9473684210526315
0.6535087719298246,0.24561403508771928,0.30060895552554345,0.3157894736842105,0.021929824561403508,0.6929824561403509,0.6467594655270881,medium,0.7,0.7,26,0.9473684210526315
0.6666666666666666,0.21929824561403508,0.5513936112099369,0.3157894736842105,0.03508771929824561,0.6622807017543859,0.3959748098426946,medium,0.7,0.7,27,0.9473684210526315
0.6973684210526315,0.21052631578947367,0.0662516719140116,0.2894736842105263,0.039473684210526314,0.7017543859649122,0.8811167491386199,medium,0.7,0.7,28,0.9473684210526315
0.6842105263157895,0.19736842105263158,0.42999700050219325,0.29385964912280704,0.03070175438596491,0.6754385964912281,0.5173714205504383,medium,0.7,0.7,29,0.9473684210526315
0.7105263157894737,0.17982456140350878,0.4697749913407157,0.2719298245614035,0.03508771929824561,0.706140350877193,0.4775934297119158,medium,0.7,0.85,0,0.9473684210526315
0.7324561403508771,0.17982456140350878,0.42130337830561504,0.24561403508771928,0.03070175438596491,0.7324561403508771,0.5260650427470165,medium,0.7,0.85,1,0.9473684210526315
0.6929824561403509,0.19298245614035087,0.39155961826772523,0.2850877192982456,0.03070175438596491,0.7280701754385965,0.5558088027849063,medium,0.7,0.85,2,0.9473684210526315
0.6359649122807017,0.24561403508771928,0.5938058326557812,0.34210526315789475,0.03070175438596491,0.631578947368421,0.3535625883968503,medium,0.7,0.85,3,0.9473684210526315
0.6710526315789473,0.20614035087719298,0.08795833879961479,0.3026315789473684,0.02631578947368421,0.6754385964912281,0.8594100822530167,medium,0.7,0.85,4,0.9473684210526315
0.6447368421052632,0.17105263157894737,0.17983450310638116,0.3201754385964912,0.017543859649122806,0.6052631578947368,0.7675339179462504,medium,0.7,0.85,5,0.9473684210526315
0.6842105263157895,0.19736842105263158,0.205830624650435,0.29385964912280704,0.03070175438596491,0.6578947368421053,0.7415377964021965,medium,0.7,0.85,6,0.9473684210526315
0.6491228070175439,0.2236842105263158,0.29960448506610216,0.33771929824561403,0.039473684210526314,0.6622807017543859,0.6477639359865294,medium,0.7,0.85,7,0.9473684210526315
0.6622807017543859,0.20175438596491227,0.305094507668238,0.3157894736842105,0.03070175438596491,0.6447368421052632,0.6422739133843935,medium,0.7,0.85,8,0.9473684210526315
0.7675438596491229,0.18421052631578946,0.2489049727246183,0.2149122807017544,0.03508771929824561,0.793859649122807,0.6984634483280132,medium,0.7,0.85,9,0.9473684210526315
0.7280701754385965,0.20175438596491227,0.1438305865571199,0.25877192982456143,0.039473684210526314,0.6973684210526315,0.8035378344955116,medium,0.7,0.85,10,0.9473684210526315
0.6666666666666666,0.18859649122807018,0.2889019092431866,0.31140350877192985,0.03070175438596491,0.6710526315789473,0.6584665118094449,medium,0.7,0.85,11,0.9473684210526315
0.7017543859649122,0.20175438596491227,0.2544525959880385,0.2807017543859649,0.03508771929824561,0.6973684210526315,0.692915825064593,medium,0.7,0.85,12,0.9473684210526315
0.7192982456140351,0.19736842105263158,0.2020723267401272,0.2543859649122807,0.02631578947368421,0.6885964912280702,0.7452960943125043,medium,0.7,0.85,13,0.9473684210526315
0.6622807017543859,0.21929824561403508,0.5171135810810422,0.30701754385964913,0.021929824561403508,0.6271929824561403,0.4302548399715893,medium,0.7,0.85,14,0.9473684210526315
0.7280701754385965,0.18421052631578946,0.4462044501676049,0.25,0.03070175438596491,0.7543859649122807,0.5011639708850266,medium,0.7,0.85,15,0.9473684210526315
0.706140350877193,0.21929824561403508,0.27874847088128774,0.27631578947368424,0.03508771929824561,0.7412280701754386,0.6686199501713438,medium,0.7,0.85,16,0.9473684210526315
0.7149122807017544,0.19736842105263158,0.21389411673444203,0.25877192982456143,0.02631578947368421,0.75,0.7334743043181895,medium,0.7,0.85,17,0.9473684210526315
0.6929824561403509,0.20614035087719298,0.272831787160586,0.2850877192982456,0.03070175438596491,0.6666666666666666,0.6745366338920455,medium,0.7,0.85,18,0.9473684210526315
0.7280701754385965,0.15789473684210525,0.21981603797783955,0.2543859649122807,0.03508771929824561,0.6754385964912281,0.727552383074792,medium,0.7,0.85,19,0.9473684210526315
0.6885964912280702,0.2236842105263158,0.30945760105257714,0.2894736842105263,0.03070175438596491,0.7236842105263158,0.6379108200000544,medium,0.7,0.85,20,0.9473684210526315
0.6710526315789473,0.19298245614035087,0.23175204809733974,0.29385964912280704,0.017543859649122806,0.6271929824561403,0.7156163729552918,medium,0.7,0.85,21,0.9473684210526315
0.6578947368421053,0.2412280701754386,0.36015233908245803,0.3201754385964912,0.03070175438596491,0.6973684210526315,0.5872160819701735,medium,0.7,0.85,22,0.9473684210526315
0.6578947368421053,0.2236842105263158,0.19721598427097586,0.32894736842105265,0.039473684210526314,0.6622807017543859,0.7501524367816557,medium,0.7,0.85,23,0.9473684210526315
0.6578947368421053,0.2324561403508772,0.19714398495127838,0.3201754385964912,0.03070175438596491,0.6885964912280702,0.7502244361013531,medium,0.7,0.85,24,0.9473684210526315
0.6666666666666666,0.19298245614035087,0.35349288805700285,0.3157894736842105,0.03508771929824561,0.6447368421052632,0.5938755329956287,medium,0.7,0.85,25,0.9473684210526315
0.6535087719298246,0.24561403508771928,0.30060895552554345,0.3157894736842105,0.021929824561403508,0.6929824561403509,0.6467594655270881,medium,0.7,0.85,26,0.9473684210526315
0.6666666666666666,0.21929824561403508,0.5513936112099369,0.3157894736842105,0.03508771929824561,0.6622807017543859,0.3959748098426946,medium,0.7,0.85,27,0.9473684210526315
0.6973684210526315,0.21052631578947367,0.0662516719140116,0.2894736842105263,0.039473684210526314,0.7017543859649122,0.8811167491386199,medium,0.7,0.85,28,0.9473684210526315
0.6842105263157895,0.19736842105263158,0.42999700050219325,0.29385964912280704,0.03070175438596491,0.6754385964912281,0.5173714205504383,medium,0.7,0.85,29,0.9473684210526315
0.7105263157894737,0.17982456140350878,0.4697749913407157,0.2719298245614035,0.03508771929824561,0.706140350877193,0.4775934297119158,medium,0.7,1.0,0,0.9473684210526315
0.7324561403508771,0.17982456140350878,0.42130337830561504,0.24561403508771928,0.03070175438596491,0.7324561403508771,0.5260650427470165,medium,0.7,1.0,1,0.9473684210526315
0.6929824561403509,0.19298245614035087,0.39155961826772523,0.2850877192982456,0.03070175438596491,0.7280701754385965,0.5558088027849063,medium,0.7,1.0,2,0.9473684210526315
0.6359649122807017,0.24561403508771928,0.5938058326557812,0.34210526315789475,0.03070175438596491,0.631578947368421,0.3535625883968503,medium,0.7,1.0,3,0.9473684210526315
0.6710526315789473,0.20614035087719298,0.08795833879961479,0.3026315789473684,0.02631578947368421,0.6754385964912281,0.8594100822530167,medium,0.7,1.0,4,0.9473684210526315
0.6447368421052632,0.17105263157894737,0.17983450310638116,0.3201754385964912,0.017543859649122806,0.6052631578947368,0.7675339179462504,medium,0.7,1.0,5,0.9473684210526315
0.6842105263157895,0.19736842105263158,0.205830624650435,0.29385964912280704,0.03070175438596491,0.6578947368421053,0.7415377964021965,medium,0.7,1.0,6,0.9473684210526315
0.6491228070175439,0.2236842105263158,0.29960448506610216,0.33771929824561403,0.039473684210526314,0.6622807017543859,0.6477639359865294,medium,0.7,1.0,7,0.9473684210526315
0.6622807017543859,0.20175438596491227,0.305094507668238,0.3157894736842105,0.03070175438596491,0.6447368421052632,0.6422739133843935,medium,0.7,1.0,8,0.9473684210526315
0.7675438596491229,0.18421052631578946,0.2489049727246183,0.2149122807017544,0.03508771929824561,0.793859649122807,0.6984634483280132,medium,0.7,1.0,9,0.9473684210526315
0.7280701754385965,0.20175438596491227,0.1438305865571199,0.25877192982456143,0.039473684210526314,0.6973684210526315,0.8035378344955116,medium,0.7,1.0,10,0.9473684210526315
0.6666666666666666,0.18859649122807018,0.2889019092431866,0.31140350877192985,0.03070175438596491,0.6710526315789473,0.6584665118094449,medium,0.7,1.0,11,0.9473684210526315
0.7017543859649122,0.20175438596491227,0.2544525959880385,0.2807017543859649,0.03508771929824561,0.6973684210526315,0.692915825064593,medium,0.7,1.0,12,0.9473684210526315
0.7192982456140351,0.19736842105263158,0.2020723267401272,0.2543859649122807,0.02631578947368421,0.6885964912280702,0.7452960943125043,medium,0.7,1.0,13,0.9473684210526315
0.6622807017543859,0.21929824561403508,0.5171135810810422,0.30701754385964913,0.021929824561403508,0.6271929824561403,0.4302548399715893,medium,0.7,1.0,14,0.9473684210526315
0.7280701754385965,0.18421052631578946,0.4462044501676049,0.25,0.03070175438596491,0.7543859649122807,0.5011639708850266,medium,0.7,1.0,15,0.9473684210526315
0.706140350877193,0.21929824561403508,0.27874847088128774,0.27631578947368424,0.03508771929824561,0.7412280701754386,0.6686199501713438,medium,0.7,1.0,16,0.9473684210526315
0.7149122807017544,0.19736842105263158,0.21389411673444203,0.25877192982456143,0.02631578947368421,0.75,0.7334743043181895,medium,0.7,1.0,17,0.9473684210526315
0.6929824561403509,0.20614035087719298,0.272831787160586,0.2850877192982456,0.03070175438596491,0.6666666666666666,0.6745366338920455,medium,0.7,1.0,18,0.9473684210526315
0.7280701754385965,0.15789473684210525,0.21981603797783955,0.2543859649122807,0.03508771929824561,0.6754385964912281,0.727552383074792,medium,0.7,1.0,19,0.9473684210526315
0.6885964912280702,0.2236842105263158,0.30945760105257714,0.2894736842105263,0.03070175438596491,0.7236842105263158,0.6379108200000544,medium,0.7,1.0,20,0.9473684210526315
0.6710526315789473,0.19298245614035087,0.23175204809733974,0.29385964912280704,0.017543859649122806,0.6271929824561403,0.7156163729552918,medium,0.7,1.0,21,0.9473684210526315
0.6578947368421053,0.2412280701754386,0.36015233908245803,0.3201754385964912,0.03070175438596491,0.6973684210526315,0.5872160819701735,medium,0.7,1.0,22,0.9473684210526315
0.6578947368421053,0.2236842105263158,0.19721598427097586,0.32894736842105265,0.039473684210526314,0.6622807017543859,0.7501524367816557,medium,0.7,1.0,23,0.9473684210526315
0.6578947368421053,0.2324561403508772,0.19714398495127838,0.3201754385964912,0.03070175438596491,0.6885964912280702,0.7502244361013531,medium,0.7,1.0,24,0.9473684210526315
0.6666666666666666,0.19298245614035087,0.35349288805700285,0.3157894736842105,0.03508771929824561,0.6447368421052632,0.5938755329956287,medium,0.7,1.0,25,0.9473684210526315
0.6535087719298246,0.24561403508771928,0.30060895552554345,0.3157894736842105,0.021929824561403508,0.6929824561403509,0.6467594655270881,medium,0.7,1.0,26,0.9473684210526315
0.6666666666666666,0.21929824561403508,0.5513936112099369,0.3157894736842105,0.03508771929824561,0.6622807017543859,0.3959748098426946,medium,0.7,1.0,27,0.9473684210526315
0.6973684210526315,0.21052631578947367,0.0662516719140116,0.2894736842105263,0.039473684210526314,0.7017543859649122,0.8811167491386199,medium,0.7,1.0,28,0.9473684210526315
0.6842105263157895,0.19736842105263158,0.42999700050219325,0.29385964912280704,0.03070175438596491,0.6754385964912281,0.5173714205504383,medium,0.7,1.0,29,0.9473684210526315
0.9385964912280702,0.043859649122807015,0.051437550686336375,0.0,0.0,0.9298245614035088,0.9988059717389679,high,0.85,0.0,0,0.9473684210526315
0.9385964912280702,0.03070175438596491,0.051437550686336375,0.0,0.0,0.9210526315789473,0.9988059717389679,high,0.85,0.0,1,0.9473684210526315
0.9385964912280702,0.03070175438596491,0.051437550686336375,0.0,0.0,0.9342105263157895,0.9988059717389679,high,0.85,0.0,2,0.9473684210526315
0.9473684210526315,0.03070175438596491,0.051437550686336375,0.0,0.0,0.8947368421052632,0.9988059717389679,high,0.85,0.0,3,0.9473684210526315
0.9605263157894737,0.017543859649122806,0.051437550686336375,0.0,0.0,0.9122807017543859,0.9988059717389679,high,0.85,0.0,4,0.9473684210526315
0.9385964912280702,0.021929824561403508,0.051437550686336375,0.0,0.0,0.9473684210526315,0.9988059717389679,high,0.85,0.0,5,0.9473684210526315
0.9342105263157895,0.03508771929824561,0.051437550686336375,0.0,0.0,0.9429824561403509,0.9988059717389679,high,0.85,0.0,6,0.9473684210526315
0.9298245614035088,0.039473684210526314,0.051437550686336375,0.0,0.0,0.9385964912280702,0.9988059717389679,high,0.85,0.0,7,0.9473684210526315
0.9473684210526315,0.03070175438596491,0.051437550686336375,0.0,0.0,0.9210526315789473,0.9988059717389679,high,0.85,0.0,8,0.9473684210526315
0.9473684210526315,0.03070175438596491,0.051437550686336375,0.0,0.0,0.9342105263157895,0.9988059717389679,high,0.85,0.0,9,0.9473684210526315
0.9473684210526315,0.03070175438596491,0.051437550686336375,0.0,0.0,0.9473684210526315,0.9988059717389679,high,0.85,0.0,10,0.9473684210526315
0.9342105263157895,0.02631578947368421,0.051437550686336375,0.0,0.0,0.9210526315789473,0.9988059717389679,high,0.85,0.0,11,0.9473684210526315
0.9429824561403509,0.03508771929824561,0.051437550686336375,0.0,0.0,0.9385964912280702,0.9988059717389679,high,0.85,0.0,12,0.9473684210526315
0.9385964912280702,0.02631578947368421,0.051437550686336375,0.0,0.0,0.9385964912280702,0.9988059717389679,high,0.85,0.0,13,0.9473684210526315
0.9429824561403509,0.021929824561403508,0.051437550686336375,0.0,0.0,0.9254385964912281,0.9988059717389679,high,0.85,0.0,14,0.9473684210526315
0.9342105263157895,0.03508771929824561,0.051437550686336375,0.0,0.0,0.9429824561403509,0.9988059717389679,high,0.85,0.0,15,0.9473684210526315
0.9385964912280702,0.03508771929824561,0.051437550686336375,0.0,0.0,0.9385964912280702,0.9988059717389679,high,0.85,0.0,16,0.9473684210526315
0.9342105263157895,0.03508771929824561,0.051437550686336375,0.0,0.0,0.9605263157894737,0.9988059717389679,high,0.85,0.0,17,0.9473684210526315
0.9298245614035088,0.03070175438596491,0.051437550686336375,0.0,0.0,0.9254385964912281,0.9988059717389679,high,0.85,0.0,18,0.9473684210526315
0.9342105263157895,0.03070175438596491,0.051437550686336375,0.0,0.0,0.9122807017543859,0.9988059717389679,high,0.85,0.0,19,0.9473684210526315
0.9254385964912281,0.03508771929824561,0.051437550686336375,0.0,0.0,0.956140350877193,0.9988059717389679,high,0.85,0.0,20,0.9473684210526315
0.9517543859649122,0.021929824561403508,0.051437550686336375,0.0,0.0,0.9298245614035088,0.9988059717389679,high,0.85,0.0,21,0.9473684210526315
0.9385964912280702,0.03508771929824561,0.051437550686336375,0.0,0.0,0.9166666666666666,0.9988059717389679,high,0.85,0.0,22,0.9473684210526315
0.9429824561403509,0.043859649122807015,0.051437550686336375,0.0,0.0,0.9824561403508771,0.9988059717389679,high,0.85,0.0,23,0.9473684210526315
0.9473684210526315,0.03070175438596491,0.051437550686336375,0.0,0.0,0.9342105263157895,0.9988059717389679,high,0.85,0.0,24,0.9473684210526315
0.9254385964912281,0.039473684210526314,0.051437550686336375,0.0,0.0,0.9385964912280702,0.9988059717389679,high,0.85,0.0,25,0.9473684210526315
0.9473684210526315,0.03070175438596491,0.051437550686336375,0.0,0.0,0.956140350877193,0.9988059717389679,high,0.85,0.0,26,0.9473684210526315
0.9473684210526315,0.03070175438596491,0.051437550686336375,0.0,0.0,0.9298245614035088,0.9988059717389679,high,0.85,0.0,27,0.9473684210526315
0.9385964912280702,0.03508771929824561,0.051437550686336375,0.0,0.0,0.9473684210526315,0.9988059717389679,high,0.85,0.0,28,0.9473684210526315
0.9429824561403509,0.03070175438596491,0.051437550686336375,0.0,0.0,0.9298245614035088,0.9988059717389679,high,0.85,0.0,29,0.9473684210526315
0.9429824561403509,0.039473684210526314,0.05226453425205024,0.0043859649122807015,0.0043859649122807015,0.9298245614035088,0.9996329553046818,high,0.85,0.1,0,0.9473684210526315
0.9385964912280702,0.03070175438596491,0.051437550686336375,0.0,0.0,0.9210526315789473,0.9988059717389679,high,0.85,0.1,1,0.9473684210526315
0.9342105263157895,0.03508771929824561,0.05226453425205024,0.008771929824561403,0.0043859649122807015,0.9342105263157895,0.9996329553046818,high,0.85,0.1,2,0.9473684210526315
0.9473684210526315,0.03070175438596491,0.05143755068634226,0.0043859649122807015,0.0043859649122807015,0.8947368421052632,0.9988059717389738,high,0.85,0.1,3,0.9473684210526315
0.9605263157894737,0.017543859649122806,0.0522645342574275,0.0043859649122807015,0.008771929824561403,0.9166666666666666,0.999632955310059,high,0.85,0.1,4,0.9473684210526315
0.9298245614035088,0.02631578947368421,0.051437550680965005,0.008771929824561403,0.0,0.9298245614035088,0.9988059717335965,high,0.85,0.1,5,0.9473684210526315
0.9385964912280702,0.03070175438596491,0.05143755068634226,0.0,0.0043859649122807015,0.9429824561403509,0.9988059717389738,high,0.85,0.1,6,0.9473684210526315
0.9298245614035088,0.039473684210526314,0.05226453425205024,0.0043859649122807015,0.0043859649122807015,0.9429824561403509,0.9996329553046818,high,0.85,0.1,7,0.9473684210526315
0.9517543859649122,0.03070175438596491,0.05143755068634226,0.0,0.0043859649122807015,0.9254385964912281,0.9988059717389738,high,0.85,0.1,8,0.9473684210526315
0.9473684210526315,0.03070175438596491,0.051437550686336375,0.0043859649122807015,0.0,0.9298245614035088,0.9988059717389679,high,0.85,0.1,9,0.9473684210526315
0.956140350877193,0.021929824561403508,0.05226453425742761,0.0,0.008771929824561403,0.9605263157894737,0.9996329553100591,high,0.85,0.1,10,0.9473684210526315
0.9210526315789473,0.03508771929824561,0.051437550680965005,0.008771929824561403,0.0,0.9078947368421053,0.9988059717335965,high,0.85,0.1,11,0.9473684210526315
0.9473684210526315,0.03070175438596491,0.05226453425205613,0.0043859649122807015,0.008771929824561403,0.9429824561403509,0.9996329553046877,high,0.85,0.1,12,0.9473684210526315
0.9342105263157895,0.03070175438596491,0.05143755068097078,0.008771929824561403,0.0043859649122807015,0.9342105263157895,0.9988059717336023,high,0.85,0.1,13,0.9473684210526315
0.9429824561403509,0.021929824561403508,0.05226453425205024,0.0043859649122807015,0.0043859649122807015,0.9210526315789473,0.9996329553046818,high,0.85,0.1,14,0.9473684210526315
0.9342105263157895,0.03508771929824561,0.05226453425205024,0.0043859649122807015,0.0043859649122807015,0.9429824561403509,0.9996329553046818,high,0.85,0.1,15,0.9473684210526315
0.9473684210526315,0.03070175438596491,0.05226453425205613,0.0043859649122807015,0.008771929824561403,0.9605263157894737,0.9996329553046877,high,0.85,0.1,16,0.9473684210526315
0.9385964912280702,0.03070175438596491,0.0522645342574275,0.0043859649122807015,0.008771929824561403,0.9649122807017544,0.999632955310059,high,0.85,0.1,17,0.9473684210526315
0.9254385964912281,0.03508771929824561,0.05226453425205024,0.008771929824561403,0.0043859649122807015,0.9342105263157895,0.9996329553046818,high,0.85,0.1,18,0.9473684210526315
0.9342105263157895,0.03070175438596491,0.05226453425205024,0.0043859649122807015,0.0043859649122807015,0.9078947368421053,0.9996329553046818,high,0.85,0.1,19,0.9473684210526315
0.9254385964912281,0.03508771929824561,0.051437550686336375,0.0043859649122807015,0.0,0.9473684210526315,0.9988059717389679,high,0.85,0.1,20,0.9473684210526315
0.9385964912280702,0.03070175438596491,0.05226453425205024,0.008771929824561403,0.0043859649122807015,0.9166666666666666,0.9996329553046818,high,0.85,0.1,21,0.9473684210526315
0.9385964912280702,0.03508771929824561,0.05226453425205024,0.0043859649122807015,0.0043859649122807015,0.9254385964912281,0.9996329553046818,high,0.85,0.1,22,0.9473684210526315
0.9429824561403509,0.043859649122807015,0.05143755068634226,0.0043859649122807015,0.0043859649122807015,0.9824561403508771,0.9988059717389738,high,0.85,0.1,23,0.9473684210526315
0.9649122807017544,0.021929824561403508,0.05226453425742761,0.0,0.008771929824561403,0.9473684210526315,0.9996329553100591,high,0.85,0.1,24,0.9473684210526315
0.9210526315789473,0.039473684210526314,0.05226453425205024,0.008771929824561403,0.0043859649122807015,0.9298245614035088,0.9996329553046818,high,0.85,0.1,25,0.9473684210526315
0.9517543859649122,0.02631578947368421,0.052264534257421724,0.0,0.0043859649122807015,0.9605263157894737,0.9996329553100533,high,0.85,0.1,26,0.9473684210526315
0.9473684210526315,0.03070175438596491,0.05143755068097089,0.0043859649122807015,0.0043859649122807015,0.9298245614035088,0.9988059717336024,high,0.85,0.1,27,0.9473684210526315
0.9385964912280702,0.03508771929824561,0.05143755068097089,0.0043859649122807015,0.0043859649122807015,0.9473684210526315,0.9988059717336024,high,0.85,0.1,28,0.9473684210526315
0.9473684210526315,0.02631578947368421,0.05143755068634226,0.0,0.0043859649122807015,0.9385964912280702,0.9988059717389738,high,0.85,0.1,29,0.9473684210526315
0.9429824561403509,0.039473684210526314,0.05226453425205024,0.0043859649122807015,0.0043859649122807015,0.9298245614035088,0.9996329553046818,high,0.85,0.2,0,0.9473684210526315
0.9385964912280702,0.03070175438596491,0.051437550686336375,0.0,0.0,0.9210526315789473,0.9988059717389679,high,0.85,0.2,1,0.9473684210526315
0.9342105263157895,0.03508771929824561,0.05226453425205024,0.008771929824561403,0.0043859649122807015,0.9342105263157895,0.9996329553046818,high,0.85,0.2,2,0.9473684210526315
0.9473684210526315,0.03070175438596491,0.05143755068634226,0.0043859649122807015,0.0043859649122807015,0.8947368421052632,0.9988059717389738,high,0.85,0.2,3,0.9473684210526315
0.9605263157894737,0.017543859649122806,0.0522645342574275,0.0043859649122807015,0.008771929824561403,0.9166666666666666,0.999632955310059,high,0.85,0.2,4,0.9473684210526315
0.9298245614035088,0.02631578947368421,0.051437550680965005,0.008771929824561403,0.0,0.9298245614035088,0.9988059717335965,high,0.85,0.2,5,0.9473684210526315
0.9385964912280702,0.03070175438596491,0.05143755068634226,0.0,0.0043859649122807015,0.9429824561403509,0.9988059717389738,high,0.85,0.2,6,0.9473684210526315
0.9298245614035088,0.039473684210526314,0.05226453425205024,0.0043859649122807015,0.0043859649122807015,0.9429824561403509,0.9996329553046818,high,0.85,0.2,7,0.9473684210526315
0.9517543859649122,0.03070175438596491,0.05143755068634226,0.0,0.0043859649122807015,0.9254385964912281,0.9988059717389738,high,0.85,0.2,8,0.9473684210526315
0.9473684210526315,0.03070175438596491,0.051437550686336375,0.0043859649122807015,0.0,0.9298245614035088,0.9988059717389679,high,0.85,0.2,9,0.9473684210526315
0.956140350877193,0.021929824561403508,0.05226453425742761,0.0,0.008771929824561403,0.9605263157894737,0.9996329553100591,high,0.85,0.2,10,0.9473684210526315
0.9210526315789473,0.03508771929824561,0.051437550680965005,0.008771929824561403,0.0,0.9078947368421053,0.9988059717335965,high,0.85,0.2,11,0.9473684210526315
0.9473684210526315,0.03070175438596491,0.05226453425205613,0.0043859649122807015,0.008771929824561403,0.9429824561403509,0.9996329553046877,high,0.85,0.2,12,0.9473684210526315
0.9342105263157895,0.03070175438596491,0.05143755068097078,0.008771929824561403,0.0043859649122807015,0.9342105263157895,0.9988059717336023,high,0.85,0.2,13,0.9473684210526315
0.9429824561403509,0.021929824561403508,0.05226453425205024,0.0043859649122807015,0.0043859649122807015,0.9210526315789473,0.9996329553046818,high,0.85,0.2,14,0.9473684210526315
0.9342105263157895,0.03508771929824561,0.05226453425205024,0.0043859649122807015,0.0043859649122807015,0.9429824561403509,0.9996329553046818,high,0.85,0.2,15,0.9473684210526315
0.9473684210526315,0.03070175438596491,0.05226453425205613,0.0043859649122807015,0.008771929824561403,0.9605263157894737,0.9996329553046877,high,0.85,0.2,16,0.9473684210526315
0.9385964912280702,0.03070175438596491,0.0522645342574275,0.0043859649122807015,0.008771929824561403,0.9649122807017544,0.999632955310059,high,0.85,0.2,17,0.9473684210526315
0.9254385964912281,0.03508771929824561,0.05226453425205024,0.008771929824561403,0.0043859649122807015,0.9342105263157895,0.9996329553046818,high,0.85,0.2,18,0.9473684210526315
0.9342105263157895,0.03070175438596491,0.05226453425205024,0.0043859649122807015,0.0043859649122807015,0.9078947368421053,0.9996329553046818,high,0.85,0.2,19,0.9473684210526315
0.9254385964912281,0.03508771929824561,0.051437550686336375,0.0043859649122807015,0.0,0.9473684210526315,0.9988059717389679,high,0.85,0.2,20,0.9473684210526315
0.9385964912280702,0.03070175438596491,0.05226453425205024,0.008771929824561403,0.0043859649122807015,0.9166666666666666,0.9996329553046818,high,0.85,0.2,21,0.9473684210526315
0.9385964912280702,0.03508771929824561,0.05226453425205024,0.0043859649122807015,0.0043859649122807015,0.9254385964912281,0.9996329553046818,high,0.85,0.2,22,0.9473684210526315
0.9429824561403509,0.043859649122807015,0.05143755068634226,0.0043859649122807015,0.0043859649122807015,0.9824561403508771,0.9988059717389738,high,0.85,0.2,23,0.9473684210526315
0.9649122807017544,0.021929824561403508,0.05226453425742761,0.0,0.008771929824561403,0.9473684210526315,0.9996329553100591,high,0.85,0.2,24,0.9473684210526315
0.9210526315789473,0.039473684210526314,0.05226453425205024,0.008771929824561403,0.0043859649122807015,0.9298245614035088,0.9996329553046818,high,0.85,0.2,25,0.9473684210526315
0.9517543859649122,0.02631578947368421,0.052264534257421724,0.0,0.0043859649122807015,0.9605263157894737,0.9996329553100533,high,0.85,0.2,26,0.9473684210526315
0.9473684210526315,0.03070175438596491,0.05143755068097089,0.0043859649122807015,0.0043859649122807015,0.9298245614035088,0.9988059717336024,high,0.85,0.2,27,0.9473684210526315
0.9385964912280702,0.03508771929824561,0.05143755068097089,0.0043859649122807015,0.0043859649122807015,0.9473684210526315,0.9988059717336024,high,0.85,0.2,28,0.9473684210526315
0.9473684210526315,0.02631578947368421,0.05143755068634226,0.0,0.0043859649122807015,0.9385964912280702,0.9988059717389738,high,0.85,0.2,29,0.9473684210526315
0.9473684210526315,0.03508771929824561,0.05226454968912142,0.0043859649122807015,0.008771929824561403,0.9298245614035088,0.999632970741753,high,0.85,0.3,0,0.9473684210526315
0.9429824561403509,0.02631578947368421,0.05143756612340755,0.0,0.0043859649122807015,0.9385964912280702,0.9988059871760391,high,0.85,0.3,1,0.9473684210526315
0.9342105263157895,0.03508771929824561,0.05226453425205024,0.008771929824561403,0.0043859649122807015,0.9342105263157895,0.9996329553046818,high,0.85,0.3,2,0.9473684210526315
0.9473684210526315,0.03070175438596491,0.05143755068634226,0.0043859649122807015,0.0043859649122807015,0.8947368421052632,0.9988059717389738,high,0.85,0.3,3,0.9473684210526315
0.9605263157894737,0.017543859649122806,0.0522645342574275,0.0043859649122807015,0.008771929824561403,0.9166666666666666,0.999632955310059,high,0.85,0.3,4,0.9473684210526315
0.9298245614035088,0.02631578947368421,0.051437550680965005,0.008771929824561403,0.0,0.9298245614035088,0.9988059717335965,high,0.85,0.3,5,0.9473684210526315
0.9429824561403509,0.02631578947368421,0.051437566123413325,0.0,0.008771929824561403,0.9429824561403509,0.9988059871760449,high,0.85,0.3,6,0.9473684210526315
0.9342105263157895,0.03508771929824561,0.05226454968912142,0.0043859649122807015,0.008771929824561403,0.9429824561403509,0.999632970741753,high,0.85,0.3,7,0.9473684210526315
0.956140350877193,0.02631578947368421,0.051437566123413325,0.0,0.008771929824561403,0.9298245614035088,0.9988059871760449,high,0.85,0.3,8,0.9473684210526315
0.9517543859649122,0.02631578947368421,0.05143756612340755,0.0043859649122807015,0.0043859649122807015,0.9342105263157895,0.9988059871760391,high,0.85,0.3,9,0.9473684210526315
0.9649122807017544,0.017543859649122806,0.052264549694498785,0.0,0.013157894736842105,0.9692982456140351,0.9996329707471303,high,0.85,0.3,10,0.9473684210526315
0.9254385964912281,0.03070175438596491,0.05143756611803607,0.008771929824561403,0.0043859649122807015,0.9166666666666666,0.9988059871706676,high,0.85,0.3,11,0.9473684210526315
0.9517543859649122,0.02631578947368421,0.05226454968912719,0.0043859649122807015,0.013157894736842105,0.9429824561403509,0.9996329707417587,high,0.85,0.3,12,0.9473684210526315
0.9385964912280702,0.02631578947368421,0.051437566118041844,0.008771929824561403,0.008771929824561403,0.9385964912280702,0.9988059871706734,high,0.85,0.3,13,0.9473684210526315
0.9473684210526315,0.017543859649122806,0.05226454968912142,0.0043859649122807015,0.008771929824561403,0.9254385964912281,0.999632970741753,high,0.85,0.3,14,0.9473684210526315
0.9385964912280702,0.03070175438596491,0.05226454968912142,0.0043859649122807015,0.008771929824561403,0.9517543859649122,0.999632970741753,high,0.85,0.3,15,0.9473684210526315
0.9473684210526315,0.03070175438596491,0.05226453425205613,0.0043859649122807015,0.008771929824561403,0.9605263157894737,0.9996329553046877,high,0.85,0.3,16,0.9473684210526315
0.9429824561403509,0.02631578947368421,0.052264549694498674,0.0043859649122807015,0.013157894736842105,0.9649122807017544,0.9996329707471302,high,0.85,0.3,17,0.9473684210526315
0.9342105263157895,0.03070175438596491,0.05226454968912142,0.008771929824561403,0.008771929824561403,0.9429824561403509,0.999632970741753,high,0.85,0.3,18,0.9473684210526315
0.9385964912280702,0.02631578947368421,0.05226454968912142,0.0043859649122807015,0.008771929824561403,0.9122807017543859,0.999632970741753,high,0.85,0.3,19,0.9473684210526315
0.9254385964912281,0.03508771929824561,0.051437550686336375,0.0043859649122807015,0.0,0.9473684210526315,0.9988059717389679,high,0.85,0.3,20,0.9473684210526315
0.9429824561403509,0.02631578947368421,0.05226454968912142,0.008771929824561403,0.008771929824561403,0.9254385964912281,0.999632970741753,high,0.85,0.3,21,0.9473684210526315
0.9429824561403509,0.03070175438596491,0.05226454968912142,0.0043859649122807015,0.008771929824561403,0.9254385964912281,0.999632970741753,high,0.85,0.3,22,0.9473684210526315
0.9473684210526315,0.039473684210526314,0.051437566123413325,0.0043859649122807015,0.008771929824561403,0.9824561403508771,0.9988059871760449,high,0.85,0.3,23,0.9473684210526315
0.9649122807017544,0.021929824561403508,0.05226453425742761,0.0,0.008771929824561403,0.9473684210526315,0.9996329553100591,high,0.85,0.3,24,0.9473684210526315
0.9298245614035088,0.03508771929824561,0.05226454968912142,0.008771929824561403,0.008771929824561403,0.9342105263157895,0.999632970741753,high,0.85,0.3,25,0.9473684210526315
0.9517543859649122,0.02631578947368421,0.052264534257421724,0.0,0.0043859649122807015,0.9605263157894737,0.9996329553100533,high,0.85,0.3,26,0.9473684210526315
0.9517543859649122,0.02631578947368421,0.051437566118041844,0.0043859649122807015,0.008771929824561403,0.9342105263157895,0.9988059871706734,high,0.85,0.3,27,0.9473684210526315
0.9473684210526315,0.03070175438596491,0.051437566118041844,0.0043859649122807015,0.008771929824561403,0.9517543859649122,0.9988059871706734,high,0.85,0.3,28,0.9473684210526315
0.9517543859649122,0.021929824561403508,0.051437566123413325,0.0,0.008771929824561403,0.9385964912280702,0.9988059871760449,high,0.85,0.3,29,0.9473684210526315
0.9517543859649122,0.03070175438596491,0.056110450311046556,0.013157894736842105,0.021929824561403508,0.9385964912280702,0.891257970741585,high,0.85,0.4,0,0.9473684210526315
0.9385964912280702,0.03070175438596491,0.05693743387554451,0.008771929824561403,0.008771929824561403,0.9254385964912281,0.890430987177087,high,0.85,0.4,1,0.9473684210526315
0.9342105263157895,0.03508771929824561,0.04415616835278302,0.017543859649122806,0.013157894736842105,0.9342105263157895,0.9915245894054145,high,0.85,0.4,2,0.9473684210526315
0.956140350877193,0.02631578947368421,0.05143754648096277,0.008771929824561403,0.017543859649122806,0.9122807017543859,0.9988059675335943,high,0.85,0.4,3,0.9473684210526315
0.9692982456140351,0.013157894736842105,0.056110465741496696,0.008771929824561403,0.017543859649122806,0.9254385964912281,0.8912579553111348,high,0.85,0.4,4,0.9473684210526315
0.9254385964912281,0.03070175438596491,0.0433905850034898,0.021929824561403508,0.008771929824561403,0.9210526315789473,0.9907590060561213,high,0.85,0.4,5,0.9473684210526315
0.9298245614035088,0.043859649122807015,0.043329196016418714,0.021929824561403508,0.013157894736842105,0.9254385964912281,0.9906976170690502,high,0.85,0.4,6,0.9473684210526315
0.9429824561403509,0.03070175438596491,0.05611045451625818,0.013157894736842105,0.021929824561403508,0.9473684210526315,0.8912579665363733,high,0.85,0.4,7,0.9473684210526315
0.9517543859649122,0.03070175438596491,0.04339060044613352,0.013157894736842105,0.017543859649122806,0.9254385964912281,0.990759021498765,high,0.85,0.4,8,0.9473684210526315
0.9605263157894737,0.017543859649122806,0.051437566123426204,0.0043859649122807015,0.013157894736842105,0.9429824561403509,0.9988059871760577,high,0.85,0.4,9,0.9473684210526315
0.9649122807017544,0.021929824561403508,0.05611045030443462,0.008771929824561403,0.02631578947368421,0.9780701754385965,0.8912579707481969,high,0.85,0.4,10,0.9473684210526315
0.9298245614035088,0.03070175438596491,0.05137616169063197,0.017543859649122806,0.013157894736842105,0.9166666666666666,0.9987445827432635,high,0.85,0.4,11,0.9473684210526315
0.9517543859649122,0.03070175438596491,0.06421881620910075,0.017543859649122806,0.021929824561403508,0.9342105263157895,0.8831496048435308,high,0.85,0.4,12,0.9473684210526315
0.9298245614035088,0.03508771929824561,0.06504579978019598,0.02631578947368421,0.013157894736842105,0.9254385964912281,0.8823226212724355,high,0.85,0.4,13,0.9473684210526315
0.9342105263157895,0.02631578947368421,0.0442175840118233,0.017543859649122806,0.013157894736842105,0.9078947368421053,0.9915860050644548,high,0.85,0.4,14,0.9473684210526315
0.9385964912280702,0.03070175438596491,0.05220314526066927,0.008771929824561403,0.013157894736842105,0.9517543859649122,0.9995715663133008,high,0.85,0.4,15,0.9473684210526315
0.9517543859649122,0.02631578947368421,0.056171870175320326,0.013157894736842105,0.021929824561403508,0.9649122807017544,0.8911965508773112,high,0.85,0.4,16,0.9473684210526315
0.9429824561403509,0.02631578947368421,0.056110450305492665,0.013157894736842105,0.017543859649122806,0.9605263157894737,0.8912579707471389,high,0.85,0.4,17,0.9473684210526315
0.9385964912280702,0.02631578947368421,0.05220314526174452,0.013157894736842105,0.017543859649122806,0.9429824561403509,0.999571566314376,high,0.85,0.4,18,0.9473684210526315
0.9342105263157895,0.03508771929824561,0.05617185473951736,0.017543859649122806,0.017543859649122806,0.9166666666666666,0.8911965663131142,high,0.85,0.4,19,0.9473684210526315
0.9298245614035088,0.039473684210526314,0.043329180580426896,0.021929824561403508,0.013157894736842105,0.9429824561403509,0.9906976016330584,high,0.85,0.4,20,0.9473684210526315
0.9473684210526315,0.021929824561403508,0.05226454969017891,0.008771929824561403,0.013157894736842105,0.9254385964912281,0.9996329707428104,high,0.85,0.4,21,0.9473684210526315
0.9429824561403509,0.03070175438596491,0.044217584012907984,0.013157894736842105,0.017543859649122806,0.9254385964912281,0.9915860050655395,high,0.85,0.4,22,0.9473684210526315
0.9473684210526315,0.039473684210526314,0.04332920022414599,0.013157894736842105,0.017543859649122806,0.9736842105263158,0.9906976212767775,high,0.85,0.4,23,0.9473684210526315
0.9605263157894737,0.02631578947368421,0.044156168358160275,0.008771929824561403,0.017543859649122806,0.9473684210526315,0.9915245894107918,high,0.85,0.4,24,0.9473684210526315
0.9342105263157895,0.039473684210526314,0.05611045451731567,0.017543859649122806,0.017543859649122806,0.9385964912280702,0.8912579665353159,high,0.85,0.4,25,0.9473684210526315
0.956140350877193,0.021929824561403508,0.05226453005079823,0.008771929824561403,0.017543859649122806,0.956140350877193,0.9996329511034298,high,0.85,0.4,26,0.9473684210526315
0.956140350877193,0.021929824561403508,0.04339060464828459,0.008771929824561403,0.021929824561403508,0.9298245614035088,0.9907590257009161,high,0.85,0.4,27,0.9473684210526315
0.956140350877193,0.02631578947368421,0.05143756611787398,0.008771929824561403,0.021929824561403508,0.9692982456140351,0.9988059871705055,high,0.85,0.4,28,0.9473684210526315
0.9649122807017544,0.013157894736842105,0.051437561918033836,0.0043859649122807015,0.021929824561403508,0.956140350877193,0.9988059829706654,high,0.85,0.4,29,0.9473684210526315
0.9649122807017544,0.021929824561403508,0.05611045032528561,0.017543859649122806,0.03508771929824561,0.9385964912280702,0.8912579707273459,high,0.85,0.45,0,0.9473684210526315
0.9429824561403509,0.02631578947368421,0.05742122598481958,0.021929824561403508,0.021929824561403508,0.9210526315789473,0.889947195067812,high,0.85,0.45,1,0.9473684210526315
0.9473684210526315,0.021929824561403508,0.04415626060073541,0.017543859649122806,0.02631578947368421,0.9473684210526315,0.9915246816533669,high,0.85,0.45,2,0.9473684210526315
0.9692982456140351,0.017543859649122806,0.05138520037221317,0.017543859649122806,0.03508771929824561,0.9473684210526315,0.9987536214248447,high,0.85,0.45,3,0.9473684210526315
0.9649122807017544,0.017543859649122806,0.056110466053827746,0.013157894736842105,0.02631578947368421,0.9342105263157895,0.8912579549988038,high,0.85,0.45,4,0.9473684210526315
0.9166666666666666,0.039473684210526314,0.042958742051639076,0.039473684210526314,0.021929824561403508,0.9078947368421053,0.9903271631042706,high,0.85,0.45,5,0.9473684210526315
0.9254385964912281,0.05263157894736842,0.04192467580871029,0.043859649122807015,0.02631578947368421,0.9122807017543859,0.9892930968613418,high,0.85,0.45,6,0.9473684210526315
0.9473684210526315,0.03070175438596491,0.05774679677910133,0.02631578947368421,0.03508771929824561,0.9429824561403509,0.8896216242735302,high,0.85,0.45,7,0.9473684210526315
0.9605263157894737,0.021929824561403508,0.043390692381752305,0.017543859649122806,0.03508771929824561,0.9342105263157895,0.9907591134343838,high,0.85,0.45,8,0.9473684210526315
0.9649122807017544,0.013157894736842105,0.051005967778625205,0.008771929824561403,0.03070175438596491,0.9605263157894737,0.9983743888312567,high,0.85,0.45,9,0.9473684210526315
0.956140350877193,0.03070175438596491,0.05769469137733363,0.021929824561403508,0.03070175438596491,0.9605263157894737,0.8896737296752979,high,0.85,0.45,10,0.9473684210526315
0.9342105263157895,0.03070175438596491,0.051376161690346867,0.021929824561403508,0.021929824561403508,0.9254385964912281,0.9987445827429784,high,0.85,0.45,11,0.9473684210526315
0.9385964912280702,0.03508771929824561,0.06427091803795482,0.03070175438596491,0.03508771929824561,0.9385964912280702,0.8830975030146767,high,0.85,0.45,12,0.9473684210526315
0.9342105263157895,0.03508771929824561,0.06504570785882224,0.03508771929824561,0.021929824561403508,0.9254385964912281,0.8823227131938093,high,0.85,0.45,13,0.9473684210526315
0.9342105263157895,0.02631578947368421,0.044165390247640324,0.021929824561403508,0.017543859649122806,0.9035087719298246,0.9915338113002719,high,0.85,0.45,14,0.9473684210526315
0.9385964912280702,0.02631578947368421,0.051771546915358124,0.021929824561403508,0.03070175438596491,0.9473684210526315,0.9991399679679897,high,0.85,0.45,15,0.9473684210526315
0.9298245614035088,0.039473684210526314,0.057628676693394554,0.03508771929824561,0.03070175438596491,0.9473684210526315,0.889739744359237,high,0.85,0.45,16,0.9473684210526315
0.9517543859649122,0.021929824561403508,0.056110358057869125,0.021929824561403508,0.03070175438596491,0.956140350877193,0.8912580629947624,high,0.85,0.45,17,0.9473684210526315
0.9517543859649122,0.021929824561403508,0.05220314524750391,0.017543859649122806,0.02631578947368421,0.9649122807017544,0.9995715663001354,high,0.85,0.45,18,0.9473684210526315
0.9517543859649122,0.02631578947368421,0.056603453084787536,0.02631578947368421,0.03508771929824561,0.9517543859649122,0.890764967967844,high,0.85,0.45,19,0.9473684210526315
0.9342105263157895,0.03508771929824561,0.043277079063725576,0.03070175438596491,0.02631578947368421,0.9385964912280702,0.9906455001163571,high,0.85,0.45,20,0.9473684210526315
0.9429824561403509,0.02631578947368421,0.050248710598583934,0.021929824561403508,0.021929824561403508,0.9166666666666666,0.9976171316512155,high,0.85,0.45,21,0.9473684210526315
0.9429824561403509,0.03070175438596491,0.044217339406151246,0.021929824561403508,0.03070175438596491,0.9385964912280702,0.9915857604587828,high,0.85,0.45,22,0.9473684210526315
0.9605263157894737,0.03070175438596491,0.0428973572868272,0.021929824561403508,0.03508771929824561,0.9736842105263158,0.9902657783394587,high,0.85,0.45,23,0.9473684210526315
0.956140350877193,0.02631578947368421,0.04251982608107474,0.02631578947368421,0.03070175438596491,0.9429824561403509,0.9898882471337063,high,0.85,0.45,24,0.9473684210526315
0.9473684210526315,0.02631578947368421,0.05708328411770003,0.021929824561403508,0.03070175438596491,0.9517543859649122,0.8902851369349315,high,0.85,0.45,25,0.9473684210526315
0.956140350877193,0.021929824561403508,0.0522646222842188,0.017543859649122806,0.02631578947368421,0.9736842105263158,0.9996330433368503,high,0.85,0.45,26,0.9473684210526315
0.9649122807017544,0.013157894736842105,0.04339069689623587,0.008771929824561403,0.03070175438596491,0.9385964912280702,0.9907591179488674,high,0.85,0.45,27,0.9473684210526315
0.9736842105263158,0.013157894736842105,0.05143765836582537,0.008771929824561403,0.03508771929824561,0.9824561403508771,0.9988060794184569,high,0.85,0.45,28,0.9473684210526315
0.9605263157894737,0.017543859649122806,0.05138536815338046,0.013157894736842105,0.02631578947368421,0.9473684210526315,0.998753789206012,high,0.85,0.45,29,0.9473684210526315
0.8245614035087719,0.15350877192982457,0.30243281749877804,0.16666666666666666,0.043859649122807015,0.8421052631578947,0.6449356035538535,high,0.85,0.5,0,0.9473684210526315
0.8026315789473685,0.13596491228070176,0.31854907948059574,0.17543859649122806,0.03070175438596491,0.8201754385964912,0.6288193415720358,high,0.85,0.5,1,0.9473684210526315
0.8026315789473685,0.12719298245614036,0.032483887100861364,0.17543859649122806,0.03070175438596491,0.8114035087719298,0.9148845339517702,high,0.85,0.5,2,0.9473684210526315
0.8201754385964912,0.15350877192982457,0.19597690795306721,0.16666666666666666,0.039473684210526314,0.7807017543859649,0.7513915130995643,high,0.85,0.5,3,0.9473684210526315
0.8377192982456141,0.12280701754385964,0.06664481102300746,0.14473684210526316,0.03508771929824561,0.8157894736842105,0.8807236100296241,high,0.85,0.5,4,0.9473684210526315
0.8026315789473685,0.13596491228070176,0.10222804143309572,0.17105263157894737,0.02631578947368421,0.8070175438596491,0.8451403796195358,high,0.85,0.5,5,0.9473684210526315
0.8157894736842105,0.14473684210526316,0.013488344587541001,0.16666666666666666,0.03508771929824561,0.7850877192982456,0.9338800764650905,high,0.85,0.5,6,0.9473684210526315
0.8026315789473685,0.15350877192982457,0.24608600043999895,0.18421052631578946,0.039473684210526314,0.8201754385964912,0.7012824206126326,high,0.85,0.5,7,0.9473684210526315
0.8289473684210527,0.14035087719298245,0.14970831728492362,0.15789473684210525,0.039473684210526314,0.8070175438596491,0.7976601037677079,high,0.85,0.5,8,0.9473684210526315
0.8728070175438597,0.10526315789473684,0.040838833217406,0.11403508771929824,0.039473684210526314,0.8596491228070176,0.9065295878352255,high,0.85,0.5,9,0.9473684210526315
0.8596491228070176,0.10964912280701754,0.11569075862034017,0.12719298245614036,0.039473684210526314,0.8377192982456141,0.8316776624322914,high,0.85,0.5,10,0.9473684210526315
0.7982456140350878,0.12719298245614036,0.14106389702915745,0.17982456140350878,0.03070175438596491,0.7894736842105263,0.8063045240234741,high,0.85,0.5,11,0.9473684210526315
0.8333333333333334,0.12719298245614036,0.1402823755190884,0.15350877192982457,0.039473684210526314,0.8157894736842105,0.8070860455335431,high,0.85,0.5,12,0.9473684210526315
0.8157894736842105,0.13596491228070176,0.13578130726064563,0.16228070175438597,0.03070175438596491,0.793859649122807,0.8115871137919859,high,0.85,0.5,13,0.9473684210526315
0.7850877192982456,0.14473684210526316,0.2081376271536013,0.18859649122807018,0.02631578947368421,0.7280701754385965,0.7392307938990302,high,0.85,0.5,14,0.9473684210526315
0.8377192982456141,0.12280701754385964,0.14962500344947105,0.14473684210526316,0.03508771929824561,0.8596491228070176,0.7977434176031605,high,0.85,0.5,15,0.9473684210526315
0.8289473684210527,0.13596491228070176,0.2609510653885214,0.15350877192982457,0.03508771929824561,0.8596491228070176,0.6864173556641101,high,0.85,0.5,16,0.9473684210526315
0.8114035087719298,0.14035087719298245,0.09237896018376635,0.17105263157894737,0.03508771929824561,0.8245614035087719,0.8549894608688652,high,0.85,0.5,17,0.9473684210526315
0.8245614035087719,0.12280701754385964,0.004472482221449581,0.15350877192982457,0.03070175438596491,0.7894736842105263,0.942895938831182,high,0.85,0.5,18,0.9473684210526315
0.8421052631578947,0.11403508771929824,0.1300207481766894,0.14473684210526316,0.039473684210526314,0.8026315789473685,0.8173476728759421,high,0.85,0.5,19,0.9473684210526315
0.8070175438596491,0.15350877192982457,0.016579147227811397,0.17543859649122806,0.03508771929824561,0.8464912280701754,0.9307892738248201,high,0.85,0.5,20,0.9473684210526315
0.8201754385964912,0.12280701754385964,0.024354085694419547,0.15350877192982457,0.02631578947368421,0.7631578947368421,0.923014335358212,high,0.85,0.5,21,0.9473684210526315
0.8114035087719298,0.14473684210526316,0.04070337463795959,0.17543859649122806,0.039473684210526314,0.7982456140350878,0.9066650464146719,high,0.85,0.5,22,0.9473684210526315
0.8245614035087719,0.14473684210526316,0.1464977423748891,0.16666666666666666,0.043859649122807015,0.8596491228070176,0.8008706786777424,high,0.85,0.5,23,0.9473684210526315
0.8114035087719298,0.15789473684210525,0.006040641666240298,0.17543859649122806,0.039473684210526314,0.8070175438596491,0.9534090627188718,high,0.85,0.5,24,0.9473684210526315
0.8289473684210527,0.13157894736842105,0.15938444265166707,0.15789473684210525,0.039473684210526314,0.8201754385964912,0.7879839784009645,high,0.85,0.5,25,0.9473684210526315
0.8026315789473685,0.16228070175438597,0.23646254050127247,0.17543859649122806,0.03070175438596491,0.868421052631579,0.7109058805513591,high,0.85,0.5,26,0.9473684210526315
0.8070175438596491,0.14473684210526316,0.14550274412211228,0.17982456140350878,0.039473684210526314,0.7763157894736842,0.8018656769305192,high,0.85,0.5,27,0.9473684210526315
0.8596491228070176,0.10964912280701754,0.009570148109090404,0.12719298245614036,0.039473684210526314,0.868421052631579,0.9569385691617219,high,0.85,0.5,28,0.9473684210526315
0.8026315789473685,0.15350877192982457,0.21272668183206955,0.17543859649122806,0.03070175438596491,0.7982456140350878,0.734641739220562,high,0.85,0.5,29,0.9473684210526315
0.8245614035087719,0.15350877192982457,0.30243281749877804,0.16666666666666666,0.043859649122807015,0.8421052631578947,0.6449356035538535,high,0.85,0.55,0,0.9473684210526315
0.8026315789473685,0.13596491228070176,0.31854907948059574,0.17543859649122806,0.03070175438596491,0.8201754385964912,0.6288193415720358,high,0.85,0.55,1,0.9473684210526315
0.8026315789473685,0.12719298245614036,0.032483887100861364,0.17543859649122806,0.03070175438596491,0.8114035087719298,0.9148845339517702,high,0.85,0.55,2,0.9473684210526315
0.8201754385964912,0.15350877192982457,0.19597690795306721,0.16666666666666666,0.039473684210526314,0.7807017543859649,0.7513915130995643,high,0.85,0.55,3,0.9473684210526315
0.8377192982456141,0.12280701754385964,0.06664481102300746,0.14473684210526316,0.03508771929824561,0.8157894736842105,0.8807236100296241,high,0.85,0.55,4,0.9473684210526315
0.7982456140350878,0.14035087719298245,0.10222804162490795,0.17543859649122806,0.02631578947368421,0.8026315789473685,0.8451403794277236,high,0.85,0.55,5,0.9473684210526315
0.8157894736842105,0.14473684210526316,0.013488344587541001,0.16666666666666666,0.03508771929824561,0.7850877192982456,0.9338800764650905,high,0.85,0.55,6,0.9473684210526315
0.8026315789473685,0.15350877192982457,0.24608600043999895,0.18421052631578946,0.039473684210526314,0.8201754385964912,0.7012824206126326,high,0.85,0.55,7,0.9473684210526315
0.8289473684210527,0.14035087719298245,0.14970831728492362,0.15789473684210525,0.039473684210526314,0.8070175438596491,0.7976601037677079,high,0.85,0.55,8,0.9473684210526315
0.8728070175438597,0.10526315789473684,0.040838833217406,0.11403508771929824,0.039473684210526314,0.8596491228070176,0.9065295878352255,high,0.85,0.55,9,0.9473684210526315
0.8596491228070176,0.10964912280701754,0.11569075862034017,0.12719298245614036,0.039473684210526314,0.8377192982456141,0.8316776624322914,high,0.85,0.55,10,0.9473684210526315
0.7982456140350878,0.12719298245614036,0.14106389702915745,0.17982456140350878,0.03070175438596491,0.7894736842105263,0.8063045240234741,high,0.85,0.55,11,0.9473684210526315
0.8333333333333334,0.12719298245614036,0.1402823755190884,0.15350877192982457,0.039473684210526314,0.8157894736842105,0.8070860455335431,high,0.85,0.55,12,0.9473684210526315
0.8157894736842105,0.13596491228070176,0.13578130726064563,0.16228070175438597,0.03070175438596491,0.793859649122807,0.8115871137919859,high,0.85,0.55,13,0.9473684210526315
0.7850877192982456,0.14473684210526316,0.2081376271536013,0.18859649122807018,0.02631578947368421,0.7280701754385965,0.7392307938990302,high,0.85,0.55,14,0.9473684210526315
0.8377192982456141,0.12280701754385964,0.14962500344947105,0.14473684210526316,0.03508771929824561,0.8596491228070176,0.7977434176031605,high,0.85,0.55,15,0.9473684210526315
0.8289473684210527,0.13596491228070176,0.2609510653885214,0.15350877192982457,0.03508771929824561,0.8596491228070176,0.6864173556641101,high,0.85,0.55,16,0.9473684210526315
0.8114035087719298,0.14035087719298245,0.09237896018376635,0.17105263157894737,0.03508771929824561,0.8245614035087719,0.8549894608688652,high,0.85,0.55,17,0.9473684210526315
0.8245614035087719,0.12280701754385964,0.004472482221449581,0.15350877192982457,0.03070175438596491,0.7894736842105263,0.942895938831182,high,0.85,0.55,18,0.9473684210526315
0.8377192982456141,0.11842105263157894,0.13002074836850142,0.14912280701754385,0.039473684210526314,0.7982456140350878,0.8173476726841301,high,0.85,0.55,19,0.9473684210526315
0.8026315789473685,0.15350877192982457,0.01657914741962352,0.17982456140350878,0.03508771929824561,0.8421052631578947,0.930789273633008,high,0.85,0.55,20,0.9473684210526315
0.8201754385964912,0.12280701754385964,0.024354085694419547,0.15350877192982457,0.02631578947368421,0.7631578947368421,0.923014335358212,high,0.85,0.55,21,0.9473684210526315
0.8114035087719298,0.14473684210526316,0.04070337463795959,0.17543859649122806,0.039473684210526314,0.7982456140350878,0.9066650464146719,high,0.85,0.55,22,0.9473684210526315
0.8245614035087719,0.14473684210526316,0.1464977423748891,0.16666666666666666,0.043859649122807015,0.8596491228070176,0.8008706786777424,high,0.85,0.55,23,0.9473684210526315
0.8114035087719298,0.15789473684210525,0.006040641666240298,0.17543859649122806,0.039473684210526314,0.8070175438596491,0.9534090627188718,high,0.85,0.55,24,0.9473684210526315
0.8289473684210527,0.13157894736842105,0.15938444265166707,0.15789473684210525,0.039473684210526314,0.8201754385964912,0.7879839784009645,high,0.85,0.55,25,0.9473684210526315
0.8026315789473685,0.16228070175438597,0.23646254050127247,0.17543859649122806,0.03070175438596491,0.868421052631579,0.7109058805513591,high,0.85,0.55,26,0.9473684210526315
0.8026315789473685,0.14912280701754385,0.1455027443139244,0.18421052631578946,0.039473684210526314,0.7719298245614035,0.8018656767387071,high,0.85,0.55,27,0.9473684210526315
0.8552631578947368,0.11403508771929824,0.009570147917278615,0.13157894736842105,0.039473684210526314,0.8640350877192983,0.9569385689699101,high,0.85,0.55,28,0.9473684210526315
0.8026315789473685,0.15350877192982457,0.21272668183206955,0.17543859649122806,0.03070175438596491,0.7982456140350878,0.734641739220562,high,0.85,0.55,29,0.9473684210526315
0.8245614035087719,0.15350877192982457,0.30243281749877804,0.16666666666666666,0.043859649122807015,0.8421052631578947,0.6449356035538535,high,0.85,0.6,0,0.9473684210526315
0.8026315789473685,0.13596491228070176,0.31854907948059574,0.17543859649122806,0.03070175438596491,0.8201754385964912,0.6288193415720358,high,0.85,0.6,1,0.9473684210526315
0.8026315789473685,0.12719298245614036,0.032483887100861364,0.17543859649122806,0.03070175438596491,0.8114035087719298,0.9148845339517702,high,0.85,0.6,2,0.9473684210526315
0.8201754385964912,0.15350877192982457,0.19597690795306721,0.16666666666666666,0.039473684210526314,0.7807017543859649,0.7513915130995643,high,0.85,0.6,3,0.9473684210526315
0.8377192982456141,0.12280701754385964,0.06664481102300746,0.14473684210526316,0.03508771929824561,0.8157894736842105,0.8807236100296241,high,0.85,0.6,4,0.9473684210526315
0.7982456140350878,0.14035087719298245,0.10222804162490795,0.17543859649122806,0.02631578947368421,0.8026315789473685,0.8451403794277236,high,0.85,0.6,5,0.9473684210526315
0.8157894736842105,0.14473684210526316,0.013488344587541001,0.16666666666666666,0.03508771929824561,0.7850877192982456,0.9338800764650905,high,0.85,0.6,6,0.9473684210526315
0.8026315789473685,0.15350877192982457,0.24608600043999895,0.18421052631578946,0.039473684210526314,0.8201754385964912,0.7012824206126326,high,0.85,0.6,7,0.9473684210526315
0.8289473684210527,0.14035087719298245,0.14970831728492362,0.15789473684210525,0.039473684210526314,0.8070175438596491,0.7976601037677079,high,0.85,0.6,8,0.9473684210526315
0.8728070175438597,0.10526315789473684,0.040838833217406,0.11403508771929824,0.039473684210526314,0.8596491228070176,0.9065295878352255,high,0.85,0.6,9,0.9473684210526315
0.8596491228070176,0.10964912280701754,0.11569075862034017,0.12719298245614036,0.039473684210526314,0.8377192982456141,0.8316776624322914,high,0.85,0.6,10,0.9473684210526315
0.7982456140350878,0.12719298245614036,0.14106389702915745,0.17982456140350878,0.03070175438596491,0.7894736842105263,0.8063045240234741,high,0.85,0.6,11,0.9473684210526315
0.8333333333333334,0.12719298245614036,0.1402823755190884,0.15350877192982457,0.039473684210526314,0.8157894736842105,0.8070860455335431,high,0.85,0.6,12,0.9473684210526315
0.8157894736842105,0.13596491228070176,0.13578130726064563,0.16228070175438597,0.03070175438596491,0.793859649122807,0.8115871137919859,high,0.85,0.6,13,0.9473684210526315
0.7850877192982456,0.14473684210526316,0.2081376271536013,0.18859649122807018,0.02631578947368421,0.7280701754385965,0.7392307938990302,high,0.85,0.6,14,0.9473684210526315
0.8377192982456141,0.12280701754385964,0.14962500344947105,0.14473684210526316,0.03508771929824561,0.8596491228070176,0.7977434176031605,high,0.85,0.6,15,0.9473684210526315
0.8289473684210527,0.13596491228070176,0.2609510653885214,0.15350877192982457,0.03508771929824561,0.8596491228070176,0.6864173556641101,high,0.85,0.6,16,0.9473684210526315
0.8114035087719298,0.14035087719298245,0.09237896018376635,0.17105263157894737,0.03508771929824561,0.8245614035087719,0.8549894608688652,high,0.85,0.6,17,0.9473684210526315
0.8245614035087719,0.12280701754385964,0.004472482221449581,0.15350877192982457,0.03070175438596491,0.7894736842105263,0.942895938831182,high,0.85,0.6,18,0.9473684210526315
0.8377192982456141,0.11842105263157894,0.13002074836850142,0.14912280701754385,0.039473684210526314,0.7982456140350878,0.8173476726841301,high,0.85,0.6,19,0.9473684210526315
0.8026315789473685,0.15350877192982457,0.01657914741962352,0.17982456140350878,0.03508771929824561,0.8421052631578947,0.930789273633008,high,0.85,0.6,20,0.9473684210526315
0.8201754385964912,0.12280701754385964,0.024354085694419547,0.15350877192982457,0.02631578947368421,0.7631578947368421,0.923014335358212,high,0.85,0.6,21,0.9473684210526315
0.8114035087719298,0.14473684210526316,0.04070337463795959,0.17543859649122806,0.039473684210526314,0.7982456140350878,0.9066650464146719,high,0.85,0.6,22,0.9473684210526315
0.8245614035087719,0.14473684210526316,0.1464977423748891,0.16666666666666666,0.043859649122807015,0.8596491228070176,0.8008706786777424,high,0.85,0.6,23,0.9473684210526315
0.8114035087719298,0.15789473684210525,0.006040641666240298,0.17543859649122806,0.039473684210526314,0.8070175438596491,0.9534090627188718,high,0.85,0.6,24,0.9473684210526315
0.8289473684210527,0.13157894736842105,0.15938444265166707,0.15789473684210525,0.039473684210526314,0.8201754385964912,0.7879839784009645,high,0.85,0.6,25,0.9473684210526315
0.8026315789473685,0.16228070175438597,0.23646254050127247,0.17543859649122806,0.03070175438596491,0.868421052631579,0.7109058805513591,high,0.85,0.6,26,0.9473684210526315
0.8026315789473685,0.14912280701754385,0.1455027443139244,0.18421052631578946,0.039473684210526314,0.7719298245614035,0.8018656767387071,high,0.85,0.6,27,0.9473684210526315
0.8552631578947368,0.11403508771929824,0.009570147917278615,0.13157894736842105,0.039473684210526314,0.8640350877192983,0.9569385689699101,high,0.85,0.6,28,0.9473684210526315
0.8026315789473685,0.15350877192982457,0.21272668183206955,0.17543859649122806,0.03070175438596491,0.7982456140350878,0.734641739220562,high,0.85,0.6,29,0.9473684210526315
0.8245614035087719,0.15350877192982457,0.30243281749877804,0.16666666666666666,0.043859649122807015,0.8421052631578947,0.6449356035538535,high,0.85,0.7,0,0.9473684210526315
0.8026315789473685,0.13596491228070176,0.31854907948059574,0.17543859649122806,0.03070175438596491,0.8201754385964912,0.6288193415720358,high,0.85,0.7,1,0.9473684210526315
0.8026315789473685,0.12719298245614036,0.032483887100861364,0.17543859649122806,0.03070175438596491,0.8114035087719298,0.9148845339517702,high,0.85,0.7,2,0.9473684210526315
0.8201754385964912,0.15350877192982457,0.19597690795306721,0.16666666666666666,0.039473684210526314,0.7807017543859649,0.7513915130995643,high,0.85,0.7,3,0.9473684210526315
0.8377192982456141,0.12280701754385964,0.06664481102300746,0.14473684210526316,0.03508771929824561,0.8157894736842105,0.8807236100296241,high,0.85,0.7,4,0.9473684210526315
0.7982456140350878,0.14035087719298245,0.10222804162490795,0.17543859649122806,0.02631578947368421,0.8026315789473685,0.8451403794277236,high,0.85,0.7,5,0.9473684210526315
0.8157894736842105,0.14473684210526316,0.013488344587541001,0.16666666666666666,0.03508771929824561,0.7850877192982456,0.9338800764650905,high,0.85,0.7,6,0.9473684210526315
0.8026315789473685,0.15350877192982457,0.24608600043999895,0.18421052631578946,0.039473684210526314,0.8201754385964912,0.7012824206126326,high,0.85,0.7,7,0.9473684210526315
0.8289473684210527,0.14035087719298245,0.14970831728492362,0.15789473684210525,0.039473684210526314,0.8070175438596491,0.7976601037677079,high,0.85,0.7,8,0.9473684210526315
0.8728070175438597,0.10526315789473684,0.040838833217406,0.11403508771929824,0.039473684210526314,0.8596491228070176,0.9065295878352255,high,0.85,0.7,9,0.9473684210526315
0.8596491228070176,0.10964912280701754,0.11569075862034017,0.12719298245614036,0.039473684210526314,0.8377192982456141,0.8316776624322914,high,0.85,0.7,10,0.9473684210526315
0.7982456140350878,0.12719298245614036,0.14106389702915745,0.17982456140350878,0.03070175438596491,0.7894736842105263,0.8063045240234741,high,0.85,0.7,11,0.9473684210526315
0.8333333333333334,0.12719298245614036,0.1402823755190884,0.15350877192982457,0.039473684210526314,0.8157894736842105,0.8070860455335431,high,0.85,0.7,12,0.9473684210526315
0.8157894736842105,0.13596491228070176,0.13578130726064563,0.16228070175438597,0.03070175438596491,0.793859649122807,0.8115871137919859,high,0.85,0.7,13,0.9473684210526315
0.7850877192982456,0.14473684210526316,0.2081376271536013,0.18859649122807018,0.02631578947368421,0.7280701754385965,0.7392307938990302,high,0.85,0.7,14,0.9473684210526315
0.8377192982456141,0.12280701754385964,0.14962500344947105,0.14473684210526316,0.03508771929824561,0.8596491228070176,0.7977434176031605,high,0.85,0.7,15,0.9473684210526315
0.8289473684210527,0.13596491228070176,0.2609510653885214,0.15350877192982457,0.03508771929824561,0.8596491228070176,0.6864173556641101,high,0.85,0.7,16,0.9473684210526315
0.8114035087719298,0.14035087719298245,0.09237896018376635,0.17105263157894737,0.03508771929824561,0.8245614035087719,0.8549894608688652,high,0.85,0.7,17,0.9473684210526315
0.8245614035087719,0.12280701754385964,0.004472482221449581,0.15350877192982457,0.03070175438596491,0.7894736842105263,0.942895938831182,high,0.85,0.7,18,0.9473684210526315
0.8377192982456141,0.11842105263157894,0.13002074836850142,0.14912280701754385,0.039473684210526314,0.7982456140350878,0.8173476726841301,high,0.85,0.7,19,0.9473684210526315
0.8026315789473685,0.15350877192982457,0.01657914741962352,0.17982456140350878,0.03508771929824561,0.8421052631578947,0.930789273633008,high,0.85,0.7,20,0.9473684210526315
0.8201754385964912,0.12280701754385964,0.024354085694419547,0.15350877192982457,0.02631578947368421,0.7631578947368421,0.923014335358212,high,0.85,0.7,21,0.9473684210526315
0.8114035087719298,0.14473684210526316,0.04070337463795959,0.17543859649122806,0.039473684210526314,0.7982456140350878,0.9066650464146719,high,0.85,0.7,22,0.9473684210526315
0.8245614035087719,0.14473684210526316,0.1464977423748891,0.16666666666666666,0.043859649122807015,0.8596491228070176,0.8008706786777424,high,0.85,0.7,23,0.9473684210526315
0.8114035087719298,0.15789473684210525,0.006040641666240298,0.17543859649122806,0.039473684210526314,0.8070175438596491,0.9534090627188718,high,0.85,0.7,24,0.9473684210526315
0.8289473684210527,0.13157894736842105,0.15938444265166707,0.15789473684210525,0.039473684210526314,0.8201754385964912,0.7879839784009645,high,0.85,0.7,25,0.9473684210526315
0.8026315789473685,0.16228070175438597,0.23646254050127247,0.17543859649122806,0.03070175438596491,0.868421052631579,0.7109058805513591,high,0.85,0.7,26,0.9473684210526315
0.8026315789473685,0.14912280701754385,0.1455027443139244,0.18421052631578946,0.039473684210526314,0.7719298245614035,0.8018656767387071,high,0.85,0.7,27,0.9473684210526315
0.8552631578947368,0.11403508771929824,0.009570147917278615,0.13157894736842105,0.039473684210526314,0.8640350877192983,0.9569385689699101,high,0.85,0.7,28,0.9473684210526315
0.8026315789473685,0.15350877192982457,0.21272668183206955,0.17543859649122806,0.03070175438596491,0.7982456140350878,0.734641739220562,high,0.85,0.7,29,0.9473684210526315
0.8245614035087719,0.15350877192982457,0.30243281749877804,0.16666666666666666,0.043859649122807015,0.8421052631578947,0.6449356035538535,high,0.85,0.85,0,0.9473684210526315
0.8026315789473685,0.13596491228070176,0.31854907948059574,0.17543859649122806,0.03070175438596491,0.8201754385964912,0.6288193415720358,high,0.85,0.85,1,0.9473684210526315
0.8026315789473685,0.12719298245614036,0.032483887100861364,0.17543859649122806,0.03070175438596491,0.8114035087719298,0.9148845339517702,high,0.85,0.85,2,0.9473684210526315
0.8201754385964912,0.15350877192982457,0.19597690795306721,0.16666666666666666,0.039473684210526314,0.7807017543859649,0.7513915130995643,high,0.85,0.85,3,0.9473684210526315
0.8377192982456141,0.12280701754385964,0.06664481102300746,0.14473684210526316,0.03508771929824561,0.8157894736842105,0.8807236100296241,high,0.85,0.85,4,0.9473684210526315
0.7982456140350878,0.14035087719298245,0.10222804162490795,0.17543859649122806,0.02631578947368421,0.8026315789473685,0.8451403794277236,high,0.85,0.85,5,0.9473684210526315
0.8157894736842105,0.14473684210526316,0.013488344587541001,0.16666666666666666,0.03508771929824561,0.7850877192982456,0.9338800764650905,high,0.85,0.85,6,0.9473684210526315
0.8026315789473685,0.15350877192982457,0.24608600043999895,0.18421052631578946,0.039473684210526314,0.8201754385964912,0.7012824206126326,high,0.85,0.85,7,0.9473684210526315
0.8289473684210527,0.14035087719298245,0.14970831728492362,0.15789473684210525,0.039473684210526314,0.8070175438596491,0.7976601037677079,high,0.85,0.85,8,0.9473684210526315
0.8728070175438597,0.10526315789473684,0.040838833217406,0.11403508771929824,0.039473684210526314,0.8596491228070176,0.9065295878352255,high,0.85,0.85,9,0.9473684210526315
0.8596491228070176,0.10964912280701754,0.11569075862034017,0.12719298245614036,0.039473684210526314,0.8377192982456141,0.8316776624322914,high,0.85,0.85,10,0.9473684210526315
0.7982456140350878,0.12719298245614036,0.14106389702915745,0.17982456140350878,0.03070175438596491,0.7894736842105263,0.8063045240234741,high,0.85,0.85,11,0.9473684210526315
0.8333333333333334,0.12719298245614036,0.1402823755190884,0.15350877192982457,0.039473684210526314,0.8157894736842105,0.8070860455335431,high,0.85,0.85,12,0.9473684210526315
0.8157894736842105,0.13596491228070176,0.13578130726064563,0.16228070175438597,0.03070175438596491,0.793859649122807,0.8115871137919859,high,0.85,0.85,13,0.9473684210526315
0.7850877192982456,0.14473684210526316,0.2081376271536013,0.18859649122807018,0.02631578947368421,0.7280701754385965,0.7392307938990302,high,0.85,0.85,14,0.9473684210526315
0.8377192982456141,0.12280701754385964,0.14962500344947105,0.14473684210526316,0.03508771929824561,0.8596491228070176,0.7977434176031605,high,0.85,0.85,15,0.9473684210526315
0.8289473684210527,0.13596491228070176,0.2609510653885214,0.15350877192982457,0.03508771929824561,0.8596491228070176,0.6864173556641101,high,0.85,0.85,16,0.9473684210526315
0.8114035087719298,0.14035087719298245,0.09237896018376635,0.17105263157894737,0.03508771929824561,0.8245614035087719,0.8549894608688652,high,0.85,0.85,17,0.9473684210526315
0.8245614035087719,0.12280701754385964,0.004472482221449581,0.15350877192982457,0.03070175438596491,0.7894736842105263,0.942895938831182,high,0.85,0.85,18,0.9473684210526315
0.8377192982456141,0.11842105263157894,0.13002074836850142,0.14912280701754385,0.039473684210526314,0.7982456140350878,0.8173476726841301,high,0.85,0.85,19,0.9473684210526315
0.8026315789473685,0.15350877192982457,0.01657914741962352,0.17982456140350878,0.03508771929824561,0.8421052631578947,0.930789273633008,high,0.85,0.85,20,0.9473684210526315
0.8201754385964912,0.12280701754385964,0.024354085694419547,0.15350877192982457,0.02631578947368421,0.7631578947368421,0.923014335358212,high,0.85,0.85,21,0.9473684210526315
0.8114035087719298,0.14473684210526316,0.04070337463795959,0.17543859649122806,0.039473684210526314,0.7982456140350878,0.9066650464146719,high,0.85,0.85,22,0.9473684210526315
0.8245614035087719,0.14473684210526316,0.1464977423748891,0.16666666666666666,0.043859649122807015,0.8596491228070176,0.8008706786777424,high,0.85,0.85,23,0.9473684210526315
0.8114035087719298,0.15789473684210525,0.006040641666240298,0.17543859649122806,0.039473684210526314,0.8070175438596491,0.9534090627188718,high,0.85,0.85,24,0.9473684210526315
0.8289473684210527,0.13157894736842105,0.15938444265166707,0.15789473684210525,0.039473684210526314,0.8201754385964912,0.7879839784009645,high,0.85,0.85,25,0.9473684210526315
0.8026315789473685,0.16228070175438597,0.23646254050127247,0.17543859649122806,0.03070175438596491,0.868421052631579,0.7109058805513591,high,0.85,0.85,26,0.9473684210526315
0.8026315789473685,0.14912280701754385,0.1455027443139244,0.18421052631578946,0.039473684210526314,0.7719298245614035,0.8018656767387071,high,0.85,0.85,27,0.9473684210526315
0.8552631578947368,0.11403508771929824,0.009570147917278615,0.13157894736842105,0.039473684210526314,0.8640350877192983,0.9569385689699101,high,0.85,0.85,28,0.9473684210526315
0.8026315789473685,0.15350877192982457,0.21272668183206955,0.17543859649122806,0.03070175438596491,0.7982456140350878,0.734641739220562,high,0.85,0.85,29,0.9473684210526315
0.8245614035087719,0.15350877192982457,0.30243281749877804,0.16666666666666666,0.043859649122807015,0.8421052631578947,0.6449356035538535,high,0.85,1.0,0,0.9473684210526315
0.8026315789473685,0.13596491228070176,0.31854907948059574,0.17543859649122806,0.03070175438596491,0.8201754385964912,0.6288193415720358,high,0.85,1.0,1,0.9473684210526315
0.8026315789473685,0.12719298245614036,0.032483887100861364,0.17543859649122806,0.03070175438596491,0.8114035087719298,0.9148845339517702,high,0.85,1.0,2,0.9473684210526315
0.8201754385964912,0.15350877192982457,0.19597690795306721,0.16666666666666666,0.039473684210526314,0.7807017543859649,0.7513915130995643,high,0.85,1.0,3,0.9473684210526315
0.8377192982456141,0.12280701754385964,0.06664481102300746,0.14473684210526316,0.03508771929824561,0.8157894736842105,0.8807236100296241,high,0.85,1.0,4,0.9473684210526315
0.7982456140350878,0.14035087719298245,0.10222804162490795,0.17543859649122806,0.02631578947368421,0.8026315789473685,0.8451403794277236,high,0.85,1.0,5,0.9473684210526315
0.8157894736842105,0.14473684210526316,0.013488344587541001,0.16666666666666666,0.03508771929824561,0.7850877192982456,0.9338800764650905,high,0.85,1.0,6,0.9473684210526315
0.8026315789473685,0.15350877192982457,0.24608600043999895,0.18421052631578946,0.039473684210526314,0.8201754385964912,0.7012824206126326,high,0.85,1.0,7,0.9473684210526315
0.8289473684210527,0.14035087719298245,0.14970831728492362,0.15789473684210525,0.039473684210526314,0.8070175438596491,0.7976601037677079,high,0.85,1.0,8,0.9473684210526315
0.8728070175438597,0.10526315789473684,0.040838833217406,0.11403508771929824,0.039473684210526314,0.8596491228070176,0.9065295878352255,high,0.85,1.0,9,0.9473684210526315
0.8596491228070176,0.10964912280701754,0.11569075862034017,0.12719298245614036,0.039473684210526314,0.8377192982456141,0.8316776624322914,high,0.85,1.0,10,0.9473684210526315
0.7982456140350878,0.12719298245614036,0.14106389702915745,0.17982456140350878,0.03070175438596491,0.7894736842105263,0.8063045240234741,high,0.85,1.0,11,0.9473684210526315
0.8333333333333334,0.12719298245614036,0.1402823755190884,0.15350877192982457,0.039473684210526314,0.8157894736842105,0.8070860455335431,high,0.85,1.0,12,0.9473684210526315
0.8157894736842105,0.13596491228070176,0.13578130726064563,0.16228070175438597,0.03070175438596491,0.793859649122807,0.8115871137919859,high,0.85,1.0,13,0.9473684210526315
0.7850877192982456,0.14473684210526316,0.2081376271536013,0.18859649122807018,0.02631578947368421,0.7280701754385965,0.7392307938990302,high,0.85,1.0,14,0.9473684210526315
0.8377192982456141,0.12280701754385964,0.14962500344947105,0.14473684210526316,0.03508771929824561,0.8596491228070176,0.7977434176031605,high,0.85,1.0,15,0.9473684210526315
0.8289473684210527,0.13596491228070176,0.2609510653885214,0.15350877192982457,0.03508771929824561,0.8596491228070176,0.6864173556641101,high,0.85,1.0,16,0.9473684210526315
0.8114035087719298,0.14035087719298245,0.09237896018376635,0.17105263157894737,0.03508771929824561,0.8245614035087719,0.8549894608688652,high,0.85,1.0,17,0.9473684210526315
0.8245614035087719,0.12280701754385964,0.004472482221449581,0.15350877192982457,0.03070175438596491,0.7894736842105263,0.942895938831182,high,0.85,1.0,18,0.9473684210526315
0.8377192982456141,0.11842105263157894,0.13002074836850142,0.14912280701754385,0.039473684210526314,0.7982456140350878,0.8173476726841301,high,0.85,1.0,19,0.9473684210526315
0.8026315789473685,0.15350877192982457,0.01657914741962352,0.17982456140350878,0.03508771929824561,0.8421052631578947,0.930789273633008,high,0.85,1.0,20,0.9473684210526315
0.8201754385964912,0.12280701754385964,0.024354085694419547,0.15350877192982457,0.02631578947368421,0.7631578947368421,0.923014335358212,high,0.85,1.0,21,0.9473684210526315
0.8114035087719298,0.14473684210526316,0.04070337463795959,0.17543859649122806,0.039473684210526314,0.7982456140350878,0.9066650464146719,high,0.85,1.0,22,0.9473684210526315
0.8245614035087719,0.14473684210526316,0.1464977423748891,0.16666666666666666,0.043859649122807015,0.8596491228070176,0.8008706786777424,high,0.85,1.0,23,0.9473684210526315
0.8114035087719298,0.15789473684210525,0.006040641666240298,0.17543859649122806,0.039473684210526314,0.8070175438596491,0.9534090627188718,high,0.85,1.0,24,0.9473684210526315
0.8289473684210527,0.13157894736842105,0.15938444265166707,0.15789473684210525,0.039473684210526314,0.8201754385964912,0.7879839784009645,high,0.85,1.0,25,0.9473684210526315
0.8026315789473685,0.16228070175438597,0.23646254050127247,0.17543859649122806,0.03070175438596491,0.868421052631579,0.7109058805513591,high,0.85,1.0,26,0.9473684210526315
0.8026315789473685,0.14912280701754385,0.1455027443139244,0.18421052631578946,0.039473684210526314,0.7719298245614035,0.8018656767387071,high,0.85,1.0,27,0.9473684210526315
0.8552631578947368,0.11403508771929824,0.009570147917278615,0.13157894736842105,0.039473684210526314,0.8640350877192983,0.9569385689699101,high,0.85,1.0,28,0.9473684210526315
0.8026315789473685,0.15350877192982457,0.21272668183206955,0.17543859649122806,0.03070175438596491,0.7982456140350878,0.734641739220562,high,0.85,1.0,29,0.9473684210526315
