team_acc,human_acc,ai_acc,comply_rate,over_reliance,under_reliance,final_trust,complementarity,p_ai,transparent,heuristic,seed
0.6491666666666667,0.6516333333333333,0.6491666666666667,0.6453333333333333,0.6437054631828979,0.35378690629011555,0.6459868421052631,-0.002466666666666617,0.65,False,bayesian,0
0.6477,0.6486666666666666,0.6507,0.6501333333333333,0.6570283423990839,0.3535679524614518,0.6486513157894737,-0.0029999999999998916,0.65,False,bayesian,1
0.6479333333333334,0.6464333333333333,0.6495666666666666,0.6510666666666667,0.6537620089413108,0.3503874377790322,0.6478782894736842,-0.0016333333333332645,0.65,False,bayesian,2
0.6451,0.6501,0.649,0.6513333333333333,0.6575498575498575,0.35202876219825374,0.6468256578947367,-0.0050000000000000044,0.65,False,bayesian,3
0.6505333333333333,0.6504666666666666,0.6497333333333334,0.6527,0.652455272173582,0.34716806895136465,0.6504440789473684,6.666666666665932e-05,0.65,False,bayesian,4
0.6483333333333333,0.6515333333333333,0.6475,0.6489,0.6501182033096927,0.35176319176319176,0.6466940789473683,-0.0031999999999999806,0.65,False,bayesian,5
0.6498666666666667,0.6512666666666667,0.6496,0.6420333333333333,0.6380327245053272,0.35580870279146143,0.6469078947368422,-0.0013999999999999568,0.65,False,bayesian,6
0.6509333333333334,0.6503666666666666,0.6532666666666667,0.6556,0.6560276869832724,0.3446270027553832,0.6514144736842106,-0.0023333333333332984,0.65,False,bayesian,7
0.6483333333333333,0.6536666666666666,0.6476666666666666,0.6446,0.6477767265846736,0.35712815234173956,0.645904605263158,-0.005333333333333301,0.65,False,bayesian,8
0.6553666666666667,0.6510333333333334,0.6554,0.6533,0.6537047784871348,0.3469128267724545,0.6522039473684211,-3.333333333332966e-05,0.65,False,bayesian,9
0.6453,0.647,0.6458,0.6517666666666667,0.655561829474873,0.350314854960256,0.6474013157894737,-0.0017000000000000348,0.65,False,bayesian,10
0.6503,0.6518666666666667,0.6489666666666667,0.6453333333333333,0.645237869148229,0.35461502902049413,0.6446710526315789,-0.0015666666666667162,0.65,False,bayesian,11
0.649,0.6516,0.6540333333333334,0.6490333333333334,0.6550727430388285,0.35416135772896384,0.6492434210526316,-0.005033333333333334,0.65,False,bayesian,12
0.6517,0.6486333333333333,0.6526333333333333,0.6461666666666667,0.6414931388542366,0.35134582971551154,0.6488486842105263,-0.0009333333333333416,0.65,False,bayesian,13
0.6482333333333333,0.6454333333333333,0.6493,0.6423,0.6393878908848969,0.35612711124801066,0.6463815789473685,-0.0010666666666666602,0.65,False,bayesian,14
0.6515,0.6516666666666666,0.6503,0.6440333333333333,0.6419788390048613,0.35486185862935055,0.6478289473684211,-0.0001666666666666483,0.65,False,bayesian,15
0.6488333333333334,0.6526333333333333,0.6479,0.6441333333333333,0.6452712297642715,0.35648505427792354,0.6458717105263158,-0.0037999999999999146,0.65,False,bayesian,16
0.6485666666666666,0.6497,0.6475,0.6444,0.6456737588652482,0.3562934362934363,0.6444572368421052,-0.0011333333333334306,0.65,False,bayesian,17
0.6457333333333334,0.6497,0.6468666666666667,0.6478333333333334,0.651784028695488,0.35432340513243327,0.6475164473684211,-0.003966666666666674,0.65,False,bayesian,18
0.6509333333333334,0.6488333333333334,0.6519666666666667,0.6515666666666666,0.6530025859591994,0.3491998568433969,0.6504111842105263,-0.0010333333333333306,0.65,False,bayesian,19
0.6527666666666667,0.6480333333333334,0.6499333333333334,0.6468333333333334,0.6440677966101694,0.35167709508667555,0.6501973684210526,0.0028333333333333544,0.65,False,bayesian,20
0.6510666666666667,0.6515333333333333,0.647,0.6470666666666667,0.6469310670443815,0.3528593508500773,0.6468914473684211,-0.00046666666666661527,0.65,False,bayesian,21
0.6445333333333333,0.6457,0.6457666666666667,0.6517,0.6556883410181613,0.3504877922882362,0.6483552631578948,-0.0012333333333334195,0.65,False,bayesian,22
0.6527,0.6570333333333334,0.6520333333333334,0.6434666666666666,0.6396206533192834,0.35448085476202645,0.6476480263157895,-0.004333333333333411,0.65,False,bayesian,23
0.6501,0.6501666666666667,0.6535333333333333,0.6552666666666667,0.6644217817971907,0.3495868611649495,0.6512993421052632,-0.0034333333333332883,0.65,False,bayesian,24
0.6473666666666666,0.6540333333333334,0.6477333333333334,0.6543,0.6579295987887964,0.3476739398929601,0.6499671052631578,-0.00666666666666671,0.65,False,bayesian,25
0.6506666666666666,0.6484333333333333,0.6506666666666666,0.6532666666666667,0.650381679389313,0.3451844262295082,0.6493585526315789,0.0,0.65,False,bayesian,26
0.6534,0.6522333333333333,0.6499333333333334,0.645,0.6454960959817178,0.35526720689301466,0.6490953947368422,0.0011666666666666492,0.65,False,bayesian,27
0.6500333333333334,0.6478666666666667,0.6508333333333334,0.6466,0.6429594272076372,0.3514468629961588,0.6466118421052631,-0.0008000000000000229,0.65,False,bayesian,28
0.6510333333333334,0.6482333333333333,0.6498,0.6563,0.6498191509613555,0.34020724325433466,0.6517434210526316,0.0012333333333333085,0.65,False,bayesian,29
0.6518666666666667,0.6554333333333333,0.6524,0.3862,0.38732259301879557,0.6143981197629266,0.375451296599467,-0.003566666666666607,0.65,False,asymmetric,0
0.6513666666666666,0.6497333333333334,0.6505666666666666,0.37826666666666664,0.37479729085185537,0.619869857047702,0.3939413680194086,0.0008000000000000229,0.65,False,asymmetric,1
0.6432,0.6423666666666666,0.6467333333333334,0.3772,0.3788450651066239,0.6236985877744562,0.3714194682408033,-0.0035333333333333883,0.65,False,asymmetric,2
0.6500333333333334,0.6515666666666666,0.6480666666666667,0.38276666666666664,0.382648228831218,0.6171690155333813,0.37752668997082756,-0.0015333333333332755,0.65,False,asymmetric,3
0.6514666666666666,0.6472333333333333,0.6511,0.3803,0.3746059042705646,0.6166487482721548,0.37675846552592185,0.0003666666666666263,0.65,False,asymmetric,4
0.6451666666666667,0.6446,0.6493,0.38653333333333334,0.38637011690903905,0.6133785101904615,0.3771131881425474,-0.004133333333333322,0.65,False,asymmetric,5
0.6515666666666666,0.6494333333333333,0.6504333333333333,0.3859,0.3769428816630113,0.6092861169476759,0.39139245499813236,0.0011333333333333195,0.65,False,asymmetric,6
0.6539333333333334,0.648,0.6454,0.3773,0.37102838879488625,0.6192542092759012,0.37268259895275824,0.005933333333333346,0.65,False,asymmetric,7
0.6548666666666667,0.6548,0.6505,0.38613333333333333,0.3770147830233667,0.6089674609274917,0.37459606247262783,6.666666666665932e-05,0.65,False,asymmetric,8
0.6462,0.6478333333333334,0.6485666666666666,0.3827333333333333,0.3844256852888172,0.618183687104898,0.3762557784942491,-0.002366666666666628,0.65,False,asymmetric,9
0.652,0.6496666666666666,0.6509333333333334,0.38553333333333334,0.38359434682964094,0.6134268742318721,0.3735808573505501,0.0010666666666666602,0.65,False,asymmetric,10
0.6487,0.6499333333333334,0.6483333333333333,0.38303333333333334,0.38123222748815166,0.6159897172236504,0.3840137945791733,-0.0012333333333333085,0.65,False,asymmetric,11
0.6483666666666666,0.651,0.6459333333333334,0.3828666666666667,0.3865562041046884,0.6191557436267933,0.3933548538765938,-0.0026333333333333764,0.65,False,asymmetric,12
0.6540666666666667,0.6526,0.6512666666666667,0.3807,0.3778436245459759,0.617770498515713,0.37807694405964015,0.0014666666666667272,0.65,False,asymmetric,13
0.6484666666666666,0.6502666666666667,0.6529333333333334,0.3814,0.38532462543219365,0.6206861343679804,0.3847639788921861,-0.00446666666666673,0.65,False,asymmetric,14
0.6511666666666667,0.6555,0.6466,0.3837,0.38671948688926616,0.6179503041550676,0.3875219598998639,-0.0043333333333333,0.65,False,asymmetric,15
0.6488,0.6462,0.6493333333333333,0.3809,0.3810836501901141,0.6191991786447638,0.3896033248308747,-0.0005333333333332746,0.65,False,asymmetric,16
0.6477,0.6495,0.6480666666666667,0.3802333333333333,0.3825535139230915,0.6210266433494497,0.3911358807123242,-0.0017999999999999128,0.65,False,asymmetric,17
0.6485333333333333,0.6474,0.6463666666666666,0.37833333333333335,0.3764728061080215,0.6206487545768655,0.3676971491959434,0.0011333333333333195,0.65,False,asymmetric,18
0.6490666666666667,0.6456333333333333,0.6486333333333333,0.38026666666666664,0.37482212313822216,0.6167840074001747,0.3792957936008309,0.00043333333333339663,0.65,False,asymmetric,19
0.6524333333333333,0.6484,0.6514333333333333,0.3844,0.3796499952185139,0.6130583840761398,0.3828821439812205,0.0010000000000000009,0.65,False,asymmetric,20
0.6497666666666667,0.6516666666666666,0.6509666666666667,0.385,0.388883583229873,0.6170822878795638,0.39392018365974507,-0.0018999999999999018,0.65,False,asymmetric,21
0.6541666666666667,0.6521,0.6510333333333334,0.38116666666666665,0.3770178622600057,0.6166094926015053,0.365380828573151,0.002066666666666661,0.65,False,asymmetric,22
0.6464666666666666,0.6458333333333334,0.6496,0.3801333333333333,0.3832762557077626,0.621561986863711,0.3965348988104334,-0.0031333333333333213,0.65,False,asymmetric,23
0.6476666666666666,0.6461333333333333,0.6525666666666666,0.3862333333333333,0.38683680322364,0.6140879603616489,0.38331251743474754,-0.0049000000000000155,0.65,False,asymmetric,24
0.6514,0.6508666666666667,0.6531333333333333,0.38393333333333335,0.38468191428022297,0.6164642237419619,0.36617786328230695,-0.0017333333333333645,0.65,False,asymmetric,25
0.6546666666666666,0.6558333333333334,0.6547666666666667,0.38853333333333334,0.3962537414309163,0.6155373415466069,0.4039398551911577,-0.0011666666666667602,0.65,False,asymmetric,26
0.6478333333333334,0.6485,0.6467666666666667,0.3835,0.38114560724733415,0.6152141421429675,0.365137907915855,-0.0006666666666665932,0.65,False,asymmetric,27
0.6499333333333334,0.6486,0.6508333333333334,0.38266666666666665,0.3771837708830549,0.6143918053777209,0.39229042216234944,-0.0009000000000000119,0.65,False,asymmetric,28
0.6484666666666666,0.653,0.6498333333333334,0.38663333333333333,0.39267015706806285,0.616619646063093,0.3556119580058674,-0.004533333333333389,0.65,False,asymmetric,29
0.6529,0.6517666666666667,0.6530333333333334,0.5003333333333333,0.49361129791526565,0.4960951457301822,0.5,-0.00013333333333331865,0.65,False,fixed,0
0.6490666666666667,0.6500333333333334,0.6515666666666666,0.5019666666666667,0.5039701521094423,0.4991047219522177,0.5,-0.0024999999999999467,0.65,False,fixed,1
0.6480333333333334,0.6485333333333333,0.6492,0.49966666666666665,0.49562903838844546,0.49815157116451014,0.5,-0.0011666666666666492,0.65,False,fixed,2
0.6525666666666666,0.6532333333333333,0.6495666666666666,0.4999,0.5005231617996766,0.5004361882280495,0.5,-0.0006666666666667043,0.65,False,fixed,3
0.6523666666666667,0.6525333333333333,0.6469,0.4965,0.4914566222977438,0.5007471530890916,0.5,-0.0001666666666666483,0.65,False,fixed,4
0.6528,0.6542666666666667,0.6518666666666667,0.5003333333333333,0.49645729605515126,0.49759664553078337,0.5,-0.0014666666666666162,0.65,False,fixed,5
0.6518333333333334,0.6479333333333334,0.6485666666666666,0.4981333333333333,0.4865787726453571,0.49560569460862414,0.5,0.003266666666666751,0.65,False,fixed,6
0.6526,0.6512,0.6515,0.5009333333333333,0.5000478240076518,0.4985929905346636,0.5,0.0010999999999999899,0.65,False,fixed,7
0.6515666666666666,0.6517666666666667,0.6496333333333333,0.5011666666666666,0.5003329844924365,0.4983837036276874,0.5,-0.000200000000000089,0.65,False,fixed,8
0.6521333333333333,0.6501333333333333,0.6486333333333333,0.49656666666666666,0.4969168010625178,0.5036230022097744,0.5,0.0020000000000000018,0.65,False,fixed,9
0.6502,0.6510333333333334,0.6536,0.4992333333333333,0.49923017705927636,0.5007649938800489,0.5,-0.0033999999999999586,0.65,False,fixed,10
0.6505,0.6499666666666667,0.6506333333333333,0.4911,0.4948001144928919,0.5108868282186587,0.5,-0.00013333333333331865,0.65,False,fixed,11
0.6459,0.6507,0.6486666666666666,0.4957666666666667,0.501707779886148,0.5074511819116135,0.5,-0.0047999999999999154,0.65,False,fixed,12
0.6566666666666666,0.6574333333333333,0.6511666666666667,0.4972,0.4932632584806498,0.5006910673150755,0.5,-0.0007666666666666933,0.65,False,fixed,13
0.6532666666666667,0.6527333333333334,0.6519666666666667,0.4991,0.49937745426683267,0.5010481108441127,0.5,0.0005333333333332746,0.65,False,fixed,14
0.6514333333333333,0.6492666666666667,0.6502,0.5049666666666667,0.49656946826758147,0.4905157387470522,0.5,0.0012333333333333085,0.65,False,fixed,15
0.6479333333333334,0.6423666666666666,0.6505666666666666,0.5031666666666667,0.500143088810455,0.4952093047087155,0.5,-0.0026333333333332654,0.65,False,fixed,16
0.6473333333333333,0.6532666666666667,0.6451666666666667,0.5004333333333333,0.5072804133395961,0.5033324722293981,0.5,-0.005933333333333346,0.65,False,fixed,17
0.6484333333333333,0.6513333333333333,0.6511666666666667,0.4961333333333333,0.49966555183946487,0.5057588942922959,0.5,-0.0029000000000000137,0.65,False,fixed,18
0.6491333333333333,0.652,0.6470666666666667,0.5041,0.5057612391386476,0.49680609932000824,0.5,-0.002866666666666684,0.65,False,fixed,19
0.6476333333333333,0.6482,0.6511666666666667,0.4993666666666667,0.5009077878643096,0.5014589198873817,0.5,-0.0035333333333333883,0.65,False,fixed,20
0.6545,0.6508,0.6540666666666667,0.5019333333333333,0.4988437078435151,0.49643257568035876,0.5,0.0004333333333332856,0.65,False,fixed,21
0.6565,0.6547333333333333,0.6522,0.5016333333333334,0.49137435307648075,0.49289583972196666,0.5,0.0017666666666666941,0.65,False,fixed,22
0.6502666666666667,0.6463333333333333,0.6531666666666667,0.5001666666666666,0.5002402691013935,0.4998724164327635,0.5,-0.0029000000000000137,0.65,False,fixed,23
0.6459,0.6465,0.6499666666666667,0.4978,0.4972859727644986,0.501923175547464,0.5,-0.004066666666666663,0.65,False,fixed,24
0.6485,0.6504,0.6476666666666666,0.5003,0.5022705771050142,0.5007720020586721,0.5,-0.0019000000000000128,0.65,False,fixed,25
0.6517666666666667,0.6567333333333333,0.6471333333333333,0.49483333333333335,0.4966937464575855,0.5061811064180488,0.5,-0.004966666666666564,0.65,False,fixed,26
0.6439333333333334,0.6514,0.6427,0.5036,0.5084429517678888,0.49909237072765933,0.5,-0.0074666666666666215,0.65,False,fixed,27
0.6512666666666667,0.6526333333333333,0.6514,0.498,0.5000956205775483,0.5031214819363422,0.5,-0.0013666666666666272,0.65,False,fixed,28
0.6495,0.6539,0.6463,0.49756666666666666,0.49335595137121857,0.5001289390891743,0.5,-0.0044000000000000705,0.65,False,fixed,29
0.7085666666666667,0.6479666666666667,0.6499,0.6792333333333334,0.5182328858421403,0.23403600553931375,0.6483223684210526,0.058666666666666645,0.65,True,bayesian,0
0.7055666666666667,0.6461,0.6489666666666667,0.6698333333333333,0.5013768872851581,0.2390466896091222,0.6481743421052633,0.056599999999999984,0.65,True,bayesian,1
0.7040333333333333,0.6510333333333334,0.6467333333333334,0.6747333333333333,0.5083034534817891,0.23435728275435522,0.6468092105263158,0.052999999999999936,0.65,True,bayesian,2
0.7115666666666667,0.6489333333333334,0.6508666666666667,0.6721333333333334,0.500668321558144,0.23589060739526785,0.6487006578947369,0.060699999999999976,0.65,True,bayesian,3
0.7041333333333334,0.6496666666666666,0.6493333333333333,0.6696333333333333,0.5034220532319391,0.24060574948665298,0.6457072368421053,0.054466666666666774,0.65,True,bayesian,4
0.7106,0.6533333333333333,0.6495333333333333,0.6712666666666667,0.49828799695643905,0.23539977419685928,0.6495394736842104,0.05726666666666669,0.65,True,bayesian,5
0.7063666666666667,0.6467666666666667,0.6544333333333333,0.6859666666666666,0.5200154335873445,0.22640452299699484,0.6530427631578948,0.05193333333333339,0.65,True,bayesian,6
0.7067333333333333,0.6502666666666667,0.6443666666666666,0.6684666666666667,0.49864092229824725,0.2378045626196265,0.6442763157894738,0.056466666666666665,0.65,True,bayesian,7
0.7152,0.6536333333333333,0.6514333333333333,0.6764,0.49909151764368365,0.22872639819884358,0.6475986842105264,0.06156666666666666,0.65,True,bayesian,8
0.7074666666666667,0.6469,0.6484666666666666,0.6767,0.50436184335293,0.2298756039888969,0.6490953947368422,0.05900000000000005,0.65,True,bayesian,9
0.7121666666666666,0.6497666666666667,0.6514,0.667,0.49139414802065406,0.23902364138778018,0.6464638157894737,0.060766666666666636,0.65,True,bayesian,10
0.7119333333333333,0.6519666666666667,0.6501666666666667,0.6739,0.5022391615054788,0.23373493975903614,0.6487828947368421,0.05996666666666661,0.65,True,bayesian,11
0.7129666666666666,0.6502,0.6516666666666666,0.6741666666666667,0.49933014354066985,0.2323785166240409,0.6501151315789474,0.06130000000000002,0.65,True,bayesian,12
0.7077666666666667,0.6467,0.65,0.6714333333333333,0.5031428571428571,0.23794871794871794,0.6476809210526316,0.05776666666666663,0.65,True,bayesian,13
0.7089666666666666,0.6470666666666667,0.6452333333333333,0.6697,0.49873156065019264,0.2362969468409361,0.6449342105263159,0.061899999999999955,0.65,True,bayesian,14
0.7112666666666667,0.6461333333333333,0.6528666666666667,0.6821666666666667,0.511522949875168,0.2271009905034208,0.6517434210526315,0.05840000000000001,0.65,True,bayesian,15
0.7098666666666666,0.6529,0.6451333333333333,0.6686,0.4925793725342852,0.23457683166270538,0.6455921052631578,0.05696666666666661,0.65,True,bayesian,16
0.7074333333333334,0.6482666666666667,0.6512333333333333,0.6751333333333334,0.5022460097486381,0.23227721758714234,0.6504111842105263,0.05620000000000003,0.65,True,bayesian,17
0.7111666666666666,0.6508,0.6473666666666666,0.6704333333333333,0.4946592305510918,0.23381906184027598,0.6448190789473685,0.06036666666666657,0.65,True,bayesian,18
0.7122,0.6492,0.6532333333333333,0.6727666666666666,0.49937518023647026,0.2351890595499311,0.6499671052631578,0.05896666666666672,0.65,True,bayesian,19
0.7142666666666667,0.6504,0.6536,0.6748666666666666,0.5025019245573518,0.23378212974296206,0.6501644736842106,0.06066666666666676,0.65,True,bayesian,20
0.71,0.6498666666666667,0.6469333333333334,0.6716333333333333,0.4949962235649547,0.23196619950535863,0.645953947368421,0.06013333333333326,0.65,True,bayesian,21
0.7100333333333333,0.6485,0.6532,0.6738666666666666,0.5028835063437139,0.235354153908961,0.6492598684210527,0.05683333333333329,0.65,True,bayesian,22
0.7078333333333333,0.6500333333333334,0.6456666666666667,0.6682666666666667,0.49520225776105364,0.23675787299948373,0.6444572368421052,0.05779999999999996,0.65,True,bayesian,23
0.7137333333333333,0.6461333333333333,0.653,0.6706,0.4914505283381364,0.23420112302194998,0.6486348684210526,0.060733333333333306,0.65,True,bayesian,24
0.7122333333333334,0.6483,0.6497666666666667,0.6673,0.4884362805748549,0.23628995023854718,0.6473519736842104,0.06246666666666667,0.65,True,bayesian,25
0.7055333333333333,0.6491333333333333,0.6496333333333333,0.6729333333333334,0.5066121206355247,0.23736466724819127,0.6456578947368422,0.05590000000000006,0.65,True,bayesian,26
0.7100666666666666,0.6476666666666666,0.6497333333333334,0.6729,0.5075180814617435,0.23794377180381696,0.6480427631578948,0.06033333333333324,0.65,True,bayesian,27
0.71,0.6486,0.6477,0.6726333333333333,0.5009934714731763,0.2340075137666615,0.6456907894736843,0.06140000000000001,0.65,True,bayesian,28
0.7116666666666667,0.6505333333333333,0.6501333333333333,0.6733,0.5031440548780488,0.2351312551271534,0.6475,0.06113333333333337,0.65,True,bayesian,29
0.7091333333333333,0.6504666666666666,0.6496333333333333,0.4295333333333333,0.261916087907906,0.48006567807481143,0.38813914773564456,0.058666666666666645,0.65,True,asymmetric,0
0.7063666666666667,0.652,0.648,0.4283666666666667,0.2628787878787879,0.481738683127572,0.39910922091118606,0.054366666666666674,0.65,True,asymmetric,1
0.7092,0.6546333333333333,0.6526666666666666,0.43433333333333335,0.2732245681381958,0.4799284984678243,0.39236306804225207,0.05456666666666676,0.65,True,asymmetric,2
0.7076666666666667,0.6489666666666667,0.6531666666666667,0.4322,0.2665064872657376,0.47981627966317936,0.36853850747799244,0.05449999999999999,0.65,True,asymmetric,3
0.7062,0.6503666666666666,0.6499333333333334,0.4278,0.2622357646162636,0.48302389988716793,0.38676942964191285,0.0558333333333334,0.65,True,asymmetric,4
0.7090333333333333,0.6500666666666667,0.6486666666666666,0.4262666666666667,0.25521821631878555,0.4810894141829394,0.38108215031514975,0.05896666666666661,0.65,True,asymmetric,5
0.7059666666666666,0.6495333333333333,0.6468,0.4267666666666667,0.26528878822197055,0.4850546279117708,0.3884536830714089,0.056433333333333335,0.65,True,asymmetric,6
0.7047,0.6456666666666667,0.6502666666666667,0.42673333333333335,0.26420129622569577,0.4858519581710068,0.3854377217536562,0.054433333333333334,0.65,True,asymmetric,7
0.7035333333333333,0.6457,0.6485666666666666,0.4247,0.2654842075310633,0.489027085367734,0.3881321406855276,0.05496666666666672,0.65,True,asymmetric,8
0.7053666666666667,0.6497,0.6481,0.4269,0.2675949606895898,0.48660186185259474,0.37522973331820597,0.05566666666666664,0.65,True,asymmetric,9
0.7017333333333333,0.6473666666666666,0.6485666666666666,0.42546666666666666,0.26766574978658825,0.489027085367734,0.3872164582343413,0.053166666666666695,0.65,True,asymmetric,10
0.7078666666666666,0.6486,0.6533666666666667,0.43316666666666664,0.2634868737378594,0.4768124075302281,0.38491063464976205,0.05449999999999999,0.65,True,asymmetric,11
0.7072,0.6467666666666667,0.6524333333333333,0.4322,0.26767047089287427,0.48015122873345933,0.40198393039857316,0.05476666666666674,0.65,True,asymmetric,12
0.7099666666666666,0.6504,0.6493333333333333,0.43496666666666667,0.26549429657794676,0.4735112936344969,0.3750070908360324,0.05956666666666666,0.65,True,asymmetric,13
0.7102666666666667,0.6517333333333334,0.6518666666666667,0.4288,0.2599578705476829,0.4810288402536306,0.38285517062555363,0.05840000000000001,0.65,True,asymmetric,14
0.7069,0.6556666666666666,0.6489666666666667,0.4277666666666667,0.2639825277751401,0.48364065950999025,0.3934946532487963,0.05123333333333335,0.65,True,asymmetric,15
0.7012333333333334,0.6470333333333333,0.6454,0.42146666666666666,0.26311336717428085,0.4915298006404297,0.3817618141757235,0.054200000000000026,0.65,True,asymmetric,16
0.7074666666666667,0.6533333333333333,0.6441,0.4276,0.26290156410976867,0.4813952284841898,0.3979285225597769,0.05413333333333337,0.65,True,asymmetric,17
0.7059,0.6472333333333333,0.6499333333333334,0.4262,0.2582365263759284,0.4833316237562827,0.3932651035247639,0.05596666666666661,0.65,True,asymmetric,18
0.6995,0.6440666666666667,0.6474666666666666,0.42733333333333334,0.27136913767019666,0.4877471169686985,0.3850866074811019,0.052033333333333376,0.65,True,asymmetric,19
0.707,0.6452,0.6478333333333334,0.42496666666666666,0.2619971604353999,0.48644198610753797,0.3823093035256717,0.05916666666666659,0.65,True,asymmetric,20
0.7089,0.6545666666666666,0.6519,0.42766666666666664,0.26591975485971464,0.4859641049240681,0.39318329540803687,0.054333333333333345,0.65,True,asymmetric,21
0.7063,0.6472333333333333,0.6496,0.4312666666666667,0.2682648401826484,0.48080870279146143,0.3762295341396225,0.056700000000000084,0.65,True,asymmetric,22
0.7054666666666667,0.6516666666666666,0.6477333333333334,0.42696666666666666,0.269114307342922,0.4871860848085632,0.37672750546504474,0.05380000000000007,0.65,True,asymmetric,23
0.7059,0.6480666666666667,0.6493,0.4285333333333333,0.26290276589677786,0.4820062631551928,0.366608499357999,0.056599999999999984,0.65,True,asymmetric,24
0.7110333333333333,0.6527,0.6514,0.4296,0.2653471026965003,0.48249923242247467,0.38663105113894397,0.05833333333333335,0.65,True,asymmetric,25
0.7062333333333334,0.6512,0.6524333333333333,0.4330333333333333,0.26891723410376905,0.479538139273489,0.37908881860196075,0.05380000000000007,0.65,True,asymmetric,26
0.7023,0.6498333333333334,0.6445,0.4260333333333333,0.26872948898265353,0.48719937936384794,0.37794184547708704,0.05246666666666666,0.65,True,asymmetric,27
0.7090666666666666,0.6480666666666667,0.6559,0.4367666666666667,0.2718202073040783,0.4766986837424404,0.387893420142933,0.053166666666666584,0.65,True,asymmetric,28
0.7104666666666667,0.6546333333333333,0.649,0.42583333333333334,0.2631528964862298,0.4861838726245506,0.3875055272699386,0.0558333333333334,0.65,True,asymmetric,29
0.7149,0.6496,0.6534333333333333,0.5472,0.36616331634125227,0.3567821251849207,0.5,0.06146666666666667,0.65,True,fixed,0
0.7143666666666667,0.651,0.6538333333333334,0.5403,0.3566682715454983,0.362477695641091,0.5,0.06053333333333333,0.65,True,fixed,1
0.7130333333333333,0.6481,0.6480333333333334,0.5446666666666666,0.3579884458755564,0.3539426984208631,0.5,0.06493333333333329,0.65,True,fixed,2
0.7091666666666666,0.6447666666666667,0.6431666666666667,0.5384333333333333,0.3567491826249416,0.36076703809277016,0.5,0.0643999999999999,0.65,True,fixed,3
0.7161333333333333,0.6508666666666667,0.6497,0.5477,0.3618802930821201,0.3521112308244831,0.5,0.06526666666666658,0.65,True,fixed,4
0.7191666666666666,0.6551333333333333,0.6541666666666667,0.5409666666666667,0.35045783132530123,0.3583184713375796,0.5,0.06403333333333328,0.65,True,fixed,5
0.7168,0.6481333333333333,0.6522333333333333,0.5452333333333333,0.35521901658199945,0.35345224101804057,0.5,0.06456666666666666,0.65,True,fixed,6
0.7115666666666667,0.6466,0.6509333333333334,0.5407666666666666,0.35084033613445376,0.3573842687423187,0.5,0.06063333333333332,0.65,True,fixed,7
0.7184666666666667,0.6515666666666666,0.6520333333333334,0.5416666666666666,0.3528115719896542,0.3575481826082511,0.5,0.06643333333333334,0.65,True,fixed,8
0.7133333333333334,0.6450666666666667,0.65,0.5412333333333333,0.35514285714285715,0.35856410256410254,0.5,0.06333333333333335,0.65,True,fixed,9
0.7132666666666667,0.6488333333333334,0.6494333333333333,0.5407,0.35656556052106114,0.35990350562028434,0.5,0.06383333333333341,0.65,True,fixed,10
0.7123333333333334,0.6450666666666667,0.6500666666666667,0.5408666666666667,0.35644884739950466,0.35986052712542305,0.5,0.06226666666666669,0.65,True,fixed,11
0.7164666666666667,0.6525,0.6503333333333333,0.5416333333333333,0.35166825548141084,0.35622757560225526,0.5,0.06396666666666673,0.65,True,fixed,12
0.7171333333333333,0.6500666666666667,0.6506666666666666,0.5408666666666667,0.3517175572519084,0.35758196721311475,0.5,0.06646666666666667,0.65,True,fixed,13
0.7149666666666666,0.6528333333333334,0.6466,0.5389,0.3525749858517261,0.35926384163315805,0.5,0.06213333333333326,0.65,True,fixed,14
0.7156,0.6548666666666667,0.6524666666666666,0.5441,0.36361020525609056,0.35976295085317256,0.5,0.060733333333333306,0.65,True,fixed,15
0.7129333333333333,0.6487666666666667,0.647,0.5427333333333333,0.35391879131255904,0.35425038639876355,0.5,0.0641666666666666,0.65,True,fixed,16
0.7113666666666667,0.6463666666666666,0.6475333333333333,0.549,0.36249290713069793,0.34948007824565014,0.5,0.06383333333333341,0.65,True,fixed,17
0.7186333333333333,0.6534,0.6515333333333333,0.5483,0.3605318538358523,0.35127391793717383,0.5,0.06523333333333337,0.65,True,fixed,18
0.7166,0.6536333333333333,0.6486333333333333,0.5387,0.35366663504411344,0.3610668585230485,0.5,0.06296666666666673,0.65,True,fixed,19
0.7186,0.657,0.6535666666666666,0.5398666666666667,0.35562397767728277,0.3624725863212118,0.5,0.06159999999999999,0.65,True,fixed,20
0.7142,0.6488666666666667,0.6510333333333334,0.5465333333333333,0.3652688891011558,0.35630536070861707,0.5,0.0631666666666666,0.65,True,fixed,21
0.7128666666666666,0.6486333333333333,0.6515333333333333,0.5415333333333333,0.3577577960589248,0.36017599508850917,0.5,0.06133333333333335,0.65,True,fixed,22
0.7163333333333334,0.6489333333333334,0.6488,0.5445666666666666,0.355542900531511,0.3531134401972873,0.5,0.06740000000000002,0.65,True,fixed,23
0.7164666666666667,0.6528333333333334,0.6484,0.5426666666666666,0.35134622677284794,0.3535883199670985,0.5,0.06363333333333332,0.65,True,fixed,24
0.7120666666666666,0.6503,0.6459666666666667,0.5417,0.3622069484982582,0.35992569276020436,0.5,0.061766666666666636,0.65,True,fixed,25
0.7174333333333334,0.6494666666666666,0.6495,0.5447666666666666,0.35339990489776507,0.35196304849884524,0.5,0.0679333333333334,0.65,True,fixed,26
0.7117333333333333,0.6467,0.6513,0.545,0.36153331421470225,0.356773632222734,0.5,0.06043333333333334,0.65,True,fixed,27
0.7189333333333333,0.6512666666666667,0.6522666666666667,0.5393,0.34192868098159507,0.35547833197056417,0.5,0.06666666666666665,0.65,True,fixed,28
0.7152666666666667,0.648,0.6508666666666667,0.5473666666666667,0.3564063395073515,0.35019973368841545,0.5,0.06440000000000001,0.65,True,fixed,29
0.7318333333333333,0.6547666666666667,0.7562,0.7496333333333334,0.748974569319114,0.2501542801727938,0.7508388157894736,-0.024366666666666648,0.75,False,bayesian,0
0.7261333333333333,0.6539333333333334,0.7519666666666667,0.7456666666666667,0.751108721945975,0.2561283744846846,0.7471381578947368,-0.025833333333333375,0.75,False,bayesian,1
0.7278333333333333,0.6492333333333333,0.7522666666666666,0.7473333333333333,0.7460979547900969,0.2522598369372563,0.7471710526315789,-0.024433333333333307,0.75,False,bayesian,2
0.7262,0.6503666666666666,0.7491,0.7495333333333334,0.7470439750232496,0.24963289280469897,0.7456578947368421,-0.02290000000000003,0.75,False,bayesian,3
0.7259666666666666,0.6471666666666667,0.7514666666666666,0.7436666666666667,0.7457081545064378,0.2570085166784954,0.7453618421052631,-0.025499999999999967,0.75,False,bayesian,4
0.725,0.6539,0.7474333333333333,0.7422666666666666,0.7369671373894682,0.25594255897961915,0.7430427631578947,-0.022433333333333305,0.75,False,bayesian,5
0.7268333333333333,0.6497666666666667,0.7517,0.7507,0.7454691904953685,0.2475721697485699,0.7486184210526315,-0.024866666666666704,0.75,False,bayesian,6
0.7255,0.6539666666666667,0.7500333333333333,0.7387333333333334,0.7386318175756768,0.2612328340962624,0.7453125,-0.024533333333333296,0.75,False,bayesian,7
0.7243333333333334,0.6480333333333334,0.7490333333333333,0.7503333333333333,0.7530880595032541,0.25058964888077967,0.7468585526315789,-0.024699999999999944,0.75,False,bayesian,8
0.7262666666666666,0.6479333333333334,0.7500333333333333,0.7469333333333333,0.7454327243632485,0.2525665525976623,0.7465789473684211,-0.023766666666666714,0.75,False,bayesian,9
0.7249666666666666,0.6495666666666666,0.7507666666666667,0.7444666666666667,0.7410726227096429,0.2544066065799405,0.7476480263157894,-0.025800000000000045,0.75,False,bayesian,10
0.7231,0.6512,0.7469666666666667,0.7489333333333333,0.7493083915162693,0.2511937168102102,0.7455921052631578,-0.023866666666666703,0.75,False,bayesian,11
0.7238666666666667,0.6445666666666666,0.7518,0.7479,0.7445608380338437,0.2509976057462091,0.7484539473684211,-0.027933333333333366,0.75,False,bayesian,12
0.7221333333333333,0.6488666666666667,0.747,0.7474666666666666,0.7461133069828721,0.2520749665327979,0.7484703947368421,-0.024866666666666704,0.75,False,bayesian,13
0.7233666666666667,0.6500333333333334,0.7488333333333334,0.7472666666666666,0.7520902455209024,0.2543512129979969,0.7457072368421052,-0.025466666666666637,0.75,False,bayesian,14
0.7221333333333333,0.646,0.7489666666666667,0.7481,0.750763510821936,0.2527927366593974,0.7477796052631579,-0.026833333333333376,0.75,False,bayesian,15
0.7255666666666667,0.6522666666666667,0.7501,0.7484666666666666,0.7493664132319594,0.25183308892147716,0.7473848684210526,-0.024533333333333296,0.75,False,bayesian,16
0.7255666666666667,0.6542,0.7505666666666667,0.7471,0.746625684885741,0.25274237242971975,0.7474013157894737,-0.025000000000000022,0.75,False,bayesian,17
0.7263666666666667,0.6508666666666667,0.7519,0.7423,0.7412333736396615,0.2573480516026067,0.7475657894736841,-0.025533333333333297,0.75,False,bayesian,18
0.7240666666666666,0.644,0.7541,0.7465,0.7452894130405314,0.25310524687265173,0.7504440789473685,-0.030033333333333356,0.75,False,bayesian,19
0.7250333333333333,0.6520666666666667,0.7503666666666666,0.7469666666666667,0.7421551609026572,0.25143263293500956,0.7491776315789473,-0.02533333333333332,0.75,False,bayesian,20
0.7240666666666666,0.6514,0.7507333333333334,0.7465666666666667,0.7459213693500936,0.25321907468253263,0.748733552631579,-0.026666666666666727,0.75,False,bayesian,21
0.7267,0.6518333333333334,0.7496333333333334,0.7468,0.7491678870989216,0.2539908399662057,0.7488980263157895,-0.02293333333333336,0.75,False,bayesian,22
0.7238666666666667,0.6535,0.7486,0.7396666666666667,0.7391938477857333,0.26017454804524,0.7458059210526315,-0.024733333333333385,0.75,False,bayesian,23
0.7270666666666666,0.6557,0.7531666666666667,0.7431666666666666,0.7466576637407157,0.25797742863465367,0.7465131578947368,-0.026100000000000012,0.75,False,bayesian,24
0.7258666666666667,0.6524,0.7526666666666667,0.7432666666666666,0.7459568733153639,0.2576173604960142,0.7469572368421052,-0.026800000000000046,0.75,False,bayesian,25
0.7221666666666666,0.6503666666666666,0.7494,0.7381666666666666,0.7379622239957435,0.26176496752957923,0.7446217105263158,-0.02723333333333333,0.75,False,bayesian,26
0.7258,0.6487333333333334,0.7486333333333334,0.7462333333333333,0.7371701365866596,0.2507235406741173,0.7453782894736841,-0.022833333333333372,0.75,False,bayesian,27
0.7234333333333334,0.6426,0.75,0.7463333333333333,0.7478666666666667,0.2541777777777778,0.7477960526315789,-0.026566666666666627,0.75,False,bayesian,28
0.7261,0.6553,0.7475666666666667,0.7432,0.7413178396936485,0.2561644446426183,0.7444901315789474,-0.021466666666666745,0.75,False,bayesian,29
0.6965666666666667,0.6527,0.7435666666666667,0.49316666666666664,0.49980501754842066,0.5091226969112834,0.48385627865177566,-0.04700000000000004,0.75,False,asymmetric,0
0.6982666666666667,0.6506666666666666,0.7483666666666666,0.4989,0.5074844350245066,0.5039864594004722,0.4989914224422053,-0.05009999999999992,0.75,False,asymmetric,1
0.6989,0.65,0.7517666666666667,0.5025666666666667,0.5082583590707668,0.4993127300137454,0.4884942160184596,-0.05286666666666673,0.75,False,asymmetric,2
0.6970333333333333,0.6511,0.745,0.4976,0.49254901960784314,0.5006711409395973,0.49375346620525035,-0.04796666666666671,0.75,False,asymmetric,3
0.7022666666666667,0.6507666666666667,0.7537,0.5039666666666667,0.5014210312626878,0.495201450621379,0.5092244752996622,-0.05143333333333333,0.75,False,asymmetric,4
0.6976,0.6504333333333333,0.7502666666666666,0.49966666666666665,0.506940736785905,0.502754576150702,0.503155634549364,-0.05266666666666664,0.75,False,asymmetric,5
0.6955333333333333,0.6494666666666666,0.7424,0.4938,0.4945652173913043,0.5064655172413793,0.4758939347691842,-0.04686666666666661,0.75,False,asymmetric,6
0.7019333333333333,0.6494666666666666,0.7499666666666667,0.5008666666666667,0.49740034662045063,0.4979776878972399,0.4804138252074315,-0.04803333333333337,0.75,False,asymmetric,7
0.7059333333333333,0.6522666666666667,0.7548333333333334,0.5053333333333333,0.5006118286879674,0.4931331419739457,0.5184260825023673,-0.048900000000000055,0.75,False,asymmetric,8
0.7067333333333333,0.6485666666666666,0.7471333333333333,0.5016,0.4865541787503296,0.49330775408227,0.4816168308990352,-0.04039999999999999,0.75,False,asymmetric,9
0.7023,0.6479666666666667,0.7521,0.5005666666666667,0.49858814037918514,0.49878119044453306,0.4971320593846042,-0.049799999999999955,0.75,False,asymmetric,10
0.7030333333333333,0.6510333333333334,0.7516333333333334,0.5072,0.5034223594148436,0.4915517317841146,0.50259956260685,-0.04860000000000009,0.75,False,asymmetric,11
0.6993,0.6508333333333334,0.7490333333333333,0.5028333333333334,0.5044494620799574,0.4977081571803658,0.5055509654328645,-0.049733333333333296,0.75,False,asymmetric,12
0.6981666666666667,0.6489333333333334,0.7506,0.5023333333333333,0.508152900294039,0.49960031974420466,0.5075870423176725,-0.05243333333333333,0.75,False,asymmetric,13
0.6983666666666667,0.6469666666666667,0.7535,0.5017,0.5048005409060176,0.4993143109931431,0.5115609956555232,-0.055133333333333256,0.75,False,asymmetric,14
0.7003,0.6513,0.7505,0.5002666666666666,0.5012692050768203,0.5000666222518321,0.5095017508795042,-0.05019999999999991,0.75,False,asymmetric,15
0.6969,0.645,0.7487666666666667,0.49643333333333334,0.4938304365132015,0.5026933179005476,0.4925475405664133,-0.05186666666666673,0.75,False,asymmetric,16
0.6994666666666667,0.6501333333333333,0.7492,0.5013666666666666,0.5033227006911217,0.49928812956042,0.4973934021179504,-0.049733333333333296,0.75,False,asymmetric,17
0.693,0.6448333333333334,0.7462333333333333,0.49306666666666665,0.492841192696703,0.5068566578818064,0.502668292552058,-0.053233333333333355,0.75,False,asymmetric,18
0.6975,0.648,0.7456666666666667,0.4992,0.49921363040629096,0.5008046490835941,0.48046859874328407,-0.04816666666666669,0.75,False,asymmetric,19
0.7004,0.6501,0.7504333333333333,0.5015333333333334,0.5007346066515294,0.4982010393994581,0.4876884050494257,-0.05003333333333326,0.75,False,asymmetric,20
0.6997333333333333,0.6542,0.7509666666666667,0.49883333333333335,0.5055548119394994,0.5033956234187048,0.49327026344407293,-0.05123333333333335,0.75,False,asymmetric,21
0.7035666666666667,0.6463666666666666,0.7533,0.5041,0.5010133765707336,0.49488915438736225,0.5072237885790729,-0.049733333333333296,0.75,False,asymmetric,22
0.6981666666666667,0.6536666666666666,0.7455,0.4927666666666667,0.49666011787819253,0.5085624860272747,0.4922379247219204,-0.04733333333333334,0.75,False,asymmetric,23
0.7018333333333333,0.6486,0.7493333333333333,0.5033,0.4940159574468085,0.4935943060498221,0.4984683091187103,-0.04749999999999999,0.75,False,asymmetric,24
0.6978666666666666,0.65,0.7447666666666667,0.4898666666666667,0.48635235732009924,0.5089289710423847,0.5000634552603271,-0.04690000000000005,0.75,False,asymmetric,25
0.6979333333333333,0.6521333333333333,0.7491666666666666,0.5011333333333333,0.5087043189368771,0.5014015572858732,0.5211577207203767,-0.05123333333333335,0.75,False,asymmetric,26
0.6953,0.6463333333333333,0.7502666666666666,0.49493333333333334,0.5030699412706887,0.5077750133285943,0.5080700097883613,-0.05496666666666661,0.75,False,asymmetric,27
0.7043666666666667,0.6514,0.7529333333333333,0.49883333333333335,0.49271451699946034,0.4991588454046396,0.4997225532590787,-0.04856666666666665,0.75,False,asymmetric,28
0.6982666666666667,0.6510666666666667,0.75,0.4966333333333333,0.504,0.5058222222222222,0.5027549254550102,-0.0517333333333333,0.75,False,asymmetric,29
0.6995,0.6535666666666666,0.7482,0.5002666666666666,0.501720942546995,0.5002227568386349,0.5,-0.048699999999999966,0.75,False,fixed,0
0.6944,0.6454666666666666,0.745,0.5012666666666666,0.5071895424836601,0.5007606263982103,0.5,-0.05059999999999998,0.75,False,fixed,1
0.6971666666666667,0.6483,0.7474333333333333,0.49953333333333333,0.49201530948924377,0.49792623645364137,0.5,-0.05026666666666657,0.75,False,fixed,2
0.6989,0.6447,0.7504,0.5038333333333334,0.5108173076923077,0.4984896943852168,0.5,-0.05149999999999999,0.75,False,fixed,3
0.7004,0.6494333333333333,0.7527333333333334,0.5006,0.5005392289026692,0.49938003719776813,0.5,-0.05233333333333334,0.75,False,fixed,4
0.6999333333333333,0.6502,0.7478,0.4961333333333333,0.4873116574147502,0.5008915039671926,0.5,-0.047866666666666724,0.75,False,fixed,5
0.6997666666666666,0.6499666666666667,0.7473666666666666,0.505,0.5033645599683335,0.4944471700637795,0.5,-0.047599999999999976,0.75,False,fixed,6
0.7012,0.6475333333333333,0.7531,0.4967,0.4931821250168759,0.5021466826008055,0.5,-0.051899999999999946,0.75,False,fixed,7
0.7002666666666667,0.6499333333333334,0.7544666666666666,0.5030333333333333,0.5006787944610372,0.4962004064681453,0.5,-0.054199999999999915,0.75,False,fixed,8
0.6987,0.6507666666666667,0.7449,0.5006333333333334,0.4953612962237031,0.49756119389627246,0.5,-0.04620000000000002,0.75,False,fixed,9
0.7001333333333334,0.6472333333333333,0.7503333333333333,0.49756666666666666,0.49492656875834445,0.5015548645046646,0.5,-0.05019999999999991,0.75,False,fixed,10
0.7012666666666667,0.6477333333333334,0.7519666666666667,0.5001666666666666,0.49858889934148637,0.4993129128064187,0.5,-0.05069999999999997,0.75,False,fixed,11
0.6948666666666666,0.6443666666666666,0.7467666666666667,0.4976333333333333,0.4942740555482427,0.5012275141722091,0.5,-0.05190000000000006,0.75,False,fixed,12
0.6998,0.6526333333333333,0.7489666666666667,0.5028,0.5047138494223875,0.49784147047042593,0.5,-0.04916666666666669,0.75,False,fixed,13
0.7024,0.6499333333333334,0.7461,0.4953666666666667,0.48916896415911776,0.5025242371442613,0.5,-0.04369999999999996,0.75,False,fixed,14
0.6994333333333334,0.6502333333333333,0.7479666666666667,0.5041333333333333,0.4971564607856104,0.49351575382147156,0.5,-0.04853333333333332,0.75,False,fixed,15
0.7015,0.6481666666666667,0.7520666666666667,0.4986333333333333,0.49583221296047325,0.5004432231185179,0.5,-0.05056666666666665,0.75,False,fixed,16
0.6993666666666667,0.6504333333333333,0.7468,0.5017333333333334,0.5006582411795681,0.49790216032851276,0.5,-0.04743333333333333,0.75,False,fixed,17
0.7,0.6521666666666667,0.7521,0.49656666666666666,0.5038321903993546,0.5058281256925055,0.5,-0.052100000000000035,0.75,False,fixed,18
0.7051,0.6509333333333334,0.7537,0.5035333333333334,0.5022330491270808,0.4960417495909071,0.5,-0.04860000000000009,0.75,False,fixed,19
0.6974,0.6482,0.7522666666666666,0.4983666666666667,0.49851991388589884,0.5016838000708969,0.5,-0.05486666666666662,0.75,False,fixed,20
0.7036666666666667,0.6546666666666666,0.7512,0.5012666666666666,0.497454448017149,0.49747071352502664,0.5,-0.047533333333333316,0.75,False,fixed,21
0.6962,0.6499333333333334,0.7477,0.49593333333333334,0.49715946624388957,0.5044804065801792,0.5,-0.05149999999999999,0.75,False,fixed,22
0.6989333333333333,0.6508666666666667,0.749,0.4992,0.4946879150066401,0.49928793947485534,0.5,-0.050066666666666704,0.75,False,fixed,23
0.6990333333333333,0.6529333333333334,0.7476333333333334,0.4965,0.49649980187557785,0.503499933122297,0.5,-0.04860000000000009,0.75,False,fixed,24
0.7012666666666667,0.6526,0.75,0.5015,0.5016,0.49853333333333333,0.5,-0.048733333333333295,0.75,False,fixed,25
0.7016333333333333,0.6492,0.7520333333333333,0.5032,0.49952950665412016,0.4955897344975843,0.5,-0.0504,0.75,False,fixed,26
0.6992333333333334,0.6507,0.7506666666666667,0.5035,0.5070855614973262,0.4976909413854352,0.5,-0.05143333333333333,0.75,False,fixed,27
0.6994,0.6492666666666667,0.7505333333333334,0.5029666666666667,0.506547300908605,0.498223485521407,0.5,-0.051133333333333364,0.75,False,fixed,28
0.6974333333333333,0.6502666666666667,0.7487,0.5003333333333333,0.5023212627669452,0.5003339121143315,0.5,-0.05126666666666668,0.75,False,fixed,29
0.7695,0.6469333333333334,0.7503333333333333,0.7824,0.6177570093457944,0.1628165259884496,0.7471710526315789,0.019166666666666665,0.75,True,bayesian,0
0.7697,0.6507,0.7489666666666667,0.7855,0.615987252688886,0.15768392006764875,0.7461348684210526,0.02073333333333338,0.75,True,bayesian,1
0.7718,0.6511666666666667,0.7505,0.7854333333333333,0.6187040748162993,0.159138352209638,0.7475822368421052,0.021300000000000097,0.75,True,bayesian,2
0.772,0.6483333333333333,0.7545666666666667,0.7844,0.6140160260763275,0.16018023589698283,0.7494243421052631,0.0174333333333333,0.75,True,bayesian,3
0.7723666666666666,0.6525333333333333,0.7502333333333333,0.7842,0.61457360202856,0.15932820900164393,0.7470723684210526,0.022133333333333338,0.75,True,bayesian,4
0.7757666666666667,0.6516333333333333,0.7554,0.7815666666666666,0.6103843008994276,0.16300414791280557,0.7495394736842104,0.020366666666666755,0.75,True,bayesian,5
0.7696666666666667,0.6462333333333333,0.7534333333333333,0.7821666666666667,0.6179532242801136,0.16409326195637747,0.7479769736842106,0.016233333333333433,0.75,True,bayesian,6
0.7712333333333333,0.6511666666666667,0.7515,0.7831666666666667,0.6195841716968478,0.16274118429807052,0.747828947368421,0.01973333333333338,0.75,True,bayesian,7
0.7714333333333333,0.65,0.7497666666666667,0.7830666666666667,0.6099640335686692,0.15916062775085582,0.7471217105263157,0.021666666666666612,0.75,True,bayesian,8
0.7702333333333333,0.6480333333333334,0.7488,0.7845333333333333,0.6125265392781316,0.15776353276353278,0.7470065789473685,0.021433333333333304,0.75,True,bayesian,9
0.7711,0.6545333333333333,0.7481,0.7794,0.6052666402011381,0.16196586909058502,0.744095394736842,0.02300000000000002,0.75,True,bayesian,10
0.7694666666666666,0.6472666666666667,0.7479,0.7824333333333333,0.6112653708845697,0.1598698578241298,0.7466118421052631,0.021566666666666623,0.75,True,bayesian,11
0.7708,0.6529333333333334,0.7514,0.7790333333333334,0.6122284794851166,0.1657794339455239,0.7450822368421052,0.019400000000000084,0.75,True,bayesian,12
0.7681666666666667,0.6555333333333333,0.7491333333333333,0.7838666666666667,0.6206484188147754,0.16147548278010146,0.7470888157894737,0.019033333333333347,0.75,True,bayesian,13
0.7666333333333334,0.6497333333333334,0.7427666666666667,0.7843333333333333,0.6170791758455358,0.15774357133240588,0.7440789473684211,0.023866666666666703,0.75,True,bayesian,14
0.7703333333333333,0.6472333333333333,0.7522333333333333,0.7788666666666667,0.6115969325978744,0.16603890636770505,0.7470230263157894,0.018100000000000005,0.75,True,bayesian,15
0.7717666666666667,0.6497666666666667,0.7492,0.7828333333333334,0.6085858585858586,0.15883609183128672,0.7455427631578948,0.022566666666666735,0.75,True,bayesian,16
0.7728,0.6471666666666667,0.7552,0.7900333333333334,0.6275871459694989,0.1573093220338983,0.7488815789473685,0.01760000000000006,0.75,True,bayesian,17
0.7691666666666667,0.6479666666666667,0.7501333333333333,0.7833,0.6152614727854856,0.1607269818698898,0.7457401315789474,0.019033333333333347,0.75,True,bayesian,18
0.7716,0.6536333333333333,0.7485333333333334,0.783,0.6139978791092259,0.16022443890274315,0.746217105263158,0.02306666666666657,0.75,True,bayesian,19
0.7705,0.6523333333333333,0.75,0.7853666666666667,0.6181333333333333,0.15888888888888889,0.7471875,0.020499999999999963,0.75,True,bayesian,20
0.7719,0.6543666666666667,0.7507666666666667,0.7819,0.6136150862645446,0.16223416063579452,0.7443421052631578,0.021133333333333337,0.75,True,bayesian,21
0.7701666666666667,0.6500333333333334,0.7482333333333333,0.7802,0.6078379451873428,0.16180335902347753,0.7454769736842105,0.02193333333333336,0.75,True,bayesian,22
0.7725,0.654,0.7511666666666666,0.7836333333333333,0.6137977227059611,0.16010650099844687,0.7477302631578948,0.021333333333333315,0.75,True,bayesian,23
0.7695333333333333,0.6496333333333333,0.7492666666666666,0.7791666666666667,0.6071523530975804,0.16327075362576743,0.7445723684210526,0.020266666666666655,0.75,True,bayesian,24
0.7673666666666666,0.6490666666666667,0.746,0.7816,0.6122047244094488,0.16072386058981233,0.7455756578947369,0.021366666666666645,0.75,True,bayesian,25
0.7698,0.6452,0.7469333333333333,0.7856333333333333,0.6182824025289779,0.15766690467690112,0.7453618421052631,0.022866666666666702,0.75,True,bayesian,26
0.7723666666666666,0.6509666666666667,0.7508,0.7877,0.6189138576779026,0.1562777481797194,0.7482730263157896,0.021566666666666623,0.75,True,bayesian,27
0.7689666666666667,0.6516333333333333,0.7485333333333334,0.7823,0.6114793213149523,0.16031350195938723,0.7486019736842106,0.020433333333333303,0.75,True,bayesian,28
0.7692666666666667,0.6495,0.7482333333333333,0.7851333333333333,0.6163113994439295,0.15806121085222968,0.7478618421052632,0.02103333333333335,0.75,True,bayesian,29
0.7574666666666666,0.6493,0.7521333333333333,0.5666333333333333,0.36457772996234533,0.3667789399042723,0.503943410150402,0.005333333333333301,0.75,True,asymmetric,0
0.7545333333333333,0.6481,0.751,0.5708333333333333,0.3783132530120482,0.365335108743897,0.49743109557391807,0.0035333333333332773,0.75,True,asymmetric,1
0.7546666666666667,0.6544,0.7498333333333334,0.5666,0.3686875416389074,0.3673705267837297,0.4955310209510823,0.004833333333333356,0.75,True,asymmetric,2
0.7568333333333334,0.6512666666666667,0.747,0.5636,0.36798418972332014,0.37014725568942436,0.49654265840221273,0.00983333333333336,0.75,True,asymmetric,3
0.7597,0.6483666666666666,0.7527,0.5708,0.3693220110527025,0.3630042956467827,0.5070999907685919,0.007000000000000006,0.75,True,asymmetric,4
0.7595,0.6517333333333334,0.7535,0.5689333333333333,0.372684246112238,0.3668657376686574,0.5051519410299359,0.006000000000000005,0.75,True,asymmetric,5
0.7564,0.6525333333333333,0.7512,0.5726666666666667,0.38478027867095393,0.3651047213347533,0.49741754345398304,0.005199999999999982,0.75,True,asymmetric,6
0.7592666666666666,0.6492333333333333,0.7515333333333334,0.5705666666666667,0.37389321169841694,0.3644105384547148,0.5041332271717506,0.007733333333333259,0.75,True,asymmetric,7
0.7514,0.6481666666666667,0.7491666666666666,0.5677,0.38099667774086377,0.3697886540600667,0.5060054649735195,0.0022333333333333094,0.75,True,asymmetric,8
0.7573333333333333,0.6536333333333333,0.751,0.5688,0.37269076305220883,0.36617842876165113,0.5009660628075978,0.006333333333333302,0.75,True,asymmetric,9
0.7537333333333334,0.6503333333333333,0.7489333333333333,0.5602,0.36563993627190655,0.3745771764286986,0.49095622463660354,0.0048000000000000265,0.75,True,asymmetric,10
0.7558,0.6526,0.7509333333333333,0.5666,0.37205567451820126,0.3688742897727273,0.5166758605692818,0.004866666666666686,0.75,True,asymmetric,11
0.7533666666666666,0.6521,0.7457666666666667,0.5626666666666666,0.3735413661990298,0.3728601439234792,0.4842789130688246,0.00759999999999994,0.75,True,asymmetric,12
0.7544333333333333,0.6439666666666667,0.7499,0.5678666666666666,0.36931893909103025,0.3659154553940525,0.49493608631703156,0.004533333333333278,0.75,True,asymmetric,13
0.7537333333333334,0.6484333333333333,0.7464666666666666,0.556,0.35932158821982646,0.37719924979905334,0.49398321322845945,0.0072666666666667545,0.75,True,asymmetric,14
0.7548666666666667,0.6488,0.7467666666666667,0.5625666666666667,0.36461761221534816,0.3703075480962371,0.5080907715682355,0.008099999999999996,0.75,True,asymmetric,15
0.7589,0.6492666666666667,0.7518,0.573,0.37483212463067417,0.361576660459342,0.47955194132179174,0.007099999999999995,0.75,True,asymmetric,16
0.7511,0.6519333333333334,0.748,0.5639666666666666,0.3734126984126984,0.37183600713012477,0.4954649899488508,0.0030999999999999917,0.75,True,asymmetric,17
0.7531333333333333,0.6508333333333334,0.7481666666666666,0.5580333333333334,0.3585704831237591,0.37482735575852083,0.4977129141306244,0.004966666666666675,0.75,True,asymmetric,18
0.7602,0.6516666666666666,0.7504666666666666,0.5659,0.3625434143734972,0.3664830771964111,0.5005549889010545,0.009733333333333372,0.75,True,asymmetric,19
0.7576666666666667,0.6546,0.7494,0.571,0.3765629156690609,0.3639800729472467,0.4898525319808688,0.008266666666666755,0.75,True,asymmetric,20
0.7596,0.6533,0.7537333333333334,0.5703333333333334,0.3676231727125068,0.3634353440650982,0.506576622618139,0.005866666666666687,0.75,True,asymmetric,21
0.7584666666666666,0.6521666666666667,0.7497,0.567,0.3672925822346518,0.3663243075007781,0.5041407000988459,0.00876666666666659,0.75,True,asymmetric,22
0.7559333333333333,0.6524666666666666,0.7511333333333333,0.5695333333333333,0.37315831770693814,0.36540339043223574,0.5197745276670079,0.0048000000000000265,0.75,True,asymmetric,23
0.7557,0.6488666666666667,0.7507333333333334,0.5725666666666667,0.37871088526343943,0.3630672231595773,0.4953175355416201,0.004966666666666675,0.75,True,asymmetric,24
0.7566333333333334,0.6494,0.7515666666666667,0.5633,0.36495370991547027,0.3711358495586996,0.5047327514743888,0.005066666666666664,0.75,True,asymmetric,25
0.7579666666666667,0.6547333333333333,0.7494,0.5649,0.3649906890130354,0.3682501556800996,0.49107319325585364,0.008566666666666722,0.75,True,asymmetric,26
0.7558,0.6536666666666666,0.7488333333333334,0.5657666666666666,0.368679495686795,0.3681281994213221,0.49164917818051,0.0069666666666666766,0.75,True,asymmetric,27
0.7532,0.6476666666666666,0.7485,0.5642,0.36752816434724983,0.3697172122021821,0.5098870563295417,0.0046999999999999265,0.75,True,asymmetric,28
0.7567666666666667,0.6483333333333333,0.7539333333333333,0.5710666666666666,0.375101598482796,0.36497479883278805,0.5124707814365989,0.0028333333333333544,0.75,True,asymmetric,29
0.7613,0.6526333333333333,0.7507333333333334,0.5733,0.3599893019523937,0.35587425628274577,0.5,0.010566666666666613,0.75,True,fixed,0
0.7599666666666667,0.6501333333333333,0.7521666666666667,0.5712333333333334,0.35763281775386685,0.35838688233990695,0.5,0.007800000000000029,0.75,True,fixed,1
0.7580666666666667,0.6525,0.7470333333333333,0.574,0.35894057188035317,0.3531747802418455,0.5,0.01103333333333334,0.75,True,fixed,2
0.7596666666666667,0.6491666666666667,0.7469333333333333,0.5744666666666667,0.35734984193888303,0.35197250981792216,0.5,0.012733333333333374,0.75,True,fixed,3
0.7624333333333333,0.6524,0.7506,0.5689666666666666,0.35311414060411656,0.359312549960032,0.5,0.011833333333333251,0.75,True,fixed,4
0.7597666666666667,0.6493666666666666,0.7503,0.5728666666666666,0.355893739153651,0.35492469678795147,0.5,0.009466666666666734,0.75,True,fixed,5
0.7573,0.6472333333333333,0.7499666666666667,0.5671,0.35688574856685773,0.3628161251611183,0.5,0.007333333333333303,0.75,True,fixed,6
0.7609666666666667,0.652,0.7504666666666666,0.5735,0.3652150681271707,0.35724438127387403,0.5,0.010500000000000065,0.75,True,fixed,7
0.7567666666666667,0.6479666666666667,0.7470666666666667,0.5698333333333333,0.3614918292040063,0.35962877030162416,0.5,0.009700000000000042,0.75,True,fixed,8
0.7568666666666667,0.6482,0.7491333333333333,0.5726,0.3596864204092479,0.3561003826644122,0.5,0.00773333333333337,0.75,True,fixed,9
0.7607666666666667,0.6533333333333333,0.7473666666666666,0.5761,0.3591502836785856,0.35056420320235493,0.5,0.013400000000000079,0.75,True,fixed,10
0.7649666666666667,0.6502,0.7543333333333333,0.5761666666666667,0.3586160108548168,0.3529827662395051,0.5,0.010633333333333383,0.75,True,fixed,11
0.7619666666666667,0.6511333333333333,0.7501666666666666,0.5771,0.3638425617078052,0.35187736058653635,0.5,0.011800000000000033,0.75,True,fixed,12
0.7595333333333333,0.6425333333333333,0.7532333333333333,0.5666,0.34783196001620964,0.3617294331105899,0.5,0.006299999999999972,0.75,True,fixed,13
0.7605333333333333,0.6471,0.7502666666666666,0.5699666666666666,0.34890549919914576,0.3564510396303536,0.5,0.010266666666666646,0.75,True,fixed,14
0.7589,0.6485333333333333,0.7482,0.5687333333333333,0.35649986761980407,0.3598413971308919,0.5,0.010700000000000043,0.75,True,fixed,15
0.7621666666666667,0.6511666666666667,0.7518,0.5737333333333333,0.35052377115229655,0.35257603972687773,0.5,0.010366666666666635,0.75,True,fixed,16
0.7661666666666667,0.6513333333333333,0.752,0.5748333333333333,0.3541666666666667,0.3523936170212766,0.5,0.01416666666666666,0.75,True,fixed,17
0.7588,0.6528333333333334,0.7469666666666667,0.5737666666666666,0.36134896588064813,0.3542772992993886,0.5,0.011833333333333362,0.75,True,fixed,18
0.7585666666666666,0.6463,0.7471,0.5701333333333334,0.3582443653618031,0.3581403649667604,0.5,0.011466666666666625,0.75,True,fixed,19
0.7585,0.6462,0.7512,0.5772333333333334,0.36012861736334406,0.3508608448704295,0.5,0.007299999999999973,0.75,True,fixed,20
0.7604333333333333,0.6535,0.7455666666666667,0.5649666666666666,0.3477007729595179,0.36088880940671525,0.5,0.014866666666666584,0.75,True,fixed,21
0.7562333333333333,0.6469,0.7484333333333333,0.5698333333333333,0.35868557042533455,0.3591947623925533,0.5,0.007800000000000029,0.75,True,fixed,22
0.7614333333333333,0.6526666666666666,0.7507666666666667,0.5688,0.35642637421425705,0.3606979532033921,0.5,0.010666666666666602,0.75,True,fixed,23
0.7570333333333333,0.6460666666666667,0.7496,0.5718333333333333,0.358493077742279,0.3569014585556741,0.5,0.007433333333333292,0.75,True,fixed,24
0.7570666666666667,0.6453666666666666,0.7511333333333333,0.572,0.35815697830163407,0.3571491967693263,0.5,0.005933333333333346,0.75,True,fixed,25
0.7593333333333333,0.6497333333333334,0.7505666666666667,0.5681,0.355739676600294,0.36132699737975754,0.5,0.00876666666666659,0.75,True,fixed,26
0.7639666666666667,0.6481666666666667,0.7528,0.5747666666666666,0.3542340884573894,0.3528161530286929,0.5,0.011166666666666658,0.75,True,fixed,27
0.7602666666666666,0.6482,0.7483333333333333,0.568,0.3574834437086093,0.36120267260579064,0.5,0.011933333333333351,0.75,True,fixed,28
0.7616333333333334,0.6502666666666667,0.7504,0.5700666666666667,0.3608440170940171,0.3603411513859275,0.5,0.011233333333333428,0.75,True,fixed,29
0.8209333333333333,0.6482,0.8538666666666667,0.8460333333333333,0.8558394160583942,0.15564490943160525,0.8475328947368422,-0.03293333333333337,0.85,False,bayesian,0
0.8152,0.6501,0.8466666666666667,0.8457666666666667,0.8569565217391304,0.15625984251968503,0.8426315789473684,-0.03146666666666664,0.85,False,bayesian,1
0.8173,0.6461,0.8464333333333334,0.8413333333333334,0.8348165834599522,0.15748434607962825,0.8419901315789474,-0.029133333333333344,0.85,False,bayesian,2
0.8172333333333334,0.651,0.8474,0.8437,0.8348623853211009,0.1547085201793722,0.8450328947368421,-0.030166666666666675,0.85,False,bayesian,3
0.8173,0.6524,0.8480666666666666,0.8410666666666666,0.8409390083369899,0.158910463013914,0.8442105263157896,-0.03076666666666661,0.85,False,bayesian,4
0.8180666666666667,0.653,0.8509,0.8421,0.839481332439079,0.15744114075292828,0.8451480263157894,-0.03283333333333327,0.85,False,bayesian,5
0.8191666666666667,0.6485,0.8500666666666666,0.8446,0.8437083148065807,0.1552427260607011,0.844720394736842,-0.030899999999999928,0.85,False,bayesian,6
0.8170666666666667,0.6473,0.8497333333333333,0.8436,0.8427240461401952,0.15624509650086302,0.8443256578947369,-0.03266666666666662,0.85,False,bayesian,7
0.8169666666666666,0.6470666666666667,0.8485,0.8462333333333333,0.8541254125412542,0.15517580043213514,0.8456907894736843,-0.03153333333333341,0.85,False,bayesian,8
0.8201666666666667,0.6489666666666667,0.8490666666666666,0.8468,0.8451855123674912,0.15291300251256282,0.8447039473684211,-0.028899999999999926,0.85,False,bayesian,9
0.8201,0.6470666666666667,0.8507,0.8440666666666666,0.8410359455235543,0.15540143411308335,0.8473190789473685,-0.03059999999999996,0.85,False,bayesian,10
0.8182333333333334,0.6509,0.8488,0.8424333333333334,0.8344356261022927,0.1561420043983663,0.8460855263157895,-0.03056666666666663,0.85,False,bayesian,11
0.8199,0.6510666666666667,0.8500666666666666,0.8450333333333333,0.8441529568697199,0.15481138734216923,0.8449506578947369,-0.030166666666666675,0.85,False,bayesian,12
0.8158,0.6498666666666667,0.8491,0.8391333333333333,0.8427214490832781,0.1615043379264319,0.8435690789473685,-0.033299999999999996,0.85,False,bayesian,13
0.8173333333333334,0.6455666666666666,0.8508,0.8481,0.852100089365505,0.1526014731233349,0.8451809210526315,-0.033466666666666645,0.85,False,bayesian,14
0.8193333333333334,0.6466666666666666,0.8486666666666667,0.8433,0.8398678414096916,0.1560879811468971,0.8453125,-0.029333333333333322,0.85,False,bayesian,15
0.817,0.6516666666666666,0.8488333333333333,0.8434666666666667,0.84696802646086,0.15715688199489494,0.8432894736842106,-0.03183333333333338,0.85,False,bayesian,16
0.8174,0.6484,0.8507,0.8424333333333334,0.8526456798392499,0.15935895928842914,0.8451151315789472,-0.033299999999999996,0.85,False,bayesian,17
0.8144333333333333,0.6495666666666666,0.8453333333333334,0.8443666666666667,0.8450431034482758,0.1557570977917981,0.8447039473684211,-0.03090000000000004,0.85,False,bayesian,18
0.8162666666666667,0.6522333333333333,0.8493333333333334,0.8384,0.8415929203539823,0.16216640502354787,0.8444572368421054,-0.03306666666666669,0.85,False,bayesian,19
0.8129333333333333,0.6493,0.8450333333333333,0.8398333333333333,0.8423316842331684,0.16062482742298134,0.8430263157894737,-0.03210000000000002,0.85,False,bayesian,20
0.8225,0.6480666666666667,0.8527,0.847,0.8420457116994795,0.15214416950080137,0.8476151315789474,-0.030200000000000005,0.85,False,bayesian,21
0.8204666666666667,0.6513666666666666,0.8529666666666667,0.8418666666666667,0.8403990024937655,0.15788033920825353,0.8474671052631578,-0.03249999999999997,0.85,False,bayesian,22
0.8176,0.6527,0.8506333333333334,0.8499,0.8647623298370899,0.15270974567968965,0.8470394736842105,-0.03303333333333336,0.85,False,bayesian,23
0.8154666666666667,0.6481333333333333,0.8488666666666667,0.8380666666666666,0.8416409351565947,0.16256970077750726,0.8438651315789474,-0.033399999999999985,0.85,False,bayesian,24
0.8199666666666666,0.6477666666666667,0.8515,0.8436666666666667,0.8442199775533109,0.15642982971227246,0.8464967105263157,-0.03153333333333341,0.85,False,bayesian,25
0.8207666666666666,0.6483333333333333,0.8525666666666667,0.8485666666666667,0.8514582862310649,0.15193337764397702,0.846299342105263,-0.03180000000000005,0.85,False,bayesian,26
0.8159,0.6526333333333333,0.8469333333333333,0.8410666666666666,0.8418989547038328,0.15908375314861462,0.843404605263158,-0.031033333333333357,0.85,False,bayesian,27
0.822,0.6466333333333333,0.8515,0.8447333333333333,0.8323232323232324,0.15310236836954394,0.8459703947368422,-0.02950000000000008,0.85,False,bayesian,28
0.8180666666666667,0.6501,0.8493333333333334,0.8451,0.8484513274336283,0.1554945054945055,0.845592105263158,-0.031266666666666665,0.85,False,bayesian,29
0.7820666666666667,0.6487666666666667,0.8526333333333334,0.6591333333333333,0.6579959285229586,0.3406700809257594,0.6764718830924278,-0.07056666666666667,0.85,False,asymmetric,0
0.7842666666666667,0.6544,0.8519,0.6535666666666666,0.654062570335359,0.3465195445474821,0.6659563324608052,-0.06763333333333332,0.85,False,asymmetric,1
0.7769,0.6486666666666666,0.8478,0.6504,0.6456416995181778,0.34874577337422347,0.6429754985378295,-0.07089999999999996,0.85,False,asymmetric,2
0.7764,0.6462,0.848,0.6514666666666666,0.6491228070175439,0.3481132075471698,0.6550962437958677,-0.0716,0.85,False,asymmetric,3
0.7842333333333333,0.6505666666666666,0.8517666666666667,0.6595333333333333,0.6568473127951427,0.3399992173130357,0.6434642740622023,-0.06753333333333333,0.85,False,asymmetric,4
0.7812333333333333,0.6504666666666666,0.8526333333333334,0.6602666666666667,0.6645555304229812,0.34047460807693813,0.6773637297422137,-0.07140000000000002,0.85,False,asymmetric,5
0.7795,0.6464333333333333,0.8501333333333333,0.6532666666666667,0.6481316725978647,0.3458281053952321,0.6523462450290813,-0.07063333333333333,0.85,False,asymmetric,6
0.778,0.6474,0.8491666666666666,0.6490333333333334,0.6523756906077348,0.3515603532875368,0.6531518811989198,-0.0711666666666666,0.85,False,asymmetric,7
0.7764,0.646,0.8474,0.6474,0.6515945827872434,0.3533553614979152,0.6615407524384364,-0.07100000000000006,0.85,False,asymmetric,8
0.7781,0.6509333333333334,0.8486,0.6462333333333333,0.6486129458388376,0.35419121690627703,0.667012949788749,-0.07050000000000001,0.85,False,asymmetric,9
0.7786666666666666,0.6465666666666666,0.8509333333333333,0.6559333333333334,0.6594364937388193,0.3446803509871514,0.6687448539272475,-0.0722666666666667,0.85,False,asymmetric,10
0.7827333333333333,0.6514,0.8508,0.6489333333333334,0.6572832886505808,0.35253095126155776,0.6617343850564288,-0.06806666666666672,0.85,False,asymmetric,11
0.7842,0.6489666666666667,0.8515666666666667,0.6551,0.6503480799461038,0.3440717109641054,0.6680917973939248,-0.06736666666666669,0.85,False,asymmetric,12
0.7774666666666666,0.6503,0.8456666666666667,0.6479666666666667,0.6548596112311015,0.3532912889239259,0.6423011031255115,-0.06820000000000004,0.85,False,asymmetric,13
0.7788333333333334,0.6525666666666666,0.8519,0.6552666666666667,0.6637407157326131,0.346206518761983,0.6667362811982772,-0.07306666666666661,0.85,False,asymmetric,14
0.7812,0.6517,0.8505333333333334,0.6509666666666667,0.6587867975022301,0.3504075873961436,0.654739719624603,-0.06933333333333336,0.85,False,asymmetric,15
0.7775,0.6497666666666667,0.8478,0.6507,0.6533070521243978,0.349768027050405,0.6526985957662016,-0.07030000000000003,0.85,False,asymmetric,16
0.7835666666666666,0.6486,0.8546666666666667,0.6619333333333334,0.6580275229357798,0.337402496099844,0.6698483397356446,-0.07110000000000005,0.85,False,asymmetric,17
0.7777666666666667,0.6461333333333333,0.8490666666666666,0.6514,0.6579063604240283,0.3497565954773869,0.6689265801870045,-0.07129999999999992,0.85,False,asymmetric,18
0.7866,0.651,0.8526,0.6568666666666667,0.6485753052917232,0.34169989835014464,0.6563695117830841,-0.06600000000000006,0.85,False,asymmetric,19
0.7792,0.6503,0.8491666666666666,0.6504333333333333,0.6556906077348066,0.35050049067713446,0.6588330414572091,-0.06996666666666662,0.85,False,asymmetric,20
0.7803333333333333,0.6478,0.8499666666666666,0.6558333333333334,0.6589646745167741,0.34471940076081414,0.6503554268806591,-0.06963333333333332,0.85,False,asymmetric,21
0.7819666666666667,0.6524666666666666,0.8485666666666667,0.6493333333333333,0.6420867268324896,0.34937345327414854,0.6510598424303293,-0.06659999999999999,0.85,False,asymmetric,22
0.7785333333333333,0.6504333333333333,0.8477,0.6517333333333334,0.6605384110308602,0.3498486099642169,0.6488345485107814,-0.06916666666666671,0.85,False,asymmetric,23
0.7787333333333334,0.6492666666666667,0.8488666666666667,0.6529333333333334,0.6594618438464932,0.34822901123066047,0.6417071002460524,-0.07013333333333327,0.85,False,asymmetric,24
0.7813,0.6499666666666667,0.8510333333333333,0.6544666666666666,0.6491385097337212,0.3446006815244213,0.6708817270832461,-0.06973333333333331,0.85,False,asymmetric,25
0.7831333333333333,0.6512666666666667,0.8531,0.6572,0.6557749035625142,0.3425546047747431,0.6547037834477836,-0.06996666666666662,0.85,False,asymmetric,26
0.7870666666666667,0.6496,0.8552666666666666,0.6624,0.6501612160294795,0.3355288798815184,0.6724790173774121,-0.06819999999999993,0.85,False,asymmetric,27
0.7842333333333333,0.6521333333333333,0.8518,0.6567666666666667,0.6529464687359424,0.34256867809344915,0.6736905845213472,-0.06756666666666666,0.85,False,asymmetric,28
0.7789666666666667,0.6504,0.8488333333333333,0.6535,0.6531422271223815,0.3464362850971922,0.6550637032622029,-0.06986666666666663,0.85,False,asymmetric,29
0.7471,0.6479333333333334,0.8518333333333333,0.4945333333333333,0.5028121484814398,0.5069066718841714,0.5,-0.10473333333333334,0.85,False,fixed,0
0.7532666666666666,0.6486,0.8549,0.5001333333333333,0.49276361130255,0.4986158225133544,0.5,-0.10163333333333335,0.85,False,fixed,1
0.7514333333333333,0.6523333333333333,0.8491,0.4965,0.4974596863264855,0.5036705531346917,0.5,-0.09766666666666668,0.85,False,fixed,2
0.7514333333333333,0.6548333333333334,0.8486333333333334,0.5021,0.5115613301035015,0.4995875721748694,0.5,-0.09720000000000006,0.85,False,fixed,3
0.7491,0.6475333333333333,0.8496666666666667,0.5006333333333334,0.4977827050997783,0.49886229894076106,0.5,-0.1005666666666667,0.85,False,fixed,4
0.7514,0.6512666666666667,0.8504666666666667,0.4976333333333333,0.5066874721355328,0.5039586109586893,0.5,-0.09906666666666675,0.85,False,fixed,5
0.7475666666666667,0.6463666666666666,0.8514,0.5002,0.4939434724091521,0.49870801033591733,0.5,-0.10383333333333333,0.85,False,fixed,6
0.7497,0.6486,0.8496666666666667,0.5000666666666667,0.4906873614190687,0.4982738328756375,0.5,-0.09996666666666665,0.85,False,fixed,7
0.748,0.6512333333333333,0.8508666666666667,0.5000666666666667,0.5067054090299509,0.5010969207866489,0.5,-0.10286666666666666,0.85,False,fixed,8
0.7491,0.6445666666666666,0.8515333333333334,0.5018,0.5060619667714414,0.498943083065842,0.5,-0.10243333333333338,0.85,False,fixed,9
0.7522333333333333,0.6568666666666667,0.8495333333333334,0.5009,0.5095259193619849,0.5006277956525151,0.5,-0.09730000000000005,0.85,False,fixed,10
0.7517666666666667,0.6544666666666666,0.8500666666666666,0.4998,0.5060026678523788,0.5012940161555957,0.5,-0.09829999999999994,0.85,False,fixed,11
0.7472666666666666,0.6499333333333334,0.8469333333333333,0.49856666666666666,0.49020034843205573,0.4999212846347607,0.5,-0.09966666666666668,0.85,False,fixed,12
0.7492,0.6544666666666666,0.8507,0.4994,0.5005581603036392,0.5008032600603425,0.5,-0.10150000000000003,0.85,False,fixed,13
0.7491666666666666,0.6545,0.8492,0.4981333333333333,0.5083996463306808,0.5036897472130633,0.5,-0.10003333333333331,0.85,False,fixed,14
0.7523,0.6492,0.8529,0.5017,0.5005665080444143,0.49810450619455193,0.5,-0.10060000000000002,0.85,False,fixed,15
0.7533,0.6516,0.8537333333333333,0.5021333333333333,0.5018231540565178,0.49781352491019837,0.5,-0.10043333333333337,0.85,False,fixed,16
0.7531,0.6543,0.8499333333333333,0.5004666666666666,0.49888938249666814,0.4992548435171386,0.5,-0.09683333333333333,0.85,False,fixed,17
0.7515333333333334,0.6522666666666667,0.8492333333333333,0.49993333333333334,0.49546760999336725,0.49927385484947207,0.5,-0.0976999999999999,0.85,False,fixed,18
0.7502,0.6498,0.8528,0.5016,0.5002264492753623,0.49816291432145093,0.5,-0.10260000000000002,0.85,False,fixed,19
0.746,0.6502,0.8479666666666666,0.4977,0.5082218811664109,0.5041864853178191,0.5,-0.10196666666666665,0.85,False,fixed,20
0.7465333333333334,0.6465666666666666,0.8483,0.49766666666666665,0.5016479894528675,0.5030453062988722,0.5,-0.10176666666666667,0.85,False,fixed,21
0.7459666666666667,0.6506333333333333,0.8497333333333333,0.4949,0.5082076308784383,0.5074533186882159,0.5,-0.10376666666666667,0.85,False,fixed,22
0.751,0.6519,0.8495333333333334,0.5015333333333334,0.5075321222862207,0.49952915326061365,0.5,-0.09853333333333336,0.85,False,fixed,23
0.7480333333333333,0.6508666666666667,0.8474666666666667,0.49716666666666665,0.5019667832167832,0.5036972938955318,0.5,-0.09943333333333337,0.85,False,fixed,24
0.7493666666666666,0.6514,0.8522666666666666,0.49816666666666665,0.5069945848375451,0.503363579474343,0.5,-0.10289999999999999,0.85,False,fixed,25
0.7509666666666667,0.6515666666666666,0.8485,0.4981333333333333,0.4935093509350935,0.5010410528383422,0.5,-0.09753333333333336,0.85,False,fixed,26
0.7481333333333333,0.6504333333333333,0.8469333333333333,0.49846666666666667,0.49956445993031356,0.5017317380352645,0.5,-0.0988,0.85,False,fixed,27
0.7493,0.6454333333333333,0.8458333333333333,0.49893333333333334,0.48583783783783785,0.498679802955665,0.5,-0.09653333333333336,0.85,False,fixed,28
0.7455333333333334,0.6475333333333333,0.8466,0.5012,0.5002172968274663,0.4986219387353335,0.5,-0.10106666666666664,0.85,False,fixed,29
0.8472,0.6448333333333334,0.8522333333333333,0.8838,0.7568238213399504,0.09418390894512457,0.8458881578947368,-0.005033333333333334,0.85,True,bayesian,0
0.8476666666666667,0.6495333333333333,0.8520333333333333,0.8794,0.7382293309303898,0.09608387778255936,0.8438157894736843,-0.00436666666666663,0.85,True,bayesian,1
0.8466666666666667,0.6473333333333333,0.8487666666666667,0.8794333333333333,0.7414591139519506,0.09598240584377332,0.8456085526315789,-0.0020999999999999908,0.85,True,bayesian,2
0.8428,0.6457666666666667,0.8473666666666667,0.8803666666666666,0.746232801921817,0.09547224735454939,0.8439144736842106,-0.004566666666666719,0.85,True,bayesian,3
0.8482666666666666,0.6526666666666666,0.8504666666666667,0.8757,0.7273740526081142,0.09822058477698518,0.8436019736842104,-0.0022000000000000908,0.85,True,bayesian,4
0.8432666666666667,0.6534666666666666,0.8469333333333333,0.8828666666666667,0.7554442508710801,0.09410421914357682,0.8458388157894737,-0.003666666666666596,0.85,True,bayesian,5
0.8483333333333334,0.6495333333333333,0.8521,0.8816666666666667,0.7489294568402074,0.09529397957986152,0.8474506578947368,-0.003766666666666585,0.85,True,bayesian,6
0.8448333333333333,0.6457333333333334,0.8492333333333333,0.8773333333333333,0.734247181074508,0.09726419908152452,0.8449506578947369,-0.0043999999999999595,0.85,True,bayesian,7
0.8439666666666666,0.6474333333333333,0.8469333333333333,0.8826,0.7537020905923345,0.09410421914357682,0.8440953947368421,-0.002966666666666673,0.85,True,bayesian,8
0.8437,0.6500666666666667,0.8495666666666667,0.8798,0.748061156658542,0.09687291560403342,0.8439309210526315,-0.005866666666666687,0.85,True,bayesian,9
0.8428666666666667,0.6443,0.8488666666666667,0.8774,0.7346713718570799,0.09718840807350977,0.8425657894736842,-0.006000000000000005,0.85,True,bayesian,10
0.8476333333333333,0.6502333333333333,0.8509,0.8829333333333333,0.7469260004471272,0.09323461432992518,0.8475822368421052,-0.00326666666666664,0.85,True,bayesian,11
0.8469,0.6516,0.8495,0.8826,0.7452934662236987,0.09307435746517559,0.8472203947368422,-0.0026000000000000467,0.85,True,bayesian,12
0.8453333333333334,0.6471,0.8514666666666667,0.8815666666666667,0.7553859964093357,0.0964218603194488,0.8464638157894737,-0.006133333333333324,0.85,True,bayesian,13
0.8436666666666667,0.6536666666666666,0.8479666666666666,0.8783333333333333,0.7390923043192282,0.09670191438342703,0.845,-0.0042999999999999705,0.85,True,bayesian,14
0.8442666666666667,0.6548,0.8480333333333333,0.8747,0.7431454266286467,0.10172556110215794,0.8420394736842105,-0.003766666666666585,0.85,True,bayesian,15
0.8431666666666666,0.6442333333333333,0.85,0.8759666666666667,0.7504444444444445,0.10188235294117647,0.8426809210526316,-0.006833333333333358,0.85,True,bayesian,16
0.8459666666666666,0.6512,0.8516,0.8844333333333333,0.7594339622641509,0.09378424925630187,0.8468914473684211,-0.005633333333333379,0.85,True,bayesian,17
0.8455,0.6532666666666667,0.8456666666666667,0.8799666666666667,0.7362850971922246,0.09381158849034292,0.8447039473684211,-0.0001666666666666483,0.85,True,bayesian,18
0.8474,0.6429,0.8519333333333333,0.8806666666666667,0.7417829806393517,0.0951952421942249,0.8480921052631578,-0.004533333333333278,0.85,True,bayesian,19
0.8469666666666666,0.6538333333333334,0.8486666666666667,0.8776333333333334,0.7361233480176211,0.09713275726630008,0.8439309210526317,-0.0017000000000000348,0.85,True,bayesian,20
0.8469333333333333,0.6517333333333334,0.8511666666666666,0.8842666666666666,0.7522956326987682,0.09265713726258078,0.8478125,-0.004233333333333311,0.85,True,bayesian,21
0.8416666666666667,0.6513333333333333,0.8452666666666667,0.8771,0.7378285221887118,0.09740515813549964,0.8426315789473685,-0.0036000000000000476,0.85,True,bayesian,22
0.8438333333333333,0.6506,0.8477333333333333,0.8767333333333334,0.7451838879159369,0.09963825102233406,0.8439309210526315,-0.0039000000000000146,0.85,True,bayesian,23
0.8442333333333333,0.6471333333333333,0.8502666666666666,0.8810666666666667,0.7502226179875334,0.0958914850243061,0.8461348684210526,-0.006033333333333335,0.85,True,bayesian,24
0.8467,0.6522,0.8504,0.8796666666666667,0.7410873440285205,0.09595484477892756,0.8456085526315789,-0.0037000000000000366,0.85,True,bayesian,25
0.8435,0.6505666666666666,0.8478666666666667,0.8797333333333334,0.7467134092900964,0.09639880484352886,0.8436842105263157,-0.00436666666666663,0.85,True,bayesian,26
0.8458666666666667,0.6487333333333334,0.8504333333333334,0.8809,0.7515043458881212,0.09634304080272803,0.8466776315789474,-0.004566666666666719,0.85,True,bayesian,27
0.8454333333333334,0.6523666666666667,0.8486333333333334,0.8835666666666666,0.7573221757322176,0.0939157076083114,0.8448026315789474,-0.0031999999999999806,0.85,True,bayesian,28
0.8469666666666666,0.6537,0.8528333333333333,0.8823333333333333,0.758550396375991,0.09630642954856361,0.8484539473684211,-0.005866666666666687,0.85,True,bayesian,29
0.8269333333333333,0.6541333333333333,0.8506666666666667,0.7263,0.5176339285714285,0.23706896551724138,0.6587454036401735,-0.023733333333333384,0.85,True,asymmetric,0
0.8296,0.6504666666666666,0.8514333333333334,0.7350666666666666,0.5312990800987211,0.22937791175664565,0.6542831246164061,-0.02183333333333337,0.85,True,asymmetric,1
0.8225666666666667,0.6482333333333333,0.8492666666666666,0.7264,0.5234409553295002,0.23757751785854464,0.6343702464492479,-0.026699999999999946,0.85,True,asymmetric,2
0.8234,0.6524333333333333,0.8463333333333334,0.7241666666666666,0.5264642082429501,0.2399369830641985,0.645865643479907,-0.02293333333333336,0.85,True,asymmetric,3
0.8248333333333333,0.6458666666666667,0.8525666666666667,0.7227333333333333,0.5227221342979878,0.24267896938655822,0.6659387557504738,-0.027733333333333388,0.85,True,asymmetric,4
0.8284,0.6504666666666666,0.8525333333333334,0.7329333333333333,0.5327757685352622,0.2324444791992493,0.6649369143764412,-0.02413333333333334,0.85,True,asymmetric,5
0.8270666666666666,0.6507,0.8519333333333333,0.7321,0.5333183250787933,0.23335159245637374,0.6582160063998868,-0.024866666666666704,0.85,True,asymmetric,6
0.8269666666666666,0.6488333333333334,0.8542666666666666,0.7307,0.5436870997255261,0.23739659747151554,0.6526691636541787,-0.02729999999999999,0.85,True,asymmetric,7
0.8244333333333334,0.6491333333333333,0.8510666666666666,0.7263,0.5384959713518352,0.24083503054989816,0.6601558099143486,-0.026633333333333287,0.85,True,asymmetric,8
0.829,0.6560333333333334,0.8487,0.7265666666666667,0.516413306895792,0.2359687364989592,0.643872657177327,-0.01970000000000005,0.85,True,asymmetric,9
0.825,0.6481,0.8484666666666667,0.7217333333333333,0.5182578090629124,0.24192661271312957,0.6534345924925549,-0.023466666666666747,0.85,True,asymmetric,10
0.8264333333333334,0.6483,0.8508666666666667,0.7297666666666667,0.5306213679034422,0.23532868447857086,0.6456142148890797,-0.024433333333333307,0.85,True,asymmetric,11
0.8281666666666667,0.6494666666666666,0.8506,0.7285333333333334,0.5189647478804106,0.23465788854925934,0.6521034009220101,-0.022433333333333305,0.85,True,asymmetric,12
0.8317,0.6521666666666667,0.8524666666666667,0.7326333333333334,0.5302756439222774,0.23234535074685228,0.6689069274103362,-0.02076666666666671,0.85,True,asymmetric,13
0.8248666666666666,0.6512333333333333,0.8500333333333333,0.7254333333333334,0.5318959768837519,0.2404219442374809,0.6466412097442041,-0.02516666666666667,0.85,True,asymmetric,14
0.8296666666666667,0.6517,0.8503666666666667,0.7309666666666667,0.5170416573847182,0.23139038062012465,0.6477551863285352,-0.02070000000000005,0.85,True,asymmetric,15
0.8203,0.6491333333333333,0.8455666666666667,0.7225333333333334,0.5232031081372761,0.241061221271731,0.6448028117713291,-0.02526666666666666,0.85,True,asymmetric,16
0.8248666666666666,0.6539,0.8467333333333333,0.7229333333333333,0.5210961287516311,0.240532241555783,0.636880345612945,-0.0218666666666667,0.85,True,asymmetric,17
0.8234,0.6466333333333333,0.8495,0.7217333333333333,0.5153931339977852,0.2417108102805572,0.6508095659878288,-0.026100000000000012,0.85,True,asymmetric,18
0.8288666666666666,0.6555333333333333,0.8504666666666667,0.7299666666666667,0.5267498885421311,0.23430273575291996,0.6401257538918479,-0.021600000000000064,0.85,True,asymmetric,19
0.8254666666666667,0.6467333333333334,0.8491,0.7295333333333334,0.5308151093439364,0.2351509441369293,0.6389373277264363,-0.023633333333333284,0.85,True,asymmetric,20
0.8244,0.6525666666666666,0.8490666666666666,0.7218666666666667,0.5165636042402827,0.24163787688442212,0.6474783815566286,-0.024666666666666615,0.85,True,asymmetric,21
0.8276333333333333,0.6491666666666667,0.8525666666666667,0.7299,0.5301831336197151,0.23556320131368025,0.6654234785935605,-0.024933333333333363,0.85,True,asymmetric,22
0.8273,0.6563333333333333,0.8503666666666667,0.7264333333333334,0.5268433949654712,0.23844616047979303,0.6606539842876784,-0.02306666666666668,0.85,True,asymmetric,23
0.8284333333333334,0.6525333333333333,0.8514,0.7305333333333334,0.5278151637505608,0.2340850364106178,0.6641462927364398,-0.02296666666666669,0.85,True,asymmetric,24
0.8245666666666667,0.6457666666666667,0.8529333333333333,0.7324333333333334,0.5342248413417952,0.23339065186806315,0.6543280619404243,-0.02836666666666665,0.85,True,asymmetric,25
0.8260666666666666,0.6529666666666667,0.8499,0.725,0.5172107483899623,0.23830254539749773,0.645183122007704,-0.023833333333333373,0.85,True,asymmetric,26
0.8265666666666667,0.6508666666666667,0.8510333333333333,0.7276,0.5249496531662564,0.23692765657436057,0.6666783628013639,-0.024466666666666637,0.85,True,asymmetric,27
0.8275,0.6528666666666667,0.8508,0.7265333333333334,0.5283735478105451,0.23871650211565584,0.6572859143075395,-0.023299999999999987,0.85,True,asymmetric,28
0.8208,0.6463666666666666,0.848,0.7231666666666666,0.5285087719298246,0.24194182389937108,0.6604006815864122,-0.027200000000000002,0.85,True,asymmetric,29
0.8063,0.6474333333333333,0.8527666666666667,0.6007666666666667,0.35838804618519354,0.35738576398389554,0.5,-0.046466666666666656,0.85,True,fixed,0
0.8064666666666667,0.6464333333333333,0.8481333333333333,0.6015,0.351404741000878,0.35371796887281876,0.5,-0.04166666666666663,0.85,True,fixed,1
0.8102333333333334,0.6508333333333334,0.8510666666666666,0.6042333333333333,0.35631154879140553,0.35238132539558203,0.5,-0.04083333333333328,0.85,True,fixed,2
0.8056333333333333,0.6507666666666667,0.8479666666666666,0.5987666666666667,0.3523350142512607,0.35705019851409253,0.5,-0.042333333333333334,0.85,True,fixed,3
0.8062666666666667,0.6487666666666667,0.8492333333333333,0.5982666666666666,0.35927481759893876,0.3593044706990619,0.5,-0.0429666666666666,0.85,True,fixed,4
0.8109,0.6514666666666666,0.8531333333333333,0.6031333333333333,0.34997730367680435,0.3532859263889974,0.5,-0.042233333333333345,0.85,True,fixed,5
0.811,0.6508666666666667,0.8523,0.6025333333333334,0.3502595350936583,0.35374868004223864,0.5,-0.04129999999999989,0.85,True,fixed,6
0.8061,0.6477666666666667,0.8516666666666667,0.6002666666666666,0.3620224719101124,0.3582387475538161,0.5,-0.045566666666666644,0.85,True,fixed,7
0.8062666666666667,0.6518666666666667,0.8546666666666667,0.6038333333333333,0.3676605504587156,0.35600624024961,0.5,-0.0484,0.85,True,fixed,8
0.8086,0.6497333333333334,0.8512,0.6014666666666667,0.3548387096774194,0.35541979949874686,0.5,-0.04259999999999997,0.85,True,fixed,9
0.8021,0.6499666666666667,0.8467,0.5951666666666666,0.3507284192215699,0.36057635526160386,0.5,-0.04459999999999997,0.85,True,fixed,10
0.805,0.6491,0.8479,0.5949666666666666,0.3519614288845058,0.36144199394582693,0.5,-0.04289999999999994,0.85,True,fixed,11
0.8064333333333333,0.6511666666666667,0.8494,0.6015333333333334,0.3583444001770695,0.3553488737147791,0.5,-0.04296666666666671,0.85,True,fixed,12
0.8057333333333333,0.6498333333333334,0.8531666666666666,0.6004333333333334,0.37275822928490354,0.36038288728267237,0.5,-0.04743333333333333,0.85,True,fixed,13
0.8084,0.6515,0.8505333333333334,0.6000666666666666,0.3494647636039251,0.3558943408057689,0.5,-0.042133333333333356,0.85,True,fixed,14
0.8056333333333333,0.6453666666666666,0.8468666666666667,0.6030333333333333,0.3632999564649543,0.3536172557663544,0.5,-0.041233333333333344,0.85,True,fixed,15
0.8110333333333334,0.6524333333333333,0.8530333333333333,0.6052333333333333,0.34452256747561805,0.3498495564847017,0.5,-0.041999999999999926,0.85,True,fixed,16
0.8041333333333334,0.6508333333333334,0.8491333333333333,0.5985666666666667,0.36279275298276625,0.35954306351574156,0.5,-0.04499999999999993,0.85,True,fixed,17
0.8075333333333333,0.6471666666666667,0.8483333333333334,0.6018333333333333,0.35428571428571426,0.35390962671905696,0.5,-0.04080000000000006,0.85,True,fixed,18
0.8068333333333333,0.6466,0.8513,0.605,0.36830307106030036,0.35365519401699363,0.5,-0.044466666666666654,0.85,True,fixed,19
0.8031333333333334,0.6487333333333334,0.8453,0.6038,0.36242189183365653,0.35202492211838005,0.5,-0.042166666666666686,0.85,True,fixed,20
0.8052666666666667,0.6521666666666667,0.8491,0.5950666666666666,0.3600618511155291,0.3631688454441958,0.5,-0.04383333333333328,0.85,True,fixed,21
0.8044333333333333,0.6469666666666667,0.8493,0.5965666666666667,0.35301924353019243,0.3602182189253895,0.5,-0.04486666666666672,0.85,True,fixed,22
0.8031666666666667,0.6446333333333333,0.8497333333333333,0.6001,0.3671251109139308,0.3587007688686647,0.5,-0.046566666666666645,0.85,True,fixed,23
0.8076666666666666,0.6472666666666667,0.8526,0.6021,0.35572139303482586,0.3553053405270154,0.5,-0.04493333333333338,0.85,True,fixed,24
0.8064333333333333,0.6495333333333333,0.8475,0.5982333333333333,0.34579234972677597,0.35634218289085545,0.5,-0.041066666666666696,0.85,True,fixed,25
0.8075,0.6493,0.849,0.6020666666666666,0.3622516556291391,0.3552807224185316,0.5,-0.04149999999999998,0.85,True,fixed,26
0.8053,0.6504666666666666,0.8492333333333333,0.5925666666666667,0.35418969710369225,0.36511363190328533,0.5,-0.04393333333333327,0.85,True,fixed,27
0.8119333333333333,0.6561,0.8489,0.6034666666666667,0.35054048091771456,0.3515137236423607,0.5,-0.0369666666666667,0.85,True,fixed,28
0.8058333333333333,0.6505,0.8497333333333333,0.5984333333333334,0.3560337178349601,0.3587007688686647,0.5,-0.04390000000000005,0.85,True,fixed,29
0.9323,0.6505333333333333,0.9500333333333333,0.9392,0.9379586390927285,0.06073471106276973,0.9423355263157895,-0.017733333333333268,0.95,False,bayesian,0
0.9299333333333333,0.6497333333333334,0.9471333333333334,0.9398,0.9419924337957125,0.06032237629337651,0.9423848684210526,-0.017200000000000104,0.95,False,bayesian,1
0.9336,0.6526,0.9510666666666666,0.9417,0.9380108991825613,0.05811019206504977,0.9439967105263158,-0.01746666666666663,0.95,False,bayesian,2
0.9348,0.6510666666666667,0.9528,0.9425,0.932909604519774,0.05702490904002239,0.9456743421052632,-0.018000000000000016,0.95,False,bayesian,3
0.9315666666666667,0.6516,0.9501333333333334,0.9392333333333334,0.9405080213903744,0.06083356721863598,0.9431907894736843,-0.01856666666666673,0.95,False,bayesian,4
0.9337333333333333,0.6483666666666666,0.9521,0.9424,0.941544885177453,0.057556979308896125,0.9458552631578948,-0.018366666666666642,0.95,False,bayesian,5
0.9326,0.6492666666666667,0.9501,0.9426666666666667,0.9425517702070808,0.05732729888081956,0.9445723684210526,-0.01749999999999996,0.95,False,bayesian,6
0.9358333333333333,0.6507666666666667,0.9520666666666666,0.9431,0.9443671766342142,0.056963798053357606,0.945263157894737,-0.016233333333333322,0.95,False,bayesian,7
0.9327333333333333,0.6431666666666667,0.9513666666666667,0.9437333333333333,0.9527073337902673,0.056725412564381066,0.9447039473684211,-0.01863333333333339,0.95,False,bayesian,8
0.9306333333333333,0.6432,0.9490333333333333,0.9428666666666666,0.9450621321124918,0.05725123810192828,0.9438486842105263,-0.018399999999999972,0.95,False,bayesian,9
0.9325333333333333,0.6453,0.9495666666666667,0.9426666666666667,0.9339061467283543,0.05686804507319128,0.943717105263158,-0.017033333333333345,0.95,False,bayesian,10
0.9302333333333334,0.6480333333333334,0.9482666666666667,0.9403333333333334,0.9342783505154639,0.0593363329583802,0.9435361842105263,-0.018033333333333346,0.95,False,bayesian,11
0.9330666666666667,0.6469333333333334,0.9497,0.9444,0.9396951623591783,0.05535081253729248,0.9451809210526316,-0.016633333333333278,0.95,False,bayesian,12
0.9339,0.6489333333333334,0.9512333333333334,0.9425,0.9542036910457963,0.05810001051266776,0.9449013157894737,-0.017333333333333423,0.95,False,bayesian,13
0.9338,0.6475666666666666,0.9514333333333334,0.9412333333333334,0.9389155799588195,0.05864835511333777,0.9435361842105264,-0.01763333333333339,0.95,False,bayesian,14
0.9330666666666667,0.6497666666666667,0.9513333333333334,0.9421333333333334,0.9376712328767123,0.05763840224246671,0.9445559210526316,-0.018266666666666653,0.95,False,bayesian,15
0.9333666666666667,0.6487666666666667,0.9513333333333334,0.9428,0.9527397260273973,0.05770847932725998,0.944342105263158,-0.017966666666666686,0.95,False,bayesian,16
0.9331,0.6529333333333334,0.9502,0.9415333333333333,0.9551539491298527,0.059180523398582756,0.9439802631578948,-0.017100000000000004,0.95,False,bayesian,17
0.9315,0.6501333333333333,0.9494,0.9423333333333334,0.9453227931488801,0.057825995365493994,0.9440296052631579,-0.017900000000000027,0.95,False,bayesian,18
0.9319333333333333,0.6494666666666666,0.9510333333333333,0.9378333333333333,0.9400953029271614,0.06228313062984123,0.9435032894736842,-0.019100000000000006,0.95,False,bayesian,19
0.9323,0.6504333333333333,0.9499333333333333,0.9395666666666667,0.9360852197070573,0.06024984209418205,0.9431743421052633,-0.01763333333333328,0.95,False,bayesian,20
0.9328,0.6502666666666667,0.9496333333333333,0.9431333333333334,0.9344804765056254,0.05640773631928113,0.9454276315789475,-0.016833333333333367,0.95,False,bayesian,21
0.9333666666666667,0.6491666666666667,0.9506333333333333,0.9432666666666667,0.9399054692775152,0.05655878537115607,0.9444407894736844,-0.017266666666666652,0.95,False,bayesian,22
0.9335666666666667,0.6520666666666667,0.9503333333333334,0.945,0.9409395973154362,0.05478779375657664,0.9447532894736844,-0.016766666666666707,0.95,False,bayesian,23
0.9302333333333334,0.6451666666666667,0.9496333333333333,0.9402666666666667,0.9377895433487756,0.059601951630453856,0.9427138157894737,-0.019399999999999973,0.95,False,bayesian,24
0.9352666666666667,0.6543666666666667,0.9504333333333334,0.9432333333333334,0.9401479488903833,0.05660575877669835,0.9454440789473685,-0.015166666666666662,0.95,False,bayesian,25
0.9315666666666667,0.6532333333333333,0.9483,0.9428333333333333,0.9400386847195358,0.057014306302506236,0.9437006578947369,-0.016733333333333378,0.95,False,bayesian,26
0.9302666666666667,0.6482666666666667,0.9494666666666667,0.938,0.9472295514511874,0.06249122314281702,0.9433059210526317,-0.019199999999999995,0.95,False,bayesian,27
0.9308333333333333,0.6535,0.9485,0.9408333333333333,0.9411003236245955,0.05918116324020383,0.9430921052631578,-0.01766666666666672,0.95,False,bayesian,28
0.9328666666666666,0.6536,0.9504,0.9423,0.9489247311827957,0.058045735129068465,0.9438157894736843,-0.0175333333333334,0.95,False,bayesian,29
0.9074333333333333,0.6489666666666667,0.9480333333333333,0.8565666666666667,0.8473380372033354,0.14292746387257832,0.8646366132964851,-0.04059999999999997,0.95,False,asymmetric,0
0.9144666666666666,0.6518666666666667,0.9535333333333333,0.8717,0.8794835007173601,0.12867929804936026,0.8682781971082733,-0.039066666666666694,0.95,False,asymmetric,1
0.9084666666666666,0.6470666666666667,0.9502,0.8637,0.8701472556894244,0.13663790079281554,0.855091481618615,-0.0417333333333334,0.95,False,asymmetric,2
0.9075,0.6488,0.9490666666666666,0.8601,0.8592931937172775,0.13985670132059566,0.8588951882522842,-0.04156666666666664,0.95,False,asymmetric,3
0.9096333333333333,0.6507,0.9504666666666667,0.8664,0.8660834454912517,0.13358350284070983,0.8591077120678556,-0.04083333333333339,0.95,False,asymmetric,4
0.9114,0.6526333333333333,0.9510666666666666,0.8656666666666667,0.8630790190735694,0.13420019627085378,0.8684472546301657,-0.03966666666666663,0.95,False,asymmetric,5
0.9062666666666667,0.6492,0.9489666666666666,0.8605,0.8667537557152188,0.13983631318276019,0.852296907118761,-0.04269999999999996,0.95,False,asymmetric,6
0.9082666666666667,0.6529333333333334,0.9499666666666666,0.8632666666666666,0.8654230512991339,0.13684690690901435,0.8595314627387812,-0.04169999999999996,0.95,False,asymmetric,7
0.9094,0.6525,0.9493333333333334,0.8632,0.8526315789473684,0.13623595505617977,0.8585972515637428,-0.039933333333333376,0.95,False,asymmetric,8
0.9059,0.65,0.9484666666666667,0.8582333333333333,0.8738680465717982,0.14261615238630773,0.8694609502418217,-0.04256666666666664,0.95,False,asymmetric,9
0.9080666666666667,0.6527,0.9500666666666666,0.8627,0.8711615487316422,0.13774471966879517,0.8655917976659216,-0.041999999999999926,0.95,False,asymmetric,10
0.9076,0.6455,0.9488,0.8615666666666667,0.8359375,0.1370503091624508,0.8713890805933072,-0.041200000000000014,0.95,False,asymmetric,11
0.9109,0.6511666666666667,0.9507666666666666,0.8659,0.8706838185511171,0.1343477193843565,0.8640982294757871,-0.039866666666666606,0.95,False,asymmetric,12
0.9094,0.6514666666666666,0.9497666666666666,0.8633,0.8732581287325812,0.13722668725651915,0.8543974337234377,-0.04036666666666666,0.95,False,asymmetric,13
0.9066,0.6484333333333333,0.9490666666666666,0.8635,0.8736910994764397,0.13704692329305984,0.8590042996793181,-0.04246666666666665,0.95,False,asymmetric,14
0.9107333333333333,0.6534,0.9511,0.8661666666666666,0.858214042263122,0.13342445589317634,0.8649493470959151,-0.04036666666666666,0.95,False,asymmetric,15
0.9064,0.6567666666666667,0.9474666666666667,0.8562,0.8381979695431472,0.14280185758513933,0.8670751574272182,-0.041066666666666696,0.95,False,asymmetric,16
0.9060333333333334,0.6501333333333333,0.9476333333333333,0.8543333333333333,0.8548695098663271,0.14569629603573817,0.850017714520911,-0.04159999999999997,0.95,False,asymmetric,17
0.9072333333333333,0.6477666666666667,0.9494,0.8610666666666666,0.8583662714097496,0.1387894108559792,0.8676168691176949,-0.042166666666666686,0.95,False,asymmetric,18
0.9089666666666667,0.6488333333333334,0.9513,0.8656666666666667,0.8713210130047913,0.1346227968744525,0.878608247298255,-0.042333333333333334,0.95,False,asymmetric,19
0.9051,0.6499666666666667,0.9478333333333333,0.8596666666666667,0.8645367412140575,0.14060137154914717,0.8498906626896556,-0.04273333333333329,0.95,False,asymmetric,20
0.9149,0.6492,0.9526333333333333,0.8721,0.860661505981703,0.12733125721683755,0.8705707291100532,-0.037733333333333285,0.95,False,asymmetric,21
0.9102666666666667,0.6520333333333334,0.9504333333333334,0.8666666666666667,0.8702084734364492,0.13351804440079965,0.8657456308405649,-0.040166666666666684,0.95,False,asymmetric,22
0.9069666666666667,0.6528,0.9481333333333334,0.8567333333333333,0.8573264781491002,0.143299114048657,0.8550237434125788,-0.041166666666666685,0.95,False,asymmetric,23
0.9089,0.6523666666666667,0.95,0.8666666666666667,0.8913333333333333,0.1346315789473684,0.8643994581696471,-0.041099999999999914,0.95,False,asymmetric,24
0.9107,0.6512,0.9503666666666667,0.8653666666666666,0.8529214237743452,0.13398337483778192,0.8634655563944805,-0.03966666666666674,0.95,False,asymmetric,25
0.9107333333333333,0.6518,0.9505,0.8654666666666667,0.8592592592592593,0.1342100648781343,0.8679170137245716,-0.03976666666666673,0.95,False,asymmetric,26
0.9078,0.6480333333333334,0.9496,0.8621333333333333,0.8664021164021164,0.13809323223813535,0.8526029958126358,-0.04179999999999995,0.95,False,asymmetric,27
0.9107333333333333,0.6451333333333333,0.9514,0.8653,0.8628257887517147,0.1345736108191437,0.8581105844062449,-0.04066666666666674,0.95,False,asymmetric,28
0.9064666666666666,0.6554666666666666,0.9476,0.8578333333333333,0.851145038167939,0.14179682003658364,0.8517636060331278,-0.041133333333333355,0.95,False,asymmetric,29
0.7965333333333333,0.6461666666666667,0.9494666666666667,0.4982666666666667,0.5263852242744064,0.5032298834433366,0.5,-0.15293333333333337,0.95,False,fixed,0
0.7974666666666667,0.6482333333333333,0.9474666666666667,0.49723333333333336,0.4936548223350254,0.5025682521812552,0.5,-0.15000000000000002,0.95,False,fixed,1
0.8010333333333334,0.6486333333333333,0.9523333333333334,0.5001666666666666,0.4783216783216783,0.4987399369968498,0.5,-0.1513,0.95,False,fixed,2
0.7983666666666667,0.6517666666666667,0.9493666666666667,0.49593333333333334,0.48518762343647137,0.5034935571082476,0.5,-0.15100000000000002,0.95,False,fixed,3
0.8029,0.6536,0.949,0.49856666666666666,0.4738562091503268,0.5001053740779768,0.5,-0.1461,0.95,False,fixed,4
0.8011666666666667,0.6491333333333333,0.9524333333333334,0.5025333333333334,0.5122634898388227,0.49795261260630663,0.5,-0.15126666666666666,0.95,False,fixed,5
0.8025333333333333,0.6518333333333334,0.9516666666666667,0.4975333333333333,0.48551724137931035,0.5018563922942206,0.5,-0.14913333333333334,0.95,False,fixed,6
0.7977333333333333,0.6527666666666667,0.9500333333333333,0.49366666666666664,0.5150100066711141,0.5074558787410968,0.5,-0.1523,0.95,False,fixed,7
0.8013,0.6518,0.9508666666666666,0.5007,0.4898236092265943,0.49873799340952113,0.5,-0.14956666666666663,0.95,False,fixed,8
0.7976333333333333,0.6464,0.9505333333333333,0.4981,0.5074123989218329,0.5023846261747791,0.5,-0.15290000000000004,0.95,False,fixed,9
0.8004,0.6486333333333333,0.9505333333333333,0.5042333333333333,0.5154986522911051,0.4963529246738673,0.5,-0.15013333333333334,0.95,False,fixed,10
0.7989333333333334,0.6495,0.9518,0.49723333333333336,0.4778699861687414,0.5017860895146039,0.5,-0.1528666666666666,0.95,False,fixed,11
0.7979333333333334,0.6520333333333334,0.9498333333333333,0.4972,0.5222591362126245,0.5041235304439375,0.5,-0.15189999999999992,0.95,False,fixed,12
0.8016333333333333,0.6528,0.9504333333333334,0.5026666666666667,0.5023537323470074,0.49731701329218253,0.5,-0.14880000000000004,0.95,False,fixed,13
0.799,0.6472,0.9497666666666666,0.5012666666666666,0.504313205043132,0.49889446530726844,0.5,-0.1507666666666666,0.95,False,fixed,14
0.8032,0.6529666666666667,0.9507333333333333,0.5042,0.527063599458728,0.49698478367575905,0.5,-0.1475333333333333,0.95,False,fixed,15
0.7974666666666667,0.6504333333333333,0.9481,0.49743333333333334,0.5228002569043031,0.5039552789790106,0.5,-0.1506333333333334,0.95,False,fixed,16
0.8038333333333333,0.6501333333333333,0.9509333333333333,0.5048666666666667,0.5,0.49488222097588336,0.5,-0.1471,0.95,False,fixed,17
0.8012333333333334,0.6538,0.9480333333333333,0.4985,0.49775497113534317,0.5014591610702859,0.5,-0.14679999999999993,0.95,False,fixed,18
0.7973333333333333,0.6466,0.9498,0.49906666666666666,0.5166002656042497,0.501860040710325,0.5,-0.15246666666666664,0.95,False,fixed,19
0.8002333333333334,0.6507333333333334,0.9497666666666666,0.499,0.5136031851360319,0.5017723651423156,0.5,-0.1495333333333333,0.95,False,fixed,20
0.8044666666666667,0.6526666666666666,0.9496,0.4989,0.47619047619047616,0.49989469250210616,0.5,-0.14513333333333334,0.95,False,fixed,21
0.8011666666666667,0.6494,0.9488333333333333,0.5030333333333333,0.48078175895765474,0.49576673107324787,0.5,-0.1476666666666666,0.95,False,fixed,22
0.8021666666666667,0.6522666666666667,0.9493,0.4982333333333333,0.4740302432610125,0.5004740334983672,0.5,-0.14713333333333334,0.95,False,fixed,23
0.8015,0.6517333333333334,0.9497333333333333,0.5024,0.4980106100795756,0.49736768215639476,0.5,-0.14823333333333333,0.95,False,fixed,24
0.8011,0.6521333333333333,0.9488333333333333,0.4996333333333333,0.5055374592833877,0.5006850518180221,0.5,-0.14773333333333327,0.95,False,fixed,25
0.8002,0.6493666666666666,0.9510333333333333,0.4929,0.4860449285228046,0.5067470470716063,0.5,-0.15083333333333326,0.95,False,fixed,26
0.7985,0.6468666666666667,0.9481666666666667,0.4997333333333333,0.5061093247588424,0.5006152223589383,0.5,-0.14966666666666673,0.95,False,fixed,27
0.8020666666666667,0.6563666666666667,0.9481333333333334,0.49583333333333335,0.4987146529562982,0.5043242863169737,0.5,-0.14606666666666668,0.95,False,fixed,28
0.8004666666666667,0.6484333333333333,0.949,0.4989,0.48366013071895425,0.5002809975412715,0.5,-0.1485333333333333,0.95,False,fixed,29
0.9418333333333333,0.6474666666666666,0.9504,0.9617666666666667,0.8978494623655914,0.03489758698092031,0.9442269736842106,-0.008566666666666722,0.95,True,bayesian,0
0.9429666666666666,0.6527666666666667,0.9501333333333334,0.9609,0.8850267379679144,0.03511787819253438,0.9441282894736841,-0.0071666666666667656,0.95,True,bayesian,1
0.9435666666666667,0.649,0.9507,0.9634333333333334,0.889790398918188,0.03274779986676484,0.9444407894736843,-0.007133333333333325,0.95,True,bayesian,2
0.9393,0.6471666666666667,0.9481333333333334,0.9609666666666666,0.8939588688946015,0.03536774012093939,0.9427631578947369,-0.00883333333333336,0.95,True,bayesian,3
0.9405333333333333,0.6540333333333334,0.9496333333333333,0.9619,0.8954334877564527,0.034574748148408156,0.9428453947368421,-0.009099999999999997,0.95,True,bayesian,4
0.9415666666666667,0.6503,0.9503,0.9632666666666667,0.9014084507042254,0.033498193552913114,0.9450822368421053,-0.00873333333333337,0.95,True,bayesian,5
0.9410666666666667,0.6499333333333334,0.9493,0.9606666666666667,0.8856015779092702,0.03532427402647565,0.9441282894736842,-0.008233333333333315,0.95,True,bayesian,6
0.9426,0.6512333333333333,0.9503,0.9647666666666667,0.9014084507042254,0.03191974464204286,0.9458223684210526,-0.00770000000000004,0.95,True,bayesian,7
0.9441,0.6483,0.9502333333333334,0.9633666666666667,0.8894842598794374,0.03276388255516189,0.9447368421052631,-0.006133333333333324,0.95,True,bayesian,8
0.9396666666666667,0.6478666666666667,0.9477333333333333,0.9617333333333333,0.9024234693877551,0.034995779403489025,0.9427302631578947,-0.008066666666666666,0.95,True,bayesian,9
0.9411333333333334,0.6483666666666666,0.9495333333333333,0.9609,0.9002642007926024,0.03587727304640876,0.9431743421052633,-0.008399999999999963,0.95,True,bayesian,10
0.9428666666666666,0.6512333333333333,0.9508666666666666,0.9625666666666667,0.9056987788331072,0.03449484680642221,0.945016447368421,-0.008000000000000007,0.95,True,bayesian,11
0.9399,0.6539666666666667,0.9477,0.9617666666666667,0.8954748247291269,0.03457493580950371,0.9420723684210526,-0.007800000000000029,0.95,True,bayesian,12
0.9434333333333333,0.6475333333333333,0.9518,0.9626333333333333,0.8983402489626556,0.034110807592631506,0.9444572368421054,-0.008366666666666633,0.95,True,bayesian,13
0.9420666666666667,0.6485666666666666,0.951,0.9616,0.9027210884353741,0.03536628110760603,0.944375,-0.008933333333333238,0.95,True,bayesian,14
0.9401,0.6497,0.9489333333333333,0.9610333333333333,0.8981723237597912,0.03558381340452438,0.9442763157894737,-0.008833333333333249,0.95,True,bayesian,15
0.9438333333333333,0.6498,0.9513666666666667,0.9633,0.8985606579849211,0.03339056094740899,0.9444901315789473,-0.007533333333333392,0.95,True,bayesian,16
0.9403666666666667,0.6520666666666667,0.9492666666666667,0.9629333333333333,0.9086727989487516,0.0341667251913758,0.9435361842105263,-0.008900000000000019,0.95,True,bayesian,17
0.9412333333333334,0.6479,0.9495666666666667,0.9622666666666667,0.9008592200925314,0.034471864359181384,0.9441611842105263,-0.008333333333333304,0.95,True,bayesian,18
0.9418666666666666,0.649,0.9504666666666667,0.9624,0.9131897711978466,0.035035421196605174,0.9440296052631579,-0.008600000000000052,0.95,True,bayesian,19
0.9442666666666667,0.6461,0.9517333333333333,0.9636333333333333,0.8977900552486188,0.03302745867189689,0.9451151315789474,-0.0074666666666666215,0.95,True,bayesian,20
0.9410666666666667,0.6493333333333333,0.9493,0.9632333333333334,0.9099276791584484,0.033919730327609816,0.943717105263158,-0.008233333333333315,0.95,True,bayesian,21
0.9442,0.6498,0.9512666666666667,0.9640333333333333,0.8946648426812586,0.03241292312005046,0.9453618421052632,-0.0070666666666666655,0.95,True,bayesian,22
0.9441666666666667,0.6466,0.9517333333333333,0.9637,0.9033149171270718,0.033237601569066966,0.9450328947368422,-0.0075666666666666105,0.95,True,bayesian,23
0.9402333333333334,0.6529666666666667,0.9495,0.9598,0.8983498349834983,0.036931718448306124,0.9429111842105264,-0.009266666666666645,0.95,True,bayesian,24
0.942,0.6479333333333334,0.9497333333333333,0.9627333333333333,0.8958885941644562,0.03372876596939492,0.9441118421052633,-0.00773333333333337,0.95,True,bayesian,25
0.9414333333333333,0.6472,0.9509333333333333,0.959,0.8960597826086957,0.03775238362310712,0.9434375000000002,-0.009499999999999953,0.95,True,bayesian,26
0.9412,0.6516666666666666,0.949,0.9637666666666667,0.8967320261437909,0.03263083948015455,0.9440131578947369,-0.007799999999999918,0.95,True,bayesian,27
0.9426333333333333,0.6498666666666667,0.9503,0.9615333333333334,0.8879946344735077,0.03462064611175418,0.9442105263157896,-0.0076666666666667105,0.95,True,bayesian,28
0.9420333333333333,0.6526,0.9488333333333333,0.9636666666666667,0.885342019543974,0.032109608290883544,0.9434210526315789,-0.006800000000000028,0.95,True,bayesian,29
0.9265333333333333,0.6503333333333333,0.9477,0.9011333333333333,0.7724665391969407,0.09176603003763498,0.8531585439571131,-0.021166666666666667,0.95,True,asymmetric,0
0.9240333333333334,0.6443333333333333,0.9477,0.9007666666666667,0.780114722753346,0.09257500615525308,0.8626927530901463,-0.023666666666666614,0.95,True,asymmetric,1
0.9284,0.6485333333333333,0.9502333333333334,0.9056,0.7856664434025452,0.08811870768583155,0.8624398939009851,-0.02183333333333337,0.95,True,asymmetric,2
0.9319333333333333,0.6538666666666667,0.9522666666666667,0.9111333333333334,0.797486033519553,0.08316998039764771,0.8814205601958561,-0.020333333333333425,0.95,True,asymmetric,3
0.924,0.6533,0.9472333333333334,0.902,0.7719519898926089,0.09075553365942922,0.8448984301187866,-0.023233333333333328,0.95,True,asymmetric,4
0.9286333333333333,0.6533,0.949,0.908,0.8091503267973856,0.08668774148226203,0.8612865286590141,-0.020366666666666644,0.95,True,asymmetric,5
0.9294333333333333,0.6507333333333334,0.9496333333333333,0.9085,0.7776307081403044,0.08455895257818807,0.8605443699090511,-0.020199999999999996,0.95,True,asymmetric,6
0.9281,0.6506333333333333,0.9502,0.9112333333333333,0.8025435073627845,0.08307023082859749,0.8630982105880659,-0.02210000000000001,0.95,True,asymmetric,7
0.9287,0.6518666666666667,0.9489333333333333,0.9060666666666667,0.7819843342036553,0.0872558662357735,0.85774764129823,-0.020233333333333325,0.95,True,asymmetric,8
0.9224333333333333,0.6495333333333333,0.9462666666666667,0.9016333333333333,0.7872208436724566,0.09186980414259546,0.8468540265456668,-0.023833333333333373,0.95,True,asymmetric,9
0.9266,0.6533333333333333,0.9493333333333334,0.9038666666666667,0.7835526315789474,0.08971207865168539,0.858618444794696,-0.022733333333333383,0.95,True,asymmetric,10
0.9286666666666666,0.6486333333333333,0.9503666666666667,0.9076666666666666,0.7884486232370719,0.08610711655150644,0.8589613593049189,-0.021700000000000053,0.95,True,asymmetric,11
0.9304333333333333,0.6504,0.9509333333333333,0.9084333333333333,0.7927989130434783,0.08560011217049916,0.876831607047202,-0.020499999999999963,0.95,True,asymmetric,12
0.9264,0.6486333333333333,0.9494,0.9079,0.7984189723320159,0.08626500947967138,0.8665738700998582,-0.02300000000000002,0.95,True,asymmetric,13
0.9282666666666667,0.6472666666666667,0.9493333333333334,0.9084,0.7828947368421053,0.08490168539325843,0.8807037999222098,-0.021066666666666678,0.95,True,asymmetric,14
0.9314666666666667,0.6490666666666667,0.9507,0.9107333333333333,0.7890466531440162,0.0829564180779075,0.8696527969529361,-0.019233333333333325,0.95,True,asymmetric,15
0.9284666666666667,0.6482333333333333,0.9506,0.9073333333333333,0.7847503373819164,0.08629637421979101,0.8733246848284472,-0.022133333333333338,0.95,True,asymmetric,16
0.9253,0.6499333333333334,0.9493666666666667,0.9041333333333333,0.7840684660961159,0.0894631508725115,0.8761419081997275,-0.02406666666666668,0.95,True,asymmetric,17
0.9281666666666667,0.6522666666666667,0.9510666666666666,0.9094333333333333,0.8044959128065395,0.0851675311930464,0.8653108021539546,-0.02289999999999992,0.95,True,asymmetric,18
0.9251333333333334,0.6511333333333333,0.9479333333333333,0.9034666666666666,0.7752880921895007,0.08949293199240453,0.8625751259133255,-0.02279999999999993,0.95,True,asymmetric,19
0.9288666666666666,0.6531666666666667,0.9506333333333333,0.9067,0.7765023632680621,0.08653879869560643,0.8722615611000483,-0.021766666666666712,0.95,True,asymmetric,20
0.9288666666666666,0.6459666666666667,0.9504333333333334,0.9102333333333333,0.8029589778076665,0.08417213200996036,0.8698538683214789,-0.021566666666666734,0.95,True,asymmetric,21
0.9262666666666667,0.6554,0.9474,0.9037,0.785171102661597,0.08971923158116951,0.853380490988252,-0.021133333333333337,0.95,True,asymmetric,22
0.9275666666666667,0.6498333333333334,0.9484,0.9048666666666667,0.7680878552971576,0.08769155068185014,0.8645665270446236,-0.02083333333333337,0.95,True,asymmetric,23
0.93,0.6468333333333334,0.9515666666666667,0.9121666666666667,0.7859600825877495,0.08140960521245665,0.8699629527099212,-0.021566666666666623,0.95,True,asymmetric,24
0.9302,0.6511,0.9523666666666667,0.9135,0.8068579426172149,0.0811662174932624,0.864845526363103,-0.022166666666666668,0.95,True,asymmetric,25
0.9298,0.6514,0.9502666666666667,0.9071,0.7761394101876675,0.08604602216921566,0.868068470318034,-0.020466666666666744,0.95,True,asymmetric,26
0.9267,0.6535333333333333,0.9495333333333333,0.905,0.7846763540290621,0.0886049287369234,0.8594062433693216,-0.022833333333333372,0.95,True,asymmetric,27
0.9267333333333333,0.6449333333333334,0.9491,0.9031333333333333,0.7786509495743288,0.09019070698556528,0.8764898694470215,-0.022366666666666757,0.95,True,asymmetric,28
0.9287666666666666,0.6468666666666667,0.951,0.9089,0.7829931972789116,0.08461268839817736,0.8715568583490277,-0.022233333333333327,0.95,True,asymmetric,29
0.845,0.6440666666666667,0.9493333333333334,0.6259333333333333,0.37763157894736843,0.360814606741573,0.5,-0.10433333333333339,0.95,True,fixed,0
0.8517666666666667,0.6455666666666666,0.9495,0.6305666666666667,0.35445544554455444,0.3547481130419519,0.5,-0.09773333333333334,0.95,True,fixed,1
0.8512666666666666,0.6509,0.951,0.6284,0.35578231292517004,0.3575534525061339,0.5,-0.09973333333333334,0.95,True,fixed,2
0.8526666666666667,0.6527333333333334,0.9509,0.6280666666666667,0.3564154786150713,0.3579065446769727,0.5,-0.09823333333333328,0.95,True,fixed,3
0.8524666666666667,0.6518666666666667,0.9487333333333333,0.6268,0.3504551365409623,0.35826716323519076,0.5,-0.09626666666666661,0.95,True,fixed,4
0.8546666666666667,0.6507,0.9497666666666666,0.6299666666666667,0.37159920371599203,0.35636823079352825,0.5,-0.09509999999999996,0.95,True,fixed,5
0.8519,0.6519,0.9479666666666666,0.6239333333333333,0.34080717488789236,0.36052603818699674,0.5,-0.09606666666666663,0.95,True,fixed,6
0.8501,0.6501,0.9521,0.6297,0.3778705636743215,0.35763050099779436,0.5,-0.10199999999999998,0.95,True,fixed,7
0.8544666666666667,0.6532666666666667,0.9484666666666667,0.6316666666666667,0.34928848641655885,0.3529907921557602,0.5,-0.09399999999999997,0.95,True,fixed,8
0.8516666666666667,0.6495666666666666,0.9496,0.6306,0.3683862433862434,0.3554830103903398,0.5,-0.09793333333333332,0.95,True,fixed,9
0.8517666666666667,0.6490666666666667,0.9497666666666666,0.6255666666666667,0.35766423357664234,0.3602639244726775,0.5,-0.09799999999999998,0.95,True,fixed,10
0.8502666666666666,0.6492,0.9486,0.6261666666666666,0.3553826199740597,0.3591608686485347,0.5,-0.09833333333333338,0.95,True,fixed,11
0.8524666666666667,0.6511333333333333,0.9501666666666667,0.6316,0.3765886287625418,0.3550254341343624,0.5,-0.09770000000000001,0.95,True,fixed,12
0.8527333333333333,0.6505666666666666,0.9502,0.6277333333333334,0.35809906291834004,0.35813512944643233,0.5,-0.0974666666666667,0.95,True,fixed,13
0.8501333333333333,0.6474,0.9509666666666666,0.6273333333333333,0.3575798776342624,0.35875775526657083,0.5,-0.10083333333333333,0.95,True,fixed,14
0.8547666666666667,0.6508,0.9491666666666667,0.6294333333333333,0.3422950819672131,0.35518876207199296,0.5,-0.09440000000000004,0.95,True,fixed,15
0.8534,0.6501333333333333,0.9524666666666667,0.6304666666666666,0.38359046283309955,0.3572128508434241,0.5,-0.09906666666666664,0.95,True,fixed,16
0.8517,0.6497,0.9486,0.6273,0.3463035019455253,0.3574741724646848,0.5,-0.09689999999999999,0.95,True,fixed,17
0.8558333333333333,0.6534666666666666,0.9525,0.6269333333333333,0.3508771929824561,0.3593000874890639,0.5,-0.09666666666666668,0.95,True,fixed,18
0.8492333333333333,0.6475333333333333,0.9493666666666667,0.6264,0.36010533245556287,0.35939749306555246,0.5,-0.10013333333333341,0.95,True,fixed,19
0.8550333333333333,0.6542666666666667,0.9509333333333333,0.6286,0.3485054347826087,0.3569475602916433,0.5,-0.09589999999999999,0.95,True,fixed,20
0.8515,0.6464666666666666,0.9493666666666667,0.6324333333333333,0.3607636603028308,0.35307749025666235,0.5,-0.09786666666666666,0.95,True,fixed,21
0.8543,0.6535333333333333,0.9504,0.6349333333333333,0.3689516129032258,0.3511854657687991,0.5,-0.09610000000000007,0.95,True,fixed,22
0.8502,0.6469333333333334,0.9484666666666667,0.6273,0.34023285899094435,0.3571026920643846,0.5,-0.09826666666666672,0.95,True,fixed,23
0.8526,0.6467666666666667,0.9504666666666667,0.6334,0.3721399730820996,0.3529844988426738,0.5,-0.09786666666666666,0.95,True,fixed,24
0.8527666666666667,0.6446333333333333,0.9497333333333333,0.6313666666666666,0.3547745358090186,0.3539941036080303,0.5,-0.09696666666666665,0.95,True,fixed,25
0.8501,0.6526333333333333,0.9481333333333334,0.6271666666666667,0.36118251928020567,0.3582829419209675,0.5,-0.09803333333333342,0.95,True,fixed,26
0.8555,0.6516,0.9512666666666667,0.6316,0.3392612859097127,0.3534235055014367,0.5,-0.09576666666666667,0.95,True,fixed,27
0.8504,0.6487333333333334,0.9486333333333333,0.6274333333333333,0.3627514600908501,0.35823465336097543,0.5,-0.09823333333333328,0.95,True,fixed,28
0.8515333333333334,0.6539666666666667,0.9502333333333334,0.623,0.3449430676490288,0.36243729610271164,0.5,-0.09870000000000001,0.95,True,fixed,29
