variant,skill,lambda,seed,team_acc,overreliance,calib_error,harmful_flip,beneficial_flip,final_trust,skill_name
binary,0.55,0.0,0,0.9210526315789473,0.02631578947368421,0.05143755067993705,0.0,0.0,0.9988059717325686,low
binary,0.55,0.0,1,0.9342105263157895,0.03070175438596491,0.051437550681767585,0.0,0.0,0.9988059717343991,low
binary,0.55,0.0,2,0.9298245614035088,0.017543859649122806,0.015118761443113193,0.0,0.0,0.9322496596095183,low
binary,0.55,0.0,3,0.8903508771929824,0.013157894736842105,0.05143169784268753,0.0,0.0,0.9988001188953191,low
binary,0.55,0.0,4,0.8377192982456141,0.02631578947368421,0.028982555831057688,0.0,0.0,0.9763509768836892,low
binary,0.55,0.0,5,0.9210526315789473,0.021929824561403508,0.05046435094894741,0.0,0.0,0.9978327720015789,low
binary,0.55,0.0,6,0.9210526315789473,0.03070175438596491,0.04723698650503405,0.0,0.0,0.9946054075576656,low
binary,0.55,0.0,7,0.8859649122807017,0.017543859649122806,0.05143654903707784,0.0,0.0,0.9988049700897094,low
binary,0.55,0.0,8,0.9517543859649122,0.017543859649122806,0.05143755068633116,0.0,0.0,0.9988059717389627,low
binary,0.55,0.0,9,0.8991228070175439,0.021929824561403508,0.05143742300421095,0.0,0.0,0.9988058440568425,low
binary,0.55,0.0,10,0.9254385964912281,0.02631578947368421,0.04649571047240353,0.0,0.0,0.993864131525035,low
binary,0.55,0.0,11,0.9254385964912281,0.013157894736842105,0.05029293674706792,0.0,0.0,0.9976613577996994,low
binary,0.55,0.0,12,0.8947368421052632,0.013157894736842105,0.05092967937918358,0.0,0.0,0.9982981004318151,low
binary,0.55,0.0,13,0.8640350877192983,0.013157894736842105,0.019237784586320528,0.0,0.0,0.966606205638952,low
binary,0.55,0.0,14,0.9166666666666666,0.03070175438596491,0.051437532439651656,0.0,0.0,0.9988059534922832,low
binary,0.55,0.0,15,0.9078947368421053,0.021929824561403508,0.05143755049253107,0.0,0.0,0.9988059715451626,low
binary,0.55,0.0,16,0.8728070175438597,0.021929824561403508,0.0514246313823975,0.0,0.0,0.998793052435029,low
binary,0.55,0.0,17,0.9473684210526315,0.03070175438596491,0.05084005505623346,0.0,0.0,0.998208476108865,low
binary,0.55,0.0,18,0.8991228070175439,0.02631578947368421,0.05143750253232804,0.0,0.0,0.9988059235849596,low
binary,0.55,0.0,19,0.8903508771929824,0.017543859649122806,0.041346837146030824,0.0,0.0,0.9887152581986624,low
binary,0.55,0.0,20,0.8991228070175439,0.03508771929824561,0.05143674767248452,0.0,0.0,0.998805168725116,low
binary,0.55,0.0,21,0.9210526315789473,0.013157894736842105,0.05143755068556699,0.0,0.0,0.9988059717381985,low
binary,0.55,0.0,22,0.8991228070175439,0.03070175438596491,0.051431240170347614,0.0,0.0,0.9987996612229791,low
binary,0.55,0.0,23,0.8859649122807017,0.013157894736842105,0.04949316266587944,0.0,0.0,0.996861583718511,low
binary,0.55,0.0,24,0.9342105263157895,0.03508771929824561,0.047236986504954226,0.0,0.0,0.9946054075575858,low
binary,0.55,0.0,25,0.9078947368421053,0.021929824561403508,0.03544677828577458,0.0,0.0,0.9828151993384061,low
binary,0.55,0.0,26,0.9078947368421053,0.03070175438596491,0.050137119020495446,0.0,0.0,0.997505540073127,low
binary,0.55,0.0,27,0.9078947368421053,0.02631578947368421,0.05046462883765512,0.0,0.0,0.9978330498902866,low
binary,0.55,0.0,28,0.8640350877192983,0.02631578947368421,0.05133236628374749,0.0,0.0,0.998700787336379,low
binary,0.55,0.0,29,0.9166666666666666,0.03508771929824561,0.05142035408735757,0.0,0.0,0.9987887751399891,low
binary,0.55,0.1,0,0.9078947368421053,0.021929824561403508,0.05143755067993672,0.0043859649122807015,0.0,0.9988059717325682,low
binary,0.55,0.1,1,0.9342105263157895,0.021929824561403508,0.05226453424116784,0.0043859649122807015,0.008771929824561403,0.9996329552937994,low
binary,0.55,0.1,2,0.9210526315789473,0.017543859649122806,0.015118761468197128,0.0043859649122807015,0.0,0.9322496595844344,low
binary,0.55,0.1,3,0.881578947368421,0.013157894736842105,0.051431697823073885,0.0043859649122807015,0.0,0.9988001188757054,low
binary,0.55,0.1,4,0.8464912280701754,0.021929824561403508,0.03589599354926565,0.0043859649122807015,0.0043859649122807015,0.9832644146018972,low
binary,0.55,0.1,5,0.9385964912280702,0.013157894736842105,0.05226425636838228,0.0,0.008771929824561403,0.9996326774210138,low
binary,0.55,0.1,6,0.9254385964912281,0.021929824561403508,0.04806397007075358,0.0043859649122807015,0.008771929824561403,0.9954323911233851,low
binary,0.55,0.1,7,0.8859649122807017,0.013157894736842105,0.05143654903708372,0.0043859649122807015,0.0043859649122807015,0.9988049700897152,low
binary,0.55,0.1,8,0.9517543859649122,0.013157894736842105,0.052264534252045025,0.0043859649122807015,0.0043859649122807015,0.9996329553046766,low
binary,0.55,0.1,9,0.8947368421052632,0.021929824561403508,0.051437422998839466,0.008771929824561403,0.0,0.998805844051471,low
binary,0.55,0.1,10,0.9342105263157895,0.017543859649122806,0.052264534256770245,0.0043859649122807015,0.008771929824561403,0.9996329553094018,low
binary,0.55,0.1,11,0.9254385964912281,0.013157894736842105,0.05029293674706792,0.0,0.0043859649122807015,0.9976613577996994,low
binary,0.55,0.1,12,0.8947368421052632,0.013157894736842105,0.05092967937918358,0.0,0.0,0.9982981004318151,low
binary,0.55,0.1,13,0.868421052631579,0.008771929824561403,0.019237784586326523,0.0,0.0043859649122807015,0.966606205638958,low
binary,0.55,0.1,14,0.9166666666666666,0.017543859649122806,0.05226451601074378,0.0043859649122807015,0.008771929824561403,0.9996329370633753,low
binary,0.55,0.1,15,0.9122807017543859,0.017543859649122806,0.05143755049253684,0.0,0.0043859649122807015,0.9988059715451684,low
binary,0.55,0.1,16,0.868421052631579,0.017543859649122806,0.05225161492492014,0.008771929824561403,0.0043859649122807015,0.9996200359775517,low
binary,0.55,0.1,17,0.9473684210526315,0.02631578947368421,0.051667038627318584,0.0043859649122807015,0.008771929824561403,0.9990354596799501,low
binary,0.55,0.1,18,0.9078947368421053,0.017543859649122806,0.05226448610341927,0.0043859649122807015,0.008771929824561403,0.9996329071560508,low
binary,0.55,0.1,19,0.8859649122807017,0.013157894736842105,0.04217382071174469,0.008771929824561403,0.0043859649122807015,0.9895422417643762,low
binary,0.55,0.1,20,0.8859649122807017,0.03070175438596491,0.0522637312435279,0.0043859649122807015,0.008771929824561403,0.9996321522961594,low
binary,0.55,0.1,21,0.9254385964912281,0.008771929824561403,0.051437550685572875,0.0,0.0043859649122807015,0.9988059717382044,low
binary,0.55,0.1,22,0.9210526315789473,0.021929824561403508,0.05225822373633182,0.008771929824561403,0.008771929824561403,0.9996266447889633,low
binary,0.55,0.1,23,0.8859649122807017,0.013157894736842105,0.04949316266587944,0.0,0.0043859649122807015,0.996861583718511,low
binary,0.55,0.1,24,0.9342105263157895,0.03070175438596491,0.052264534244517824,0.0043859649122807015,0.008771929824561403,0.9996329552971494,low
binary,0.55,0.1,25,0.8991228070175439,0.021929824561403508,0.0354467782804031,0.008771929824561403,0.0,0.9828151993330346,low
binary,0.55,0.1,26,0.9078947368421053,0.021929824561403508,0.0509641025787807,0.0043859649122807015,0.008771929824561403,0.9983325236314122,low
binary,0.55,0.1,27,0.9210526315789473,0.017543859649122806,0.052264534257081885,0.0,0.008771929824561403,0.9996329553097134,low
binary,0.55,0.1,28,0.8640350877192983,0.021929824561403508,0.051332366278382,0.008771929824561403,0.0043859649122807015,0.9987007873310135,low
binary,0.55,0.1,29,0.9210526315789473,0.02631578947368421,0.05224733765307721,0.0043859649122807015,0.008771929824561403,0.9996157587057087,low
binary,0.55,0.2,0,0.9078947368421053,0.021929824561403508,0.05143755067993672,0.0043859649122807015,0.0,0.9988059717325682,low
binary,0.55,0.2,1,0.9342105263157895,0.021929824561403508,0.05226453424116784,0.0043859649122807015,0.008771929824561403,0.9996329552937994,low
binary,0.55,0.2,2,0.9210526315789473,0.017543859649122806,0.015118761468197128,0.0043859649122807015,0.0,0.9322496595844344,low
binary,0.55,0.2,3,0.881578947368421,0.013157894736842105,0.051431697823073885,0.0043859649122807015,0.0,0.9988001188757054,low
binary,0.55,0.2,4,0.8464912280701754,0.021929824561403508,0.03589599354926565,0.0043859649122807015,0.0043859649122807015,0.9832644146018972,low
binary,0.55,0.2,5,0.9385964912280702,0.013157894736842105,0.05226425636838228,0.0,0.008771929824561403,0.9996326774210138,low
binary,0.55,0.2,6,0.9254385964912281,0.021929824561403508,0.04806397007075358,0.0043859649122807015,0.008771929824561403,0.9954323911233851,low
binary,0.55,0.2,7,0.8859649122807017,0.013157894736842105,0.05143654903708372,0.0043859649122807015,0.0043859649122807015,0.9988049700897152,low
binary,0.55,0.2,8,0.9517543859649122,0.013157894736842105,0.052264534252045025,0.0043859649122807015,0.0043859649122807015,0.9996329553046766,low
binary,0.55,0.2,9,0.8947368421052632,0.021929824561403508,0.051437422998839466,0.008771929824561403,0.0,0.998805844051471,low
binary,0.55,0.2,10,0.9342105263157895,0.017543859649122806,0.052264534256770245,0.0043859649122807015,0.008771929824561403,0.9996329553094018,low
binary,0.55,0.2,11,0.9254385964912281,0.013157894736842105,0.05029293674706792,0.0,0.0043859649122807015,0.9976613577996994,low
binary,0.55,0.2,12,0.8947368421052632,0.013157894736842105,0.05092967937918358,0.0,0.0,0.9982981004318151,low
binary,0.55,0.2,13,0.868421052631579,0.008771929824561403,0.019237784586326523,0.0,0.0043859649122807015,0.966606205638958,low
binary,0.55,0.2,14,0.9166666666666666,0.017543859649122806,0.05226451601074378,0.0043859649122807015,0.008771929824561403,0.9996329370633753,low
binary,0.55,0.2,15,0.9122807017543859,0.017543859649122806,0.05143755049253684,0.0,0.0043859649122807015,0.9988059715451684,low
binary,0.55,0.2,16,0.868421052631579,0.017543859649122806,0.05225161492492014,0.008771929824561403,0.0043859649122807015,0.9996200359775517,low
binary,0.55,0.2,17,0.9473684210526315,0.02631578947368421,0.051667038627318584,0.0043859649122807015,0.008771929824561403,0.9990354596799501,low
binary,0.55,0.2,18,0.9078947368421053,0.017543859649122806,0.05226448610341927,0.0043859649122807015,0.008771929824561403,0.9996329071560508,low
binary,0.55,0.2,19,0.8859649122807017,0.013157894736842105,0.04217382071174469,0.008771929824561403,0.0043859649122807015,0.9895422417643762,low
binary,0.55,0.2,20,0.8859649122807017,0.03070175438596491,0.0522637312435279,0.0043859649122807015,0.008771929824561403,0.9996321522961594,low
binary,0.55,0.2,21,0.9254385964912281,0.008771929824561403,0.051437550685572875,0.0,0.0043859649122807015,0.9988059717382044,low
binary,0.55,0.2,22,0.9210526315789473,0.021929824561403508,0.05225822373633182,0.008771929824561403,0.008771929824561403,0.9996266447889633,low
binary,0.55,0.2,23,0.8859649122807017,0.013157894736842105,0.04949316266587944,0.0,0.0043859649122807015,0.996861583718511,low
binary,0.55,0.2,24,0.9342105263157895,0.03070175438596491,0.052264534244517824,0.0043859649122807015,0.008771929824561403,0.9996329552971494,low
binary,0.55,0.2,25,0.8991228070175439,0.021929824561403508,0.0354467782804031,0.008771929824561403,0.0,0.9828151993330346,low
binary,0.55,0.2,26,0.9078947368421053,0.021929824561403508,0.0509641025787807,0.0043859649122807015,0.008771929824561403,0.9983325236314122,low
binary,0.55,0.2,27,0.9210526315789473,0.017543859649122806,0.052264534257081885,0.0,0.008771929824561403,0.9996329553097134,low
binary,0.55,0.2,28,0.8640350877192983,0.021929824561403508,0.051332366278382,0.008771929824561403,0.0043859649122807015,0.9987007873310135,low
binary,0.55,0.2,29,0.9210526315789473,0.02631578947368421,0.05224733765307721,0.0043859649122807015,0.008771929824561403,0.9996157587057087,low
binary,0.55,0.3,0,0.9122807017543859,0.017543859649122806,0.05143756611700767,0.0043859649122807015,0.0043859649122807015,0.9988059871696392,low
binary,0.55,0.3,1,0.9385964912280702,0.017543859649122806,0.052264549678239014,0.0043859649122807015,0.013157894736842105,0.9996329707308705,low
binary,0.55,0.3,2,0.9210526315789473,0.017543859649122806,0.015118761468197128,0.0043859649122807015,0.0,0.9322496595844344,low
binary,0.55,0.3,3,0.9035087719298246,0.008771929824561403,0.051437566103561205,0.0043859649122807015,0.0043859649122807015,0.9988059871561927,low
binary,0.55,0.3,4,0.868421052631579,0.017543859649122806,0.035897225301510516,0.0043859649122807015,0.008771929824561403,0.983265646354142,low
binary,0.55,0.3,5,0.9385964912280702,0.013157894736842105,0.05226425636838228,0.0,0.008771929824561403,0.9996326774210138,low
binary,0.55,0.3,6,0.9298245614035088,0.017543859649122806,0.04806398550782476,0.0043859649122807015,0.013157894736842105,0.9954324065604563,low
binary,0.55,0.3,7,0.8903508771929824,0.008771929824561403,0.05143656447415468,0.0043859649122807015,0.008771929824561403,0.9988049855267862,low
binary,0.55,0.3,8,0.9517543859649122,0.013157894736842105,0.052264534252045025,0.0043859649122807015,0.0043859649122807015,0.9996329553046766,low
binary,0.55,0.3,9,0.8991228070175439,0.017543859649122806,0.05143743843591053,0.008771929824561403,0.0043859649122807015,0.9988058594885421,low
binary,0.55,0.3,10,0.9342105263157895,0.017543859649122806,0.052264534256770245,0.0043859649122807015,0.008771929824561403,0.9996329553094018,low
binary,0.55,0.3,11,0.9298245614035088,0.008771929824561403,0.050292952184139206,0.0,0.008771929824561403,0.9976613732367707,low
binary,0.55,0.3,12,0.8947368421052632,0.013157894736842105,0.05092967937918358,0.0,0.0,0.9982981004318151,low
binary,0.55,0.3,13,0.868421052631579,0.008771929824561403,0.019237784586326523,0.0,0.0043859649122807015,0.966606205638958,low
binary,0.55,0.3,14,0.9254385964912281,0.013157894736842105,0.052264549609075006,0.0043859649122807015,0.013157894736842105,0.9996329706617065,low
binary,0.55,0.3,15,0.9122807017543859,0.017543859649122806,0.05143755049253684,0.0,0.0043859649122807015,0.9988059715451684,low
binary,0.55,0.3,16,0.868421052631579,0.017543859649122806,0.05225161492492014,0.008771929824561403,0.0043859649122807015,0.9996200359775517,low
binary,0.55,0.3,17,0.9517543859649122,0.021929824561403508,0.05166705406438987,0.0043859649122807015,0.013157894736842105,0.9990354751170214,low
binary,0.55,0.3,18,0.9166666666666666,0.013157894736842105,0.052264549694496454,0.0043859649122807015,0.013157894736842105,0.999632970747128,low
binary,0.55,0.3,19,0.8991228070175439,0.008771929824561403,0.04217397946708479,0.008771929824561403,0.008771929824561403,0.9895424005197163,low
binary,0.55,0.3,20,0.8903508771929824,0.02631578947368421,0.052263746680598966,0.0043859649122807015,0.013157894736842105,0.9996321677332305,low
binary,0.55,0.3,21,0.9254385964912281,0.008771929824561403,0.051437550685572875,0.0,0.0043859649122807015,0.9988059717382044,low
binary,0.55,0.3,22,0.9254385964912281,0.017543859649122806,0.052258239173403,0.008771929824561403,0.013157894736842105,0.9996266602260345,low
binary,0.55,0.3,23,0.8859649122807017,0.013157894736842105,0.04949316266587944,0.0,0.0043859649122807015,0.996861583718511,low
binary,0.55,0.3,24,0.9385964912280702,0.02631578947368421,0.052264549681589,0.0043859649122807015,0.013157894736842105,0.9996329707342205,low
binary,0.55,0.3,25,0.8991228070175439,0.021929824561403508,0.035446701469524555,0.008771929824561403,0.0043859649122807015,0.9828151225221561,low
binary,0.55,0.3,26,0.9122807017543859,0.017543859649122806,0.05096411801585177,0.0043859649122807015,0.013157894736842105,0.9983325390684833,low
binary,0.55,0.3,27,0.9210526315789473,0.017543859649122806,0.052264534257081885,0.0,0.008771929824561403,0.9996329553097134,low
binary,0.55,0.3,28,0.8640350877192983,0.021929824561403508,0.051332366278382,0.008771929824561403,0.0043859649122807015,0.9987007873310135,low
binary,0.55,0.3,29,0.9385964912280702,0.021929824561403508,0.05226454968909444,0.0043859649122807015,0.013157894736842105,0.999632970741726,low
binary,0.55,0.4,0,0.8859649122807017,0.008771929824561403,0.06549608634899728,0.02631578947368421,0.017543859649122806,0.8818723347036342,low
binary,0.55,0.4,1,0.9298245614035088,0.013157894736842105,0.056110454528225606,0.017543859649122806,0.017543859649122806,0.8912579665244059,low
binary,0.55,0.4,2,0.8991228070175439,0.017543859649122806,0.01518016590131177,0.017543859649122806,0.0043859649122807015,0.9321882551513198,low
binary,0.55,0.4,3,0.8728070175438597,0.008771929824561403,0.0433291595730223,0.02631578947368421,0.008771929824561403,0.9906975806256538,low
binary,0.55,0.4,4,0.8947368421052632,0.013157894736842105,0.22247777469408492,0.017543859649122806,0.013157894736842105,0.7248906463585466,low
binary,0.55,0.4,5,0.9298245614035088,0.013157894736842105,0.04421729069109337,0.008771929824561403,0.017543859649122806,0.9915857117437249,low
binary,0.55,0.4,6,0.9254385964912281,0.017543859649122806,0.04806398130012479,0.013157894736842105,0.017543859649122806,0.9954324023527563,low
binary,0.55,0.4,7,0.9254385964912281,0.0043859649122807015,0.05143656447437117,0.008771929824561403,0.017543859649122806,0.9988049855270027,low
binary,0.55,0.4,8,0.9385964912280702,0.0043859649122807015,0.04421756857350789,0.021929824561403508,0.013157894736842105,0.9915859896261394,low
binary,0.55,0.4,9,0.8991228070175439,0.013157894736842105,0.022054213399007483,0.013157894736842105,0.008771929824561403,0.969422634451639,low
binary,0.55,0.4,10,0.9166666666666666,0.013157894736842105,0.05617187932690049,0.021929824561403508,0.013157894736842105,0.891196541725731,low
binary,0.55,0.4,11,0.9210526315789473,0.0043859649122807015,0.058143452244499905,0.013157894736842105,0.017543859649122806,0.8892249688081316,low
binary,0.55,0.4,12,0.8991228070175439,0.008771929824561403,0.057506725026776895,0.008771929824561403,0.0043859649122807015,0.8898616960258546,low
binary,0.55,0.4,13,0.8771929824561403,0.0043859649122807015,0.019237784588847617,0.008771929824561403,0.013157894736842105,0.9666062056414791,low
binary,0.55,0.4,14,0.9166666666666666,0.008771929824561403,0.06421882041050109,0.021929824561403508,0.017543859649122806,0.8831496006421304,low
binary,0.55,0.4,15,0.9122807017543859,0.013157894736842105,0.0514375462871387,0.008771929824561403,0.008771929824561403,0.9988059673397702,low
binary,0.55,0.4,16,0.8640350877192983,0.013157894736842105,0.052251610718277997,0.017543859649122806,0.013157894736842105,0.9996200317709095,low
binary,0.55,0.4,17,0.9517543859649122,0.008771929824561403,0.05160564543054835,0.017543859649122806,0.02631578947368421,0.9989740664831799,low
binary,0.55,0.4,18,0.9078947368421053,0.013157894736842105,0.05611045030674755,0.013157894736842105,0.013157894736842105,0.891257970745884,low
binary,0.55,0.4,19,0.8947368421052632,0.0043859649122807015,0.03412697899346073,0.021929824561403508,0.017543859649122806,0.9814954000460923,low
binary,0.55,0.4,20,0.9122807017543859,0.017543859649122806,0.056111253314945264,0.008771929824561403,0.021929824561403508,0.8912571677376863,low
binary,0.55,0.4,21,0.9078947368421053,0.008771929824561403,0.05693773876597652,0.008771929824561403,0.0043859649122807015,0.890430682286655,low
binary,0.55,0.4,22,0.9035087719298246,0.008771929824561403,0.06416372650029811,0.02631578947368421,0.021929824561403508,0.8832046945523334,low
binary,0.55,0.4,23,0.8859649122807017,0.0043859649122807015,0.05663220870089081,0.021929824561403508,0.008771929824561403,0.8907362123517407,low
binary,0.55,0.4,24,0.9473684210526315,0.013157894736842105,0.06415741178938628,0.017543859649122806,0.02631578947368421,0.8832110092632453,low
binary,0.55,0.4,25,0.8991228070175439,0.013157894736842105,0.02733833557025722,0.017543859649122806,0.013157894736842105,0.9747067566228887,low
binary,0.55,0.4,26,0.9078947368421053,0.008771929824561403,0.05592256039441068,0.017543859649122806,0.021929824561403508,0.8914458606582208,low
binary,0.55,0.4,27,0.9254385964912281,0.008771929824561403,0.04407117952965278,0.013157894736842105,0.017543859649122806,0.9914396005822843,low
binary,0.55,0.4,28,0.8728070175438597,0.008771929824561403,0.06508959519257063,0.021929824561403508,0.017543859649122806,0.8822788258600609,low
binary,0.55,0.4,29,0.9429824561403509,0.017543859649122806,0.05220314526064318,0.008771929824561403,0.017543859649122806,0.9995715663132747,low
binary,0.55,0.45,0,0.868421052631579,0.0,0.06699108140199928,0.04824561403508772,0.02631578947368421,0.8803773396506323,low
binary,0.55,0.45,1,0.9078947368421053,0.0,0.05686084590706331,0.043859649122807015,0.03070175438596491,0.8905075751455682,low
binary,0.55,0.45,2,0.9210526315789473,0.0,0.015179558711241992,0.021929824561403508,0.021929824561403508,0.9321888623413895,low
binary,0.55,0.45,3,0.8245614035087719,0.0043859649122807015,0.0329293249228525,0.05263157894736842,0.013157894736842105,0.980297745975484,low
binary,0.55,0.45,4,0.8640350877192983,0.0043859649122807015,0.22263130176528767,0.04824561403508772,0.02631578947368421,0.7247371192873439,low
binary,0.55,0.45,5,0.9298245614035088,0.0043859649122807015,0.04324449437311084,0.02631578947368421,0.02631578947368421,0.9906129154257424,low
binary,0.55,0.45,6,0.9122807017543859,0.0043859649122807015,0.045995235274884916,0.043859649122807015,0.03070175438596491,0.9933636563275164,low
binary,0.55,0.45,7,0.8728070175438597,0.0043859649122807015,0.045274953400627704,0.039473684210526314,0.017543859649122806,0.9926433744532592,low
binary,0.55,0.45,8,0.9254385964912281,0.0,0.04319230060217716,0.039473684210526314,0.021929824561403508,0.9905607216548087,low
binary,0.55,0.45,9,0.881578947368421,0.0043859649122807015,0.016467777836000508,0.039473684210526314,0.021929824561403508,0.963836198888632,low
binary,0.55,0.45,10,0.9122807017543859,0.008771929824561403,0.05617212391970505,0.03508771929824561,0.021929824561403508,0.8911962971329265,low
binary,0.55,0.45,11,0.8991228070175439,0.0,0.06554186755910774,0.039473684210526314,0.021929824561403508,0.8818265534935238,low
binary,0.55,0.45,12,0.8771929824561403,0.0,0.06006459128810926,0.03070175438596491,0.021929824561403508,0.8873038297645223,low
binary,0.55,0.45,13,0.8903508771929824,0.0,0.019237784276519565,0.03508771929824561,0.017543859649122806,0.9666062053291511,low
binary,0.55,0.45,14,0.8947368421052632,0.0043859649122807015,0.0668281771813114,0.05263157894736842,0.02631578947368421,0.8805402438713201,low
binary,0.55,0.45,15,0.8728070175438597,0.0043859649122807015,0.13139959478655616,0.03070175438596491,0.017543859649122806,0.8159688262660754,low
binary,0.55,0.45,16,0.8640350877192983,0.008771929824561403,0.05225170296575832,0.03070175438596491,0.021929824561403508,0.9996201240183898,low
binary,0.55,0.45,17,0.9473684210526315,0.0043859649122807015,0.05002140468375749,0.02631578947368421,0.03508771929824561,0.997389825736389,low
binary,0.55,0.45,18,0.881578947368421,0.008771929824561403,0.07895814579669547,0.03070175438596491,0.017543859649122806,0.8684102752559361,low
binary,0.55,0.45,19,0.8771929824561403,0.0,0.032992352364617505,0.039473684210526314,0.021929824561403508,0.980360773417249,low
binary,0.55,0.45,20,0.8903508771929824,0.008771929824561403,0.058778096411947534,0.03508771929824561,0.03070175438596491,0.888590324640684,low
binary,0.55,0.45,21,0.8947368421052632,0.0,0.058736641202912554,0.03070175438596491,0.017543859649122806,0.888631779849719,low
binary,0.55,0.45,22,0.8947368421052632,0.0,0.06715273203604932,0.05263157894736842,0.03070175438596491,0.8802156890165822,low
binary,0.55,0.45,23,0.8596491228070176,0.0,0.0566911502981694,0.039473684210526314,0.013157894736842105,0.8906772707544621,low
binary,0.55,0.45,24,0.9035087719298246,0.0043859649122807015,0.07095728169823834,0.039473684210526314,0.043859649122807015,0.8764111393543932,low
binary,0.55,0.45,25,0.8859649122807017,0.0043859649122807015,0.023125549995990147,0.03508771929824561,0.03070175438596491,0.9242428710566414,low
binary,0.55,0.45,26,0.8991228070175439,0.0,0.05929107732600203,0.043859649122807015,0.03508771929824561,0.8880773437266295,low
binary,0.55,0.45,27,0.9078947368421053,0.0043859649122807015,0.04309825353932584,0.02631578947368421,0.021929824561403508,0.9904666745919574,low
binary,0.55,0.45,28,0.8026315789473685,0.0043859649122807015,0.18307489759857043,0.05263157894736842,0.021929824561403508,0.7642935234540611,low
binary,0.55,0.45,29,0.9473684210526315,0.008771929824561403,0.05220323719626008,0.013157894736842105,0.03508771929824561,0.9995716582488916,low
binary,0.55,0.5,0,0.49122807017543857,0.0,0.3422001241640781,0.4868421052631579,0.03070175438596491,0.6051682968885534,low
binary,0.55,0.5,1,0.5526315789473685,0.0,0.2653317967558152,0.4298245614035088,0.03508771929824561,0.6820366242968163,low
binary,0.55,0.5,2,0.543859649122807,0.0,0.4796888107024131,0.42543859649122806,0.021929824561403508,0.46767961035021843,low
binary,0.55,0.5,3,0.5263157894736842,0.0,0.3914739234237873,0.4342105263157895,0.017543859649122806,0.5558944976288442,low
binary,0.55,0.5,4,0.49122807017543857,0.0,0.6380849923908691,0.4868421052631579,0.03070175438596491,0.3092834286617624,low
binary,0.55,0.5,5,0.5921052631578947,0.0,0.36920504453080627,0.38596491228070173,0.03070175438596491,0.5781633765218253,low
binary,0.55,0.5,6,0.5131578947368421,0.0,0.26486712061325435,0.4692982456140351,0.03508771929824561,0.6825013004393772,low
binary,0.55,0.5,7,0.5263157894736842,0.0,0.6670357093471497,0.44298245614035087,0.021929824561403508,0.2803327117054818,low
binary,0.55,0.5,8,0.5701754385964912,0.0,0.5880635587328287,0.40350877192982454,0.02631578947368421,0.3593048623198029,low
binary,0.55,0.5,9,0.5263157894736842,0.0,0.38859624975551854,0.4473684210526316,0.02631578947368421,0.558772171297113,low
binary,0.55,0.5,10,0.618421052631579,0.0,0.3082755842625122,0.35964912280701755,0.03070175438596491,0.6390928367901193,low
binary,0.55,0.5,11,0.5921052631578947,0.0,0.1728996401519265,0.37719298245614036,0.021929824561403508,0.774468780900705,low
binary,0.55,0.5,12,0.543859649122807,0.0,0.6791684645002941,0.42543859649122806,0.02631578947368421,0.2681999565523374,low
binary,0.55,0.5,13,0.5570175438596491,0.0,0.007154321635075345,0.40350877192982454,0.017543859649122806,0.9545227426877069,low
binary,0.55,0.5,14,0.5482456140350878,0.0,0.4404483885869087,0.4342105263157895,0.03508771929824561,0.5069200324657228,low
binary,0.55,0.5,15,0.5350877192982456,0.0,0.46168125810738336,0.4298245614035088,0.021929824561403508,0.48568716294524816,low
binary,0.55,0.5,16,0.5964912280701754,0.0,0.11146773768164131,0.3815789473684211,0.03070175438596491,0.8359006833709902,low
binary,0.55,0.5,17,0.5877192982456141,0.0,0.08706709306796978,0.3991228070175439,0.039473684210526314,0.8603013279846617,low
binary,0.55,0.5,18,0.5350877192982456,0.0,0.4609624766684487,0.43859649122807015,0.02631578947368421,0.48640594438418283,low
binary,0.55,0.5,19,0.5657894736842105,0.0,0.39170111088332615,0.40350877192982454,0.021929824561403508,0.5556673101693054,low
binary,0.55,0.5,20,0.5701754385964912,0.0,0.480947047430366,0.4166666666666667,0.039473684210526314,0.46642137362226554,low
binary,0.55,0.5,21,0.5482456140350878,0.0,0.2974444292480669,0.4166666666666667,0.017543859649122806,0.6499239918045646,low
binary,0.55,0.5,22,0.5789473684210527,0.0,0.23779400936445672,0.3991228070175439,0.03070175438596491,0.7095744116881748,low
binary,0.55,0.5,23,0.5350877192982456,0.0,0.420983037071437,0.4298245614035088,0.017543859649122806,0.5263853839811945,low
binary,0.55,0.5,24,0.5526315789473685,0.0,0.49249814823612575,0.44298245614035087,0.04824561403508772,0.45487027281650577,low
binary,0.55,0.5,25,0.5789473684210527,0.0,0.4922167803185882,0.40350877192982454,0.03508771929824561,0.45515164073404335,low
binary,0.55,0.5,26,0.5745614035087719,0.0,0.3611282707596385,0.4166666666666667,0.043859649122807015,0.586240150292993,low
binary,0.55,0.5,27,0.5,0.0,0.5276328368434682,0.47368421052631576,0.02631578947368421,0.4197355842091634,low
binary,0.55,0.5,28,0.4780701754385965,0.0,0.3122797672311811,0.4956140350877193,0.03070175438596491,0.6350886538214504,low
binary,0.55,0.5,29,0.5964912280701754,0.0,0.2831283437548897,0.39035087719298245,0.043859649122807015,0.6642400772977418,low
binary,0.55,0.55,0,0.49122807017543857,0.0,0.3422001241640781,0.4868421052631579,0.03070175438596491,0.6051682968885534,low
binary,0.55,0.55,1,0.5526315789473685,0.0,0.2653317967558152,0.4298245614035088,0.03508771929824561,0.6820366242968163,low
binary,0.55,0.55,2,0.543859649122807,0.0,0.4796888107024131,0.42543859649122806,0.021929824561403508,0.46767961035021843,low
binary,0.55,0.55,3,0.5263157894736842,0.0,0.3914739234237873,0.43859649122807015,0.017543859649122806,0.5558944976288442,low
binary,0.55,0.55,4,0.49122807017543857,0.0,0.6380849923908691,0.4868421052631579,0.03070175438596491,0.3092834286617624,low
binary,0.55,0.55,5,0.5877192982456141,0.0,0.3692050447226184,0.39035087719298245,0.03070175438596491,0.5781633763300131,low
binary,0.55,0.55,6,0.5131578947368421,0.0,0.26486712061325435,0.4692982456140351,0.03508771929824561,0.6825013004393772,low
binary,0.55,0.55,7,0.5219298245614035,0.0,0.6670357095389617,0.4473684210526316,0.021929824561403508,0.2803327115136698,low
binary,0.55,0.55,8,0.5701754385964912,0.0,0.5880635587328287,0.40350877192982454,0.02631578947368421,0.3593048623198029,low
binary,0.55,0.55,9,0.5263157894736842,0.0,0.38859624975551854,0.4473684210526316,0.02631578947368421,0.558772171297113,low
binary,0.55,0.55,10,0.6140350877192983,0.0,0.30827558445432435,0.36403508771929827,0.03070175438596491,0.6390928365983072,low
binary,0.55,0.55,11,0.5921052631578947,0.0,0.1728996401519265,0.37719298245614036,0.021929824561403508,0.774468780900705,low
binary,0.55,0.55,12,0.543859649122807,0.0,0.6791684645002941,0.4298245614035088,0.02631578947368421,0.2681999565523374,low
binary,0.55,0.55,13,0.5570175438596491,0.0,0.007154321635075345,0.40789473684210525,0.017543859649122806,0.9545227426877069,low
binary,0.55,0.55,14,0.5482456140350878,0.0,0.4404483885869087,0.4342105263157895,0.03508771929824561,0.5069200324657228,low
binary,0.55,0.55,15,0.5350877192982456,0.0,0.46168125810738336,0.4342105263157895,0.021929824561403508,0.48568716294524816,low
binary,0.55,0.55,16,0.5964912280701754,0.0,0.11146773768164131,0.3815789473684211,0.03070175438596491,0.8359006833709902,low
binary,0.55,0.55,17,0.5877192982456141,0.0,0.08706709306796978,0.3991228070175439,0.039473684210526314,0.8603013279846617,low
binary,0.55,0.55,18,0.5350877192982456,0.0,0.4609624766684487,0.43859649122807015,0.02631578947368421,0.48640594438418283,low
binary,0.55,0.55,19,0.5614035087719298,0.0,0.39170111107513816,0.40789473684210525,0.021929824561403508,0.5556673099774934,low
binary,0.55,0.55,20,0.5657894736842105,0.0,0.48094704762217805,0.42105263157894735,0.039473684210526314,0.4664213734304535,low
binary,0.55,0.55,21,0.5482456140350878,0.0,0.2974444292480669,0.4166666666666667,0.017543859649122806,0.6499239918045646,low
binary,0.55,0.55,22,0.5789473684210527,0.0,0.23779400936445672,0.3991228070175439,0.03070175438596491,0.7095744116881748,low
binary,0.55,0.55,23,0.5307017543859649,0.0,0.42098303726324926,0.4342105263157895,0.017543859649122806,0.5263853837893823,low
binary,0.55,0.55,24,0.5526315789473685,0.0,0.49249814823612575,0.44298245614035087,0.04824561403508772,0.45487027281650577,low
binary,0.55,0.55,25,0.5789473684210527,0.0,0.4922167803185882,0.40350877192982454,0.03508771929824561,0.45515164073404335,low
binary,0.55,0.55,26,0.5701754385964912,0.0,0.3611282709514506,0.42105263157894735,0.043859649122807015,0.5862401501011809,low
binary,0.55,0.55,27,0.5,0.0,0.5276328368434682,0.47368421052631576,0.02631578947368421,0.4197355842091634,low
binary,0.55,0.55,28,0.4780701754385965,0.0,0.3122797672311811,0.5,0.03070175438596491,0.6350886538214504,low
binary,0.55,0.55,29,0.5964912280701754,0.0,0.2831283437548897,0.39473684210526316,0.043859649122807015,0.6642400772977418,low
binary,0.55,0.6,0,0.49122807017543857,0.0,0.3422001241640781,0.4868421052631579,0.03070175438596491,0.6051682968885534,low
binary,0.55,0.6,1,0.5526315789473685,0.0,0.2653317967558152,0.4298245614035088,0.03508771929824561,0.6820366242968163,low
binary,0.55,0.6,2,0.543859649122807,0.0,0.4796888107024131,0.42543859649122806,0.021929824561403508,0.46767961035021843,low
binary,0.55,0.6,3,0.5263157894736842,0.0,0.3914739234237873,0.43859649122807015,0.017543859649122806,0.5558944976288442,low
binary,0.55,0.6,4,0.49122807017543857,0.0,0.6380849923908691,0.4868421052631579,0.03070175438596491,0.3092834286617624,low
binary,0.55,0.6,5,0.5877192982456141,0.0,0.3692050447226184,0.39035087719298245,0.03070175438596491,0.5781633763300131,low
binary,0.55,0.6,6,0.5131578947368421,0.0,0.26486712061325435,0.4692982456140351,0.03508771929824561,0.6825013004393772,low
binary,0.55,0.6,7,0.5219298245614035,0.0,0.6670357095389617,0.4473684210526316,0.021929824561403508,0.2803327115136698,low
binary,0.55,0.6,8,0.5701754385964912,0.0,0.5880635587328287,0.40350877192982454,0.02631578947368421,0.3593048623198029,low
binary,0.55,0.6,9,0.5263157894736842,0.0,0.38859624975551854,0.4473684210526316,0.02631578947368421,0.558772171297113,low
binary,0.55,0.6,10,0.6140350877192983,0.0,0.30827558445432435,0.36403508771929827,0.03070175438596491,0.6390928365983072,low
binary,0.55,0.6,11,0.5921052631578947,0.0,0.1728996401519265,0.37719298245614036,0.021929824561403508,0.774468780900705,low
binary,0.55,0.6,12,0.543859649122807,0.0,0.6791684645002941,0.4298245614035088,0.02631578947368421,0.2681999565523374,low
binary,0.55,0.6,13,0.5570175438596491,0.0,0.007154321635075345,0.40789473684210525,0.017543859649122806,0.9545227426877069,low
binary,0.55,0.6,14,0.5482456140350878,0.0,0.4404483885869087,0.4342105263157895,0.03508771929824561,0.5069200324657228,low
binary,0.55,0.6,15,0.5350877192982456,0.0,0.46168125810738336,0.4342105263157895,0.021929824561403508,0.48568716294524816,low
binary,0.55,0.6,16,0.5964912280701754,0.0,0.11146773768164131,0.3815789473684211,0.03070175438596491,0.8359006833709902,low
binary,0.55,0.6,17,0.5877192982456141,0.0,0.08706709306796978,0.3991228070175439,0.039473684210526314,0.8603013279846617,low
binary,0.55,0.6,18,0.5350877192982456,0.0,0.4609624766684487,0.43859649122807015,0.02631578947368421,0.48640594438418283,low
binary,0.55,0.6,19,0.5614035087719298,0.0,0.39170111107513816,0.40789473684210525,0.021929824561403508,0.5556673099774934,low
binary,0.55,0.6,20,0.5657894736842105,0.0,0.48094704762217805,0.42105263157894735,0.039473684210526314,0.4664213734304535,low
binary,0.55,0.6,21,0.5482456140350878,0.0,0.2974444292480669,0.4166666666666667,0.017543859649122806,0.6499239918045646,low
binary,0.55,0.6,22,0.5789473684210527,0.0,0.23779400936445672,0.3991228070175439,0.03070175438596491,0.7095744116881748,low
binary,0.55,0.6,23,0.5307017543859649,0.0,0.42098303726324926,0.4342105263157895,0.017543859649122806,0.5263853837893823,low
binary,0.55,0.6,24,0.5526315789473685,0.0,0.49249814823612575,0.44298245614035087,0.04824561403508772,0.45487027281650577,low
binary,0.55,0.6,25,0.5789473684210527,0.0,0.4922167803185882,0.40350877192982454,0.03508771929824561,0.45515164073404335,low
binary,0.55,0.6,26,0.5701754385964912,0.0,0.3611282709514506,0.42105263157894735,0.043859649122807015,0.5862401501011809,low
binary,0.55,0.6,27,0.5,0.0,0.5276328368434682,0.47368421052631576,0.02631578947368421,0.4197355842091634,low
binary,0.55,0.6,28,0.4780701754385965,0.0,0.3122797672311811,0.5,0.03070175438596491,0.6350886538214504,low
binary,0.55,0.6,29,0.5964912280701754,0.0,0.2831283437548897,0.39473684210526316,0.043859649122807015,0.6642400772977418,low
binary,0.55,0.7,0,0.49122807017543857,0.0,0.3422001241640781,0.4868421052631579,0.03070175438596491,0.6051682968885534,low
binary,0.55,0.7,1,0.5526315789473685,0.0,0.2653317967558152,0.4298245614035088,0.03508771929824561,0.6820366242968163,low
binary,0.55,0.7,2,0.543859649122807,0.0,0.4796888107024131,0.42543859649122806,0.021929824561403508,0.46767961035021843,low
binary,0.55,0.7,3,0.5263157894736842,0.0,0.3914739234237873,0.43859649122807015,0.017543859649122806,0.5558944976288442,low
binary,0.55,0.7,4,0.49122807017543857,0.0,0.6380849923908691,0.4868421052631579,0.03070175438596491,0.3092834286617624,low
binary,0.55,0.7,5,0.5877192982456141,0.0,0.3692050447226184,0.39035087719298245,0.03070175438596491,0.5781633763300131,low
binary,0.55,0.7,6,0.5131578947368421,0.0,0.26486712061325435,0.4692982456140351,0.03508771929824561,0.6825013004393772,low
binary,0.55,0.7,7,0.5219298245614035,0.0,0.6670357095389617,0.4473684210526316,0.021929824561403508,0.2803327115136698,low
binary,0.55,0.7,8,0.5701754385964912,0.0,0.5880635587328287,0.40350877192982454,0.02631578947368421,0.3593048623198029,low
binary,0.55,0.7,9,0.5263157894736842,0.0,0.38859624975551854,0.4473684210526316,0.02631578947368421,0.558772171297113,low
binary,0.55,0.7,10,0.6140350877192983,0.0,0.30827558445432435,0.36403508771929827,0.03070175438596491,0.6390928365983072,low
binary,0.55,0.7,11,0.5921052631578947,0.0,0.1728996401519265,0.37719298245614036,0.021929824561403508,0.774468780900705,low
binary,0.55,0.7,12,0.543859649122807,0.0,0.6791684645002941,0.4298245614035088,0.02631578947368421,0.2681999565523374,low
binary,0.55,0.7,13,0.5570175438596491,0.0,0.007154321635075345,0.40789473684210525,0.017543859649122806,0.9545227426877069,low
binary,0.55,0.7,14,0.5482456140350878,0.0,0.4404483885869087,0.4342105263157895,0.03508771929824561,0.5069200324657228,low
binary,0.55,0.7,15,0.5350877192982456,0.0,0.46168125810738336,0.4342105263157895,0.021929824561403508,0.48568716294524816,low
binary,0.55,0.7,16,0.5964912280701754,0.0,0.11146773768164131,0.3815789473684211,0.03070175438596491,0.8359006833709902,low
binary,0.55,0.7,17,0.5877192982456141,0.0,0.08706709306796978,0.3991228070175439,0.039473684210526314,0.8603013279846617,low
binary,0.55,0.7,18,0.5350877192982456,0.0,0.4609624766684487,0.43859649122807015,0.02631578947368421,0.48640594438418283,low
binary,0.55,0.7,19,0.5614035087719298,0.0,0.39170111107513816,0.40789473684210525,0.021929824561403508,0.5556673099774934,low
binary,0.55,0.7,20,0.5657894736842105,0.0,0.48094704762217805,0.42105263157894735,0.039473684210526314,0.4664213734304535,low
binary,0.55,0.7,21,0.5482456140350878,0.0,0.2974444292480669,0.4166666666666667,0.017543859649122806,0.6499239918045646,low
binary,0.55,0.7,22,0.5789473684210527,0.0,0.23779400936445672,0.3991228070175439,0.03070175438596491,0.7095744116881748,low
binary,0.55,0.7,23,0.5307017543859649,0.0,0.42098303726324926,0.4342105263157895,0.017543859649122806,0.5263853837893823,low
binary,0.55,0.7,24,0.5526315789473685,0.0,0.49249814823612575,0.44298245614035087,0.04824561403508772,0.45487027281650577,low
binary,0.55,0.7,25,0.5789473684210527,0.0,0.4922167803185882,0.40350877192982454,0.03508771929824561,0.45515164073404335,low
binary,0.55,0.7,26,0.5701754385964912,0.0,0.3611282709514506,0.42105263157894735,0.043859649122807015,0.5862401501011809,low
binary,0.55,0.7,27,0.5,0.0,0.5276328368434682,0.47368421052631576,0.02631578947368421,0.4197355842091634,low
binary,0.55,0.7,28,0.4780701754385965,0.0,0.3122797672311811,0.5,0.03070175438596491,0.6350886538214504,low
binary,0.55,0.7,29,0.5964912280701754,0.0,0.2831283437548897,0.39473684210526316,0.043859649122807015,0.6642400772977418,low
binary,0.55,0.85,0,0.49122807017543857,0.0,0.3422001241640781,0.4868421052631579,0.03070175438596491,0.6051682968885534,low
binary,0.55,0.85,1,0.5526315789473685,0.0,0.2653317967558152,0.4298245614035088,0.03508771929824561,0.6820366242968163,low
binary,0.55,0.85,2,0.543859649122807,0.0,0.4796888107024131,0.42543859649122806,0.021929824561403508,0.46767961035021843,low
binary,0.55,0.85,3,0.5263157894736842,0.0,0.3914739234237873,0.43859649122807015,0.017543859649122806,0.5558944976288442,low
binary,0.55,0.85,4,0.49122807017543857,0.0,0.6380849923908691,0.4868421052631579,0.03070175438596491,0.3092834286617624,low
binary,0.55,0.85,5,0.5877192982456141,0.0,0.3692050447226184,0.39035087719298245,0.03070175438596491,0.5781633763300131,low
binary,0.55,0.85,6,0.5131578947368421,0.0,0.26486712061325435,0.4692982456140351,0.03508771929824561,0.6825013004393772,low
binary,0.55,0.85,7,0.5219298245614035,0.0,0.6670357095389617,0.4473684210526316,0.021929824561403508,0.2803327115136698,low
binary,0.55,0.85,8,0.5701754385964912,0.0,0.5880635587328287,0.40350877192982454,0.02631578947368421,0.3593048623198029,low
binary,0.55,0.85,9,0.5263157894736842,0.0,0.38859624975551854,0.4473684210526316,0.02631578947368421,0.558772171297113,low
binary,0.55,0.85,10,0.6140350877192983,0.0,0.30827558445432435,0.36403508771929827,0.03070175438596491,0.6390928365983072,low
binary,0.55,0.85,11,0.5921052631578947,0.0,0.1728996401519265,0.37719298245614036,0.021929824561403508,0.774468780900705,low
binary,0.55,0.85,12,0.543859649122807,0.0,0.6791684645002941,0.4298245614035088,0.02631578947368421,0.2681999565523374,low
binary,0.55,0.85,13,0.5570175438596491,0.0,0.007154321635075345,0.40789473684210525,0.017543859649122806,0.9545227426877069,low
binary,0.55,0.85,14,0.5482456140350878,0.0,0.4404483885869087,0.4342105263157895,0.03508771929824561,0.5069200324657228,low
binary,0.55,0.85,15,0.5350877192982456,0.0,0.46168125810738336,0.4342105263157895,0.021929824561403508,0.48568716294524816,low
binary,0.55,0.85,16,0.5964912280701754,0.0,0.11146773768164131,0.3815789473684211,0.03070175438596491,0.8359006833709902,low
binary,0.55,0.85,17,0.5877192982456141,0.0,0.08706709306796978,0.3991228070175439,0.039473684210526314,0.8603013279846617,low
binary,0.55,0.85,18,0.5350877192982456,0.0,0.4609624766684487,0.43859649122807015,0.02631578947368421,0.48640594438418283,low
binary,0.55,0.85,19,0.5614035087719298,0.0,0.39170111107513816,0.40789473684210525,0.021929824561403508,0.5556673099774934,low
binary,0.55,0.85,20,0.5657894736842105,0.0,0.48094704762217805,0.42105263157894735,0.039473684210526314,0.4664213734304535,low
binary,0.55,0.85,21,0.5482456140350878,0.0,0.2974444292480669,0.4166666666666667,0.017543859649122806,0.6499239918045646,low
binary,0.55,0.85,22,0.5789473684210527,0.0,0.23779400936445672,0.3991228070175439,0.03070175438596491,0.7095744116881748,low
binary,0.55,0.85,23,0.5307017543859649,0.0,0.42098303726324926,0.4342105263157895,0.017543859649122806,0.5263853837893823,low
binary,0.55,0.85,24,0.5526315789473685,0.0,0.49249814823612575,0.44298245614035087,0.04824561403508772,0.45487027281650577,low
binary,0.55,0.85,25,0.5789473684210527,0.0,0.4922167803185882,0.40350877192982454,0.03508771929824561,0.45515164073404335,low
binary,0.55,0.85,26,0.5701754385964912,0.0,0.3611282709514506,0.42105263157894735,0.043859649122807015,0.5862401501011809,low
binary,0.55,0.85,27,0.5,0.0,0.5276328368434682,0.47368421052631576,0.02631578947368421,0.4197355842091634,low
binary,0.55,0.85,28,0.4780701754385965,0.0,0.3122797672311811,0.5,0.03070175438596491,0.6350886538214504,low
binary,0.55,0.85,29,0.5964912280701754,0.0,0.2831283437548897,0.39473684210526316,0.043859649122807015,0.6642400772977418,low
binary,0.55,1.0,0,0.49122807017543857,0.0,0.3422001241640781,0.4868421052631579,0.03070175438596491,0.6051682968885534,low
binary,0.55,1.0,1,0.5526315789473685,0.0,0.2653317967558152,0.4298245614035088,0.03508771929824561,0.6820366242968163,low
binary,0.55,1.0,2,0.543859649122807,0.0,0.4796888107024131,0.42543859649122806,0.021929824561403508,0.46767961035021843,low
binary,0.55,1.0,3,0.5263157894736842,0.0,0.3914739234237873,0.43859649122807015,0.017543859649122806,0.5558944976288442,low
binary,0.55,1.0,4,0.49122807017543857,0.0,0.6380849923908691,0.4868421052631579,0.03070175438596491,0.3092834286617624,low
binary,0.55,1.0,5,0.5877192982456141,0.0,0.3692050447226184,0.39035087719298245,0.03070175438596491,0.5781633763300131,low
binary,0.55,1.0,6,0.5131578947368421,0.0,0.26486712061325435,0.4692982456140351,0.03508771929824561,0.6825013004393772,low
binary,0.55,1.0,7,0.5219298245614035,0.0,0.6670357095389617,0.4473684210526316,0.021929824561403508,0.2803327115136698,low
binary,0.55,1.0,8,0.5701754385964912,0.0,0.5880635587328287,0.40350877192982454,0.02631578947368421,0.3593048623198029,low
binary,0.55,1.0,9,0.5263157894736842,0.0,0.38859624975551854,0.4473684210526316,0.02631578947368421,0.558772171297113,low
binary,0.55,1.0,10,0.6140350877192983,0.0,0.30827558445432435,0.36403508771929827,0.03070175438596491,0.6390928365983072,low
binary,0.55,1.0,11,0.5921052631578947,0.0,0.1728996401519265,0.37719298245614036,0.021929824561403508,0.774468780900705,low
binary,0.55,1.0,12,0.543859649122807,0.0,0.6791684645002941,0.4298245614035088,0.02631578947368421,0.2681999565523374,low
binary,0.55,1.0,13,0.5570175438596491,0.0,0.007154321635075345,0.40789473684210525,0.017543859649122806,0.9545227426877069,low
binary,0.55,1.0,14,0.5482456140350878,0.0,0.4404483885869087,0.4342105263157895,0.03508771929824561,0.5069200324657228,low
binary,0.55,1.0,15,0.5350877192982456,0.0,0.46168125810738336,0.4342105263157895,0.021929824561403508,0.48568716294524816,low
binary,0.55,1.0,16,0.5964912280701754,0.0,0.11146773768164131,0.3815789473684211,0.03070175438596491,0.8359006833709902,low
binary,0.55,1.0,17,0.5877192982456141,0.0,0.08706709306796978,0.3991228070175439,0.039473684210526314,0.8603013279846617,low
binary,0.55,1.0,18,0.5350877192982456,0.0,0.4609624766684487,0.43859649122807015,0.02631578947368421,0.48640594438418283,low
binary,0.55,1.0,19,0.5614035087719298,0.0,0.39170111107513816,0.40789473684210525,0.021929824561403508,0.5556673099774934,low
binary,0.55,1.0,20,0.5657894736842105,0.0,0.48094704762217805,0.42105263157894735,0.039473684210526314,0.4664213734304535,low
binary,0.55,1.0,21,0.5482456140350878,0.0,0.2974444292480669,0.4166666666666667,0.017543859649122806,0.6499239918045646,low
binary,0.55,1.0,22,0.5789473684210527,0.0,0.23779400936445672,0.3991228070175439,0.03070175438596491,0.7095744116881748,low
binary,0.55,1.0,23,0.5307017543859649,0.0,0.42098303726324926,0.4342105263157895,0.017543859649122806,0.5263853837893823,low
binary,0.55,1.0,24,0.5526315789473685,0.0,0.49249814823612575,0.44298245614035087,0.04824561403508772,0.45487027281650577,low
binary,0.55,1.0,25,0.5789473684210527,0.0,0.4922167803185882,0.40350877192982454,0.03508771929824561,0.45515164073404335,low
binary,0.55,1.0,26,0.5701754385964912,0.0,0.3611282709514506,0.42105263157894735,0.043859649122807015,0.5862401501011809,low
binary,0.55,1.0,27,0.5,0.0,0.5276328368434682,0.47368421052631576,0.02631578947368421,0.4197355842091634,low
binary,0.55,1.0,28,0.4780701754385965,0.0,0.3122797672311811,0.5,0.03070175438596491,0.6350886538214504,low
binary,0.55,1.0,29,0.5964912280701754,0.0,0.2831283437548897,0.39473684210526316,0.043859649122807015,0.6642400772977418,low
binary,0.7,0.0,0,0.9254385964912281,0.03070175438596491,0.051437550679938826,0.0,0.0,0.9988059717325704,medium
binary,0.7,0.0,1,0.9429824561403509,0.03070175438596491,0.05143755068177058,0.0,0.0,0.9988059717344021,medium
binary,0.7,0.0,2,0.9342105263157895,0.03070175438596491,0.015118584725019257,0.0,0.0,0.9322498363276123,medium
binary,0.7,0.0,3,0.9342105263157895,0.03070175438596491,0.0514375506863165,0.0,0.0,0.998805971738948,medium
binary,0.7,0.0,4,0.9342105263157895,0.03070175438596491,0.05143755068630673,0.0,0.0,0.9988059717389383,medium
binary,0.7,0.0,5,0.9298245614035088,0.03508771929824561,0.05143740047594747,0.0,0.0,0.998805821528579,medium
binary,0.7,0.0,6,0.9385964912280702,0.03508771929824561,0.05143755068631772,0.0,0.0,0.9988059717389492,medium
binary,0.7,0.0,7,0.9078947368421053,0.03508771929824561,0.05143665756442106,0.0,0.0,0.9988050786170526,medium
binary,0.7,0.0,8,0.9517543859649122,0.021929824561403508,0.05143755068633116,0.0,0.0,0.9988059717389627,medium
binary,0.7,0.0,9,0.9122807017543859,0.021929824561403508,0.05143755068303402,0.0,0.0,0.9988059717356655,medium
binary,0.7,0.0,10,0.9473684210526315,0.02631578947368421,0.046495710473061114,0.0,0.0,0.9938641315256926,medium
binary,0.7,0.0,11,0.9298245614035088,0.017543859649122806,0.050292936747073025,0.0,0.0,0.9976613577997046,medium
binary,0.7,0.0,12,0.9298245614035088,0.017543859649122806,0.050929679398923344,0.0,0.0,0.9982981004515549,medium
binary,0.7,0.0,13,0.9078947368421053,0.021929824561403508,0.042958898620439445,0.0,0.0,0.990327319673071,medium
binary,0.7,0.0,14,0.9385964912280702,0.03508771929824561,0.051437532525071994,0.0,0.0,0.9988059535777035,medium
binary,0.7,0.0,15,0.9122807017543859,0.03070175438596491,0.05143755049253218,0.0,0.0,0.9988059715451637,medium
binary,0.7,0.0,16,0.9122807017543859,0.02631578947368421,0.05143683753116812,0.0,0.0,0.9988052585837996,medium
binary,0.7,0.0,17,0.9517543859649122,0.03070175438596491,0.05084005505623346,0.0,0.0,0.998208476108865,medium
binary,0.7,0.0,18,0.9254385964912281,0.03508771929824561,0.051437502532328816,0.0,0.0,0.9988059235849603,medium
binary,0.7,0.0,19,0.9254385964912281,0.021929824561403508,0.04269358509882526,0.0,0.0,0.9900620061514568,medium
binary,0.7,0.0,20,0.9298245614035088,0.043859649122807015,0.05143703543171374,0.0,0.0,0.9988054564843453,medium
binary,0.7,0.0,21,0.9473684210526315,0.017543859649122806,0.051437550686338485,0.0,0.0,0.99880597173897,medium
binary,0.7,0.0,22,0.9385964912280702,0.03070175438596491,0.051431240173424264,0.0,0.0,0.9987996612260558,medium
binary,0.7,0.0,23,0.9298245614035088,0.021929824561403508,0.05143726293041151,0.0,0.0,0.998805683983043,medium
binary,0.7,0.0,24,0.9429824561403509,0.039473684210526314,0.051437550686239564,0.0,0.0,0.9988059717388711,medium
binary,0.7,0.0,25,0.9385964912280702,0.02631578947368421,0.04029980327748528,0.0,0.0,0.9876682243301168,medium
binary,0.7,0.0,26,0.9429824561403509,0.03070175438596491,0.05143755068635114,0.0,0.0,0.9988059717389827,medium
binary,0.7,0.0,27,0.9122807017543859,0.02631578947368421,0.05046462883765557,0.0,0.0,0.9978330498902871,medium
binary,0.7,0.0,28,0.9254385964912281,0.02631578947368421,0.051437550686284306,0.0,0.0,0.9988059717389158,medium
binary,0.7,0.0,29,0.9385964912280702,0.03508771929824561,0.05143737396823844,0.0,0.0,0.99880579502087,medium
binary,0.7,0.1,0,0.9210526315789473,0.021929824561403508,0.052264534251024064,0.0043859649122807015,0.0043859649122807015,0.9996329553036556,medium
binary,0.7,0.1,1,0.9429824561403509,0.021929824561403508,0.05226453424117106,0.0043859649122807015,0.008771929824561403,0.9996329552938026,medium
binary,0.7,0.1,2,0.9385964912280702,0.02631578947368421,0.015118584725013262,0.0,0.0043859649122807015,0.9322498363276183,medium
binary,0.7,0.1,3,0.9342105263157895,0.02631578947368421,0.05226453425203026,0.0043859649122807015,0.0043859649122807015,0.9996329553046618,medium
binary,0.7,0.1,4,0.9342105263157895,0.02631578947368421,0.05226453425202049,0.0043859649122807015,0.0043859649122807015,0.999632955304652,medium
binary,0.7,0.1,5,0.9429824561403509,0.02631578947368421,0.0522643840470467,0.0,0.008771929824561403,0.9996328050996782,medium
binary,0.7,0.1,6,0.9429824561403509,0.02631578947368421,0.052264534252037476,0.0043859649122807015,0.008771929824561403,0.999632955304669,medium
binary,0.7,0.1,7,0.9254385964912281,0.02631578947368421,0.05143665756448734,0.0043859649122807015,0.0043859649122807015,0.9988050786171189,medium
binary,0.7,0.1,8,0.9517543859649122,0.017543859649122806,0.052264534252045025,0.0043859649122807015,0.0043859649122807015,0.9996329553046766,medium
binary,0.7,0.1,9,0.9122807017543859,0.021929824561403508,0.05143755068303402,0.0043859649122807015,0.0,0.9988059717356655,medium
binary,0.7,0.1,10,0.956140350877193,0.017543859649122806,0.05226453425742783,0.0043859649122807015,0.008771929824561403,0.9996329553100594,medium
binary,0.7,0.1,11,0.9298245614035088,0.017543859649122806,0.050292936747073025,0.0,0.0043859649122807015,0.9976613577997046,medium
binary,0.7,0.1,12,0.9298245614035088,0.017543859649122806,0.050929679398923344,0.0,0.0,0.9982981004515549,medium
binary,0.7,0.1,13,0.9298245614035088,0.013157894736842105,0.05183284366240182,0.0,0.008771929824561403,0.9992012647150333,medium
binary,0.7,0.1,14,0.9429824561403509,0.02631578947368421,0.052264516096163116,0.0043859649122807015,0.008771929824561403,0.9996329371487946,medium
binary,0.7,0.1,15,0.9166666666666666,0.02631578947368421,0.05143755049253795,0.0,0.0043859649122807015,0.9988059715451695,medium
binary,0.7,0.1,16,0.9166666666666666,0.021929824561403508,0.05226382110225347,0.0043859649122807015,0.0043859649122807015,0.999632242154885,medium
binary,0.7,0.1,17,0.9517543859649122,0.02631578947368421,0.05166703862731892,0.0043859649122807015,0.008771929824561403,0.9990354596799504,medium
binary,0.7,0.1,18,0.9342105263157895,0.02631578947368421,0.05226448610342005,0.0,0.008771929824561403,0.9996329071560516,medium
binary,0.7,0.1,19,0.9385964912280702,0.017543859649122806,0.05129161240528646,0.0,0.0043859649122807015,0.998660033457918,medium
binary,0.7,0.1,20,0.9385964912280702,0.03508771929824561,0.05226401900282618,0.0043859649122807015,0.008771929824561403,0.9996324400554577,medium
binary,0.7,0.1,21,0.9517543859649122,0.013157894736842105,0.05143755068634426,0.0,0.0043859649122807015,0.9988059717389758,medium
binary,0.7,0.1,22,0.9385964912280702,0.021929824561403508,0.052258223739143905,0.008771929824561403,0.008771929824561403,0.9996266447917754,medium
binary,0.7,0.1,23,0.9342105263157895,0.017543859649122806,0.05143726293041706,0.0,0.0043859649122807015,0.9988056839830486,medium
binary,0.7,0.1,24,0.9385964912280702,0.03508771929824561,0.052264534244518934,0.0043859649122807015,0.008771929824561403,0.9996329552971505,medium
binary,0.7,0.1,25,0.9342105263157895,0.021929824561403508,0.04029980327211968,0.008771929824561403,0.0043859649122807015,0.9876682243247512,medium
binary,0.7,0.1,26,0.9473684210526315,0.021929824561403508,0.05226453425207078,0.0043859649122807015,0.008771929824561403,0.9996329553047023,medium
binary,0.7,0.1,27,0.9254385964912281,0.017543859649122806,0.05226453425708233,0.0,0.008771929824561403,0.9996329553097139,medium
binary,0.7,0.1,28,0.9254385964912281,0.021929824561403508,0.05143755068091871,0.008771929824561403,0.0043859649122807015,0.9988059717335502,medium
binary,0.7,0.1,29,0.9473684210526315,0.02631578947368421,0.052264357539329453,0.0,0.008771929824561403,0.999632778591961,medium
binary,0.7,0.2,0,0.9210526315789473,0.021929824561403508,0.052264534251024064,0.0043859649122807015,0.0043859649122807015,0.9996329553036556,medium
binary,0.7,0.2,1,0.9429824561403509,0.021929824561403508,0.05226453424117106,0.0043859649122807015,0.008771929824561403,0.9996329552938026,medium
binary,0.7,0.2,2,0.9385964912280702,0.02631578947368421,0.015118584725013262,0.0,0.0043859649122807015,0.9322498363276183,medium
binary,0.7,0.2,3,0.9342105263157895,0.02631578947368421,0.05226453425203026,0.0043859649122807015,0.0043859649122807015,0.9996329553046618,medium
binary,0.7,0.2,4,0.9342105263157895,0.02631578947368421,0.05226453425202049,0.0043859649122807015,0.0043859649122807015,0.999632955304652,medium
binary,0.7,0.2,5,0.9429824561403509,0.02631578947368421,0.0522643840470467,0.0,0.008771929824561403,0.9996328050996782,medium
binary,0.7,0.2,6,0.9429824561403509,0.02631578947368421,0.052264534252037476,0.0043859649122807015,0.008771929824561403,0.999632955304669,medium
binary,0.7,0.2,7,0.9254385964912281,0.02631578947368421,0.05143665756448734,0.0043859649122807015,0.0043859649122807015,0.9988050786171189,medium
binary,0.7,0.2,8,0.9517543859649122,0.017543859649122806,0.052264534252045025,0.0043859649122807015,0.0043859649122807015,0.9996329553046766,medium
binary,0.7,0.2,9,0.9122807017543859,0.021929824561403508,0.05143755068303402,0.0043859649122807015,0.0,0.9988059717356655,medium
binary,0.7,0.2,10,0.956140350877193,0.017543859649122806,0.05226453425742783,0.0043859649122807015,0.008771929824561403,0.9996329553100594,medium
binary,0.7,0.2,11,0.9298245614035088,0.017543859649122806,0.050292936747073025,0.0,0.0043859649122807015,0.9976613577997046,medium
binary,0.7,0.2,12,0.9298245614035088,0.017543859649122806,0.050929679398923344,0.0,0.0,0.9982981004515549,medium
binary,0.7,0.2,13,0.9298245614035088,0.013157894736842105,0.05183284366240182,0.0,0.008771929824561403,0.9992012647150333,medium
binary,0.7,0.2,14,0.9429824561403509,0.02631578947368421,0.052264516096163116,0.0043859649122807015,0.008771929824561403,0.9996329371487946,medium
binary,0.7,0.2,15,0.9166666666666666,0.02631578947368421,0.05143755049253795,0.0,0.0043859649122807015,0.9988059715451695,medium
binary,0.7,0.2,16,0.9166666666666666,0.021929824561403508,0.05226382110225347,0.0043859649122807015,0.0043859649122807015,0.999632242154885,medium
binary,0.7,0.2,17,0.9517543859649122,0.02631578947368421,0.05166703862731892,0.0043859649122807015,0.008771929824561403,0.9990354596799504,medium
binary,0.7,0.2,18,0.9342105263157895,0.02631578947368421,0.05226448610342005,0.0,0.008771929824561403,0.9996329071560516,medium
binary,0.7,0.2,19,0.9385964912280702,0.017543859649122806,0.05129161240528646,0.0,0.0043859649122807015,0.998660033457918,medium
binary,0.7,0.2,20,0.9385964912280702,0.03508771929824561,0.05226401900282618,0.0043859649122807015,0.008771929824561403,0.9996324400554577,medium
binary,0.7,0.2,21,0.9517543859649122,0.013157894736842105,0.05143755068634426,0.0,0.0043859649122807015,0.9988059717389758,medium
binary,0.7,0.2,22,0.9385964912280702,0.021929824561403508,0.052258223739143905,0.008771929824561403,0.008771929824561403,0.9996266447917754,medium
binary,0.7,0.2,23,0.9342105263157895,0.017543859649122806,0.05143726293041706,0.0,0.0043859649122807015,0.9988056839830486,medium
binary,0.7,0.2,24,0.9385964912280702,0.03508771929824561,0.052264534244518934,0.0043859649122807015,0.008771929824561403,0.9996329552971505,medium
binary,0.7,0.2,25,0.9342105263157895,0.021929824561403508,0.04029980327211968,0.008771929824561403,0.0043859649122807015,0.9876682243247512,medium
binary,0.7,0.2,26,0.9473684210526315,0.021929824561403508,0.05226453425207078,0.0043859649122807015,0.008771929824561403,0.9996329553047023,medium
binary,0.7,0.2,27,0.9254385964912281,0.017543859649122806,0.05226453425708233,0.0,0.008771929824561403,0.9996329553097139,medium
binary,0.7,0.2,28,0.9254385964912281,0.021929824561403508,0.05143755068091871,0.008771929824561403,0.0043859649122807015,0.9988059717335502,medium
binary,0.7,0.2,29,0.9473684210526315,0.02631578947368421,0.052264357539329453,0.0,0.008771929824561403,0.999632778591961,medium
binary,0.7,0.3,0,0.9254385964912281,0.017543859649122806,0.05226454968809513,0.0043859649122807015,0.008771929824561403,0.9996329707407267,medium
binary,0.7,0.3,1,0.9473684210526315,0.017543859649122806,0.052264549678242234,0.0043859649122807015,0.013157894736842105,0.9996329707308738,medium
binary,0.7,0.3,2,0.9385964912280702,0.02631578947368421,0.015118584725013262,0.0,0.0043859649122807015,0.9322498363276183,medium
binary,0.7,0.3,3,0.9385964912280702,0.021929824561403508,0.05226454968910155,0.0043859649122807015,0.008771929824561403,0.9996329707417331,medium
binary,0.7,0.3,4,0.9385964912280702,0.021929824561403508,0.052264549689091555,0.0043859649122807015,0.008771929824561403,0.9996329707417231,medium
binary,0.7,0.3,5,0.9429824561403509,0.02631578947368421,0.0522643840470467,0.0,0.008771929824561403,0.9996328050996782,medium
binary,0.7,0.3,6,0.9473684210526315,0.021929824561403508,0.05226454968910843,0.0043859649122807015,0.013157894736842105,0.99963297074174,medium
binary,0.7,0.3,7,0.9298245614035088,0.021929824561403508,0.05143667300155863,0.0043859649122807015,0.008771929824561403,0.9988050940541902,medium
binary,0.7,0.3,8,0.9517543859649122,0.017543859649122806,0.052264534252045025,0.0043859649122807015,0.0043859649122807015,0.9996329553046766,medium
binary,0.7,0.3,9,0.9166666666666666,0.017543859649122806,0.05143756612010508,0.0043859649122807015,0.0043859649122807015,0.9988059871727366,medium
binary,0.7,0.3,10,0.956140350877193,0.017543859649122806,0.05226453425742783,0.0043859649122807015,0.008771929824561403,0.9996329553100594,medium
binary,0.7,0.3,11,0.9342105263157895,0.013157894736842105,0.0502929521841442,0.0,0.008771929824561403,0.9976613732367757,medium
binary,0.7,0.3,12,0.9298245614035088,0.017543859649122806,0.050929679398923344,0.0,0.0,0.9982981004515549,medium
binary,0.7,0.3,13,0.9298245614035088,0.013157894736842105,0.05183284366240182,0.0,0.008771929824561403,0.9992012647150333,medium
binary,0.7,0.3,14,0.9517543859649122,0.021929824561403508,0.052264549694494344,0.0043859649122807015,0.013157894736842105,0.9996329707471259,medium
binary,0.7,0.3,15,0.9166666666666666,0.02631578947368421,0.05143755049253795,0.0,0.0043859649122807015,0.9988059715451695,medium
binary,0.7,0.3,16,0.9166666666666666,0.021929824561403508,0.05226382110225347,0.0043859649122807015,0.0043859649122807015,0.999632242154885,medium
binary,0.7,0.3,17,0.956140350877193,0.021929824561403508,0.05166705406438987,0.0043859649122807015,0.013157894736842105,0.9990354751170214,medium
binary,0.7,0.3,18,0.9429824561403509,0.021929824561403508,0.05226454969449734,0.0,0.013157894736842105,0.9996329707471289,medium
binary,0.7,0.3,19,0.9429824561403509,0.013157894736842105,0.05129162784235752,0.0,0.008771929824561403,0.998660048894989,medium
binary,0.7,0.3,20,0.9429824561403509,0.03070175438596491,0.052264034439897245,0.0043859649122807015,0.013157894736842105,0.9996324554925288,medium
binary,0.7,0.3,21,0.9517543859649122,0.013157894736842105,0.05143755068634426,0.0,0.0043859649122807015,0.9988059717389758,medium
binary,0.7,0.3,22,0.9429824561403509,0.017543859649122806,0.05225823917621497,0.008771929824561403,0.013157894736842105,0.9996266602288465,medium
binary,0.7,0.3,23,0.9342105263157895,0.017543859649122806,0.05143726293041706,0.0,0.0043859649122807015,0.9988056839830486,medium
binary,0.7,0.3,24,0.9429824561403509,0.03070175438596491,0.05226454968158989,0.0043859649122807015,0.013157894736842105,0.9996329707342214,medium
binary,0.7,0.3,25,0.9342105263157895,0.021929824561403508,0.04029972646124114,0.008771929824561403,0.008771929824561403,0.9876681475138727,medium
binary,0.7,0.3,26,0.9517543859649122,0.017543859649122806,0.05226454968914196,0.0043859649122807015,0.013157894736842105,0.9996329707417735,medium
binary,0.7,0.3,27,0.9254385964912281,0.017543859649122806,0.05226453425708233,0.0,0.008771929824561403,0.9996329553097139,medium
binary,0.7,0.3,28,0.9254385964912281,0.021929824561403508,0.05143755068091871,0.008771929824561403,0.0043859649122807015,0.9988059717335502,medium
binary,0.7,0.3,29,0.956140350877193,0.021929824561403508,0.05226454969449479,0.0,0.013157894736842105,0.9996329707471263,medium
binary,0.7,0.4,0,0.9210526315789473,0.008771929824561403,0.044156183788640835,0.017543859649122806,0.021929824561403508,0.9915246048412724,medium
binary,0.7,0.4,1,0.9517543859649122,0.013157894736842105,0.05226454967824268,0.0043859649122807015,0.017543859649122806,0.9996329707308742,medium
binary,0.7,0.4,2,0.9342105263157895,0.021929824561403508,0.015179989153458195,0.008771929824561403,0.013157894736842105,0.9321884318991733,medium
binary,0.7,0.4,3,0.9122807017543859,0.021929824561403508,0.044156172731141696,0.02631578947368421,0.013157894736842105,0.9915245937837732,medium
binary,0.7,0.4,4,0.9298245614035088,0.017543859649122806,0.21415741178170344,0.017543859649122806,0.013157894736842105,0.7332110092709281,medium
binary,0.7,0.4,5,0.9385964912280702,0.021929824561403508,0.044217418370815165,0.008771929824561403,0.017543859649122806,0.9915858394234467,medium
binary,0.7,0.4,6,0.9473684210526315,0.017543859649122806,0.05226454548140991,0.013157894736842105,0.017543859649122806,0.9996329665340414,medium
binary,0.7,0.4,7,0.9385964912280702,0.013157894736842105,0.051436673001410305,0.008771929824561403,0.021929824561403508,0.9988050940540418,medium
binary,0.7,0.4,8,0.9473684210526315,0.008771929824561403,0.05226453425079691,0.013157894736842105,0.013157894736842105,0.9996329553034284,medium
binary,0.7,0.4,9,0.9254385964912281,0.013157894736842105,0.051437566124461265,0.0043859649122807015,0.008771929824561403,0.9988059871770928,medium
binary,0.7,0.4,10,0.9517543859649122,0.013157894736842105,0.05220312982898412,0.013157894736842105,0.013157894736842105,0.9995715508816156,medium
binary,0.7,0.4,11,0.9342105263157895,0.008771929824561403,0.05029295218395757,0.0043859649122807015,0.017543859649122806,0.9976613732365891,medium
binary,0.7,0.4,12,0.9298245614035088,0.013157894736842105,0.057506725026749694,0.008771929824561403,0.0043859649122807015,0.8898616960258818,medium
binary,0.7,0.4,13,0.9385964912280702,0.0043859649122807015,0.04378588219410773,0.0043859649122807015,0.017543859649122806,0.9911543032467393,medium
binary,0.7,0.4,14,0.9517543859649122,0.013157894736842105,0.05220314106066204,0.013157894736842105,0.021929824561403508,0.9995715621132936,medium
binary,0.7,0.4,15,0.9517543859649122,0.017543859649122806,0.05143755068617306,0.0043859649122807015,0.013157894736842105,0.9988059717388046,medium
binary,0.7,0.4,16,0.9298245614035088,0.013157894736842105,0.05226381689581561,0.013157894736842105,0.017543859649122806,0.9996322379484471,medium
binary,0.7,0.4,17,0.956140350877193,0.013157894736842105,0.05160564543055757,0.013157894736842105,0.02631578947368421,0.9989740664831891,medium
binary,0.7,0.4,18,0.9429824561403509,0.017543859649122806,0.05611045030674555,0.008771929824561403,0.017543859649122806,0.891257970745886,medium
binary,0.7,0.4,19,0.9385964912280702,0.0043859649122807015,0.043244662160003,0.013157894736842105,0.017543859649122806,0.9906130832126345,medium
binary,0.7,0.4,20,0.9517543859649122,0.017543859649122806,0.056110965559026615,0.008771929824561403,0.02631578947368421,0.8912574554936049,medium
binary,0.7,0.4,21,0.9517543859649122,0.008771929824561403,0.056937449313637645,0.0043859649122807015,0.013157894736842105,0.8904309717389939,medium
binary,0.7,0.4,22,0.9429824561403509,0.008771929824561403,0.056116765029182614,0.017543859649122806,0.021929824561403508,0.8912516560234489,medium
binary,0.7,0.4,23,0.9342105263157895,0.0043859649122807015,0.05663220870083563,0.017543859649122806,0.013157894736842105,0.8907362123517959,medium
binary,0.7,0.4,24,0.9473684210526315,0.017543859649122806,0.06415741178938628,0.017543859649122806,0.02631578947368421,0.8832110092632453,medium
binary,0.7,0.4,25,0.9298245614035088,0.017543859649122806,0.03219136056197225,0.017543859649122806,0.017543859649122806,0.9795597816146038,medium
binary,0.7,0.4,26,0.9517543859649122,0.008771929824561403,0.05580491773441232,0.013157894736842105,0.021929824561403508,0.8915635033182192,medium
binary,0.7,0.4,27,0.9298245614035088,0.008771929824561403,0.04407117952965334,0.013157894736842105,0.017543859649122806,0.9914396005822849,medium
binary,0.7,0.4,28,0.9342105263157895,0.008771929824561403,0.04339058920996541,0.017543859649122806,0.017543859649122806,0.9907590102625969,medium
binary,0.7,0.4,29,0.956140350877193,0.021929824561403508,0.05220314526604186,0.0043859649122807015,0.017543859649122806,0.9995715663186734,medium
binary,0.7,0.45,0,0.9122807017543859,0.0043859649122807015,0.04410383767984705,0.03070175438596491,0.03070175438596491,0.9914722587324786,medium
binary,0.7,0.45,1,0.9342105263157895,0.0,0.05194709127060826,0.02631578947368421,0.03070175438596491,0.9993155123232398,medium
binary,0.7,0.45,2,0.9517543859649122,0.0043859649122807015,0.015179558681482352,0.013157894736842105,0.03070175438596491,0.9321888623711492,medium
binary,0.7,0.45,3,0.9035087719298246,0.008771929824561403,0.04415626497644809,0.03508771929824561,0.02631578947368421,0.9915246860290796,medium
binary,0.7,0.45,4,0.9122807017543859,0.0043859649122807015,0.21431017584624024,0.03508771929824561,0.02631578947368421,0.7330582452063913,medium
binary,0.7,0.45,5,0.9473684210526315,0.008771929824561403,0.04421741622234665,0.021929824561403508,0.03070175438596491,0.9915858372749782,medium
binary,0.7,0.45,6,0.9473684210526315,0.0043859649122807015,0.050627958611824564,0.03508771929824561,0.03070175438596491,0.9979963796644561,medium
binary,0.7,0.45,7,0.9298245614035088,0.0043859649122807015,0.05143667268785035,0.02631578947368421,0.03070175438596491,0.9988050937404819,medium
binary,0.7,0.45,8,0.9517543859649122,0.0,0.05129170465041111,0.017543859649122806,0.02631578947368421,0.9986601257030426,medium
binary,0.7,0.45,9,0.9210526315789473,0.0043859649122807015,0.049421482440531794,0.021929824561403508,0.021929824561403508,0.9967899034931633,medium
binary,0.7,0.45,10,0.9429824561403509,0.008771929824561403,0.05220288523571026,0.02631578947368421,0.021929824561403508,0.9995713062883418,medium
binary,0.7,0.45,11,0.9210526315789473,0.0043859649122807015,0.04870846653249605,0.02631578947368421,0.021929824561403508,0.9960768875851276,medium
binary,0.7,0.45,12,0.9385964912280702,0.0,0.05909111813183254,0.021929824561403508,0.021929824561403508,0.888277302920799,medium
binary,0.7,0.45,13,0.9298245614035088,0.0,0.04220164113541136,0.02631578947368421,0.021929824561403508,0.9895700621880429,medium
binary,0.7,0.45,14,0.9385964912280702,0.0043859649122807015,0.04959378438916218,0.039473684210526314,0.03070175438596491,0.9969622054417937,medium
binary,0.7,0.45,15,0.9298245614035088,0.008771929824561403,0.05100585990085016,0.017543859649122806,0.021929824561403508,0.9983742809534817,medium
binary,0.7,0.45,16,0.9122807017543859,0.008771929824561403,0.05226390914255763,0.02631578947368421,0.02631578947368421,0.9996323301951892,medium
binary,0.7,0.45,17,0.9605263157894737,0.0043859649122807015,0.05160564543008994,0.017543859649122806,0.03508771929824561,0.9989740664827215,medium
binary,0.7,0.45,18,0.9385964912280702,0.008771929824561403,0.05751497050017351,0.021929824561403508,0.02631578947368421,0.889853450552458,medium
binary,0.7,0.45,19,0.9166666666666666,0.0,0.03504192783120663,0.03070175438596491,0.02631578947368421,0.9824103488838382,medium
binary,0.7,0.45,20,0.9473684210526315,0.008771929824561403,0.058720566510235495,0.02631578947368421,0.03508771929824561,0.888647854542396,medium
binary,0.7,0.45,21,0.9429824561403509,0.0,0.058573791888816285,0.021929824561403508,0.02631578947368421,0.8887946291638152,medium
binary,0.7,0.45,22,0.9385964912280702,0.0,0.058132848712827534,0.03070175438596491,0.03070175438596491,0.889235572339804,medium
binary,0.7,0.45,23,0.9254385964912281,0.0,0.056684554809876664,0.03070175438596491,0.021929824561403508,0.8906838662427549,medium
binary,0.7,0.45,24,0.9298245614035088,0.008771929824561403,0.0651406719398715,0.03508771929824561,0.043859649122807015,0.88222774911276,medium
binary,0.7,0.45,25,0.9210526315789473,0.0043859649122807015,0.020106239164675466,0.03070175438596491,0.03508771929824561,0.967474660217307,medium
binary,0.7,0.45,26,0.9517543859649122,0.0,0.05787295060396169,0.03070175438596491,0.03508771929824561,0.8894954704486698,medium
binary,0.7,0.45,27,0.9210526315789473,0.0043859649122807015,0.04309825728241223,0.02631578947368421,0.021929824561403508,0.9904666783350438,medium
binary,0.7,0.45,28,0.9078947368421053,0.0043859649122807015,0.011057993996994364,0.03070175438596491,0.02631578947368421,0.9584264150496259,medium
binary,0.7,0.45,29,0.9649122807017544,0.008771929824561403,0.052203237201660535,0.008771929824561403,0.03508771929824561,0.9995716582542921,medium
binary,0.7,0.5,0,0.6228070175438597,0.0,0.2261240697522514,0.35964912280701755,0.03508771929824561,0.7212443513003801,medium
binary,0.7,0.5,1,0.6973684210526315,0.0,0.05183705782144177,0.2850877192982456,0.03508771929824561,0.8955313632311898,medium
binary,0.7,0.5,2,0.7105263157894737,0.0,0.27442435301417245,0.2719298245614035,0.03508771929824561,0.6729440680384591,medium
binary,0.7,0.5,3,0.7236842105263158,0.0,0.15824223966971596,0.25877192982456143,0.03508771929824561,0.7891261813829156,medium
binary,0.7,0.5,4,0.6622807017543859,0.0,0.5785255407982336,0.3157894736842105,0.03070175438596491,0.36884288025439793,medium
binary,0.7,0.5,5,0.7149122807017544,0.0,0.32477643272188217,0.2719298245614035,0.039473684210526314,0.6225919883307494,medium
binary,0.7,0.5,6,0.6622807017543859,0.0,0.12989002518887505,0.32456140350877194,0.039473684210526314,0.8174783958637565,medium
binary,0.7,0.5,7,0.6798245614035088,0.0,0.2697313449163041,0.3026315789473684,0.03508771929824561,0.6776370761363274,medium
binary,0.7,0.5,8,0.7236842105263158,0.0,0.2900505663828937,0.2543859649122807,0.03070175438596491,0.6573178546697378,medium
binary,0.7,0.5,9,0.7149122807017544,0.0,0.1284079700416596,0.25877192982456143,0.02631578947368421,0.8189604510109719,medium
binary,0.7,0.5,10,0.7280701754385965,0.0,0.17827820434162323,0.25,0.03070175438596491,0.7690902167110083,medium
binary,0.7,0.5,11,0.7631578947368421,0.0,0.05677974799945473,0.21052631578947367,0.02631578947368421,0.8905886730531768,medium
binary,0.7,0.5,12,0.6842105263157895,0.0,0.4907150499712628,0.2894736842105263,0.02631578947368421,0.4566533710813687,medium
binary,0.7,0.5,13,0.6929824561403509,0.0,0.015247963932088937,0.2719298245614035,0.021929824561403508,0.9626163849847205,medium
binary,0.7,0.5,14,0.706140350877193,0.0,0.22033780244167878,0.2807017543859649,0.039473684210526314,0.7270306186109528,medium
binary,0.7,0.5,15,0.6622807017543859,0.0,0.4335869348580317,0.31140350877192985,0.03070175438596491,0.5137814861945998,medium
binary,0.7,0.5,16,0.7280701754385965,0.0,0.017882217823191326,0.2543859649122807,0.03508771929824561,0.9294862032294402,medium
binary,0.7,0.5,17,0.7368421052631579,0.0,0.013307148831612214,0.25,0.039473684210526314,0.9606755698842437,medium
binary,0.7,0.5,18,0.6798245614035088,0.0,0.37852290399524424,0.3026315789473684,0.03508771929824561,0.5688455170573873,medium
binary,0.7,0.5,19,0.7017543859649122,0.0,0.20049807905100359,0.27631578947368424,0.03070175438596491,0.7468703420016279,medium
binary,0.7,0.5,20,0.7412280701754386,0.0,0.23649410525610115,0.25,0.043859649122807015,0.7108743157965304,medium
binary,0.7,0.5,21,0.7149122807017544,0.0,0.27247805417925464,0.25877192982456143,0.02631578947368421,0.6748903668733769,medium
binary,0.7,0.5,22,0.7456140350877193,0.0,0.08201693688127809,0.2324561403508772,0.03070175438596491,0.8653514841713534,medium
binary,0.7,0.5,23,0.7105263157894737,0.0,0.2502577492417358,0.2631578947368421,0.02631578947368421,0.6971106718108957,medium
binary,0.7,0.5,24,0.7105263157894737,0.0,0.4148304075190449,0.2894736842105263,0.05263157894736842,0.5325380135335867,medium
binary,0.7,0.5,25,0.7236842105263158,0.0,0.42895414614935734,0.2631578947368421,0.039473684210526314,0.5184142749032742,medium
binary,0.7,0.5,26,0.7236842105263158,0.0,0.1370073654616062,0.2675438596491228,0.043859649122807015,0.8103610555910253,medium
binary,0.7,0.5,27,0.6666666666666666,0.0,0.3943778937667226,0.30701754385964913,0.02631578947368421,0.5529905272859089,medium
binary,0.7,0.5,28,0.631578947368421,0.0,0.1293506339506716,0.34649122807017546,0.03508771929824561,0.8180177871019599,medium
binary,0.7,0.5,29,0.7719298245614035,0.0,0.06618302896577455,0.2149122807017544,0.043859649122807015,0.881185392086857,medium
binary,0.7,0.55,0,0.6228070175438597,0.0,0.2261240697522514,0.35964912280701755,0.03508771929824561,0.7212443513003801,medium
binary,0.7,0.55,1,0.6973684210526315,0.0,0.05183705782144177,0.2850877192982456,0.03508771929824561,0.8955313632311898,medium
binary,0.7,0.55,2,0.7105263157894737,0.0,0.27442435301417245,0.2719298245614035,0.03508771929824561,0.6729440680384591,medium
binary,0.7,0.55,3,0.7236842105263158,0.0,0.15824223966971596,0.25877192982456143,0.03508771929824561,0.7891261813829156,medium
binary,0.7,0.55,4,0.6622807017543859,0.0,0.5785255407982336,0.3157894736842105,0.03070175438596491,0.36884288025439793,medium
binary,0.7,0.55,5,0.7105263157894737,0.0,0.3247764329136943,0.27631578947368424,0.039473684210526314,0.6225919881389372,medium
binary,0.7,0.55,6,0.6622807017543859,0.0,0.12989002518887505,0.32456140350877194,0.039473684210526314,0.8174783958637565,medium
binary,0.7,0.55,7,0.6754385964912281,0.0,0.26973134510811614,0.30701754385964913,0.03508771929824561,0.6776370759445154,medium
binary,0.7,0.55,8,0.7236842105263158,0.0,0.2900505663828937,0.2543859649122807,0.03070175438596491,0.6573178546697378,medium
binary,0.7,0.55,9,0.7149122807017544,0.0,0.1284079700416596,0.25877192982456143,0.02631578947368421,0.8189604510109719,medium
binary,0.7,0.55,10,0.7236842105263158,0.0,0.17827820453343546,0.2543859649122807,0.03070175438596491,0.7690902165191961,medium
binary,0.7,0.55,11,0.7631578947368421,0.0,0.05677974799945473,0.21052631578947367,0.02631578947368421,0.8905886730531768,medium
binary,0.7,0.55,12,0.6842105263157895,0.0,0.4907150499712628,0.2894736842105263,0.02631578947368421,0.4566533710813687,medium
binary,0.7,0.55,13,0.6929824561403509,0.0,0.015247963932088937,0.27631578947368424,0.021929824561403508,0.9626163849847205,medium
binary,0.7,0.55,14,0.706140350877193,0.0,0.22033780244167878,0.2807017543859649,0.039473684210526314,0.7270306186109528,medium
binary,0.7,0.55,15,0.6622807017543859,0.0,0.4335869348580317,0.3157894736842105,0.03070175438596491,0.5137814861945998,medium
binary,0.7,0.55,16,0.7280701754385965,0.0,0.017882217823191326,0.2543859649122807,0.03508771929824561,0.9294862032294402,medium
binary,0.7,0.55,17,0.7368421052631579,0.0,0.013307148831612214,0.25,0.039473684210526314,0.9606755698842437,medium
binary,0.7,0.55,18,0.6798245614035088,0.0,0.37852290399524424,0.3026315789473684,0.03508771929824561,0.5688455170573873,medium
binary,0.7,0.55,19,0.7017543859649122,0.0,0.20049807905100359,0.27631578947368424,0.03070175438596491,0.7468703420016279,medium
binary,0.7,0.55,20,0.7368421052631579,0.0,0.23649410544791327,0.2543859649122807,0.043859649122807015,0.7108743156047183,medium
binary,0.7,0.55,21,0.7149122807017544,0.0,0.27247805417925464,0.25877192982456143,0.02631578947368421,0.6748903668733769,medium
binary,0.7,0.55,22,0.7456140350877193,0.0,0.08201693688127809,0.2324561403508772,0.03070175438596491,0.8653514841713534,medium
binary,0.7,0.55,23,0.706140350877193,0.0,0.25025774943354784,0.2675438596491228,0.02631578947368421,0.6971106716190837,medium
binary,0.7,0.55,24,0.7105263157894737,0.0,0.4148304075190449,0.2894736842105263,0.05263157894736842,0.5325380135335867,medium
binary,0.7,0.55,25,0.7236842105263158,0.0,0.42895414614935734,0.2631578947368421,0.039473684210526314,0.5184142749032742,medium
binary,0.7,0.55,26,0.7192982456140351,0.0,0.1370073656534182,0.2719298245614035,0.043859649122807015,0.8103610553992133,medium
binary,0.7,0.55,27,0.6666666666666666,0.0,0.3943778937667226,0.30701754385964913,0.02631578947368421,0.5529905272859089,medium
binary,0.7,0.55,28,0.631578947368421,0.0,0.1293506339506716,0.3508771929824561,0.03508771929824561,0.8180177871019599,medium
binary,0.7,0.55,29,0.7719298245614035,0.0,0.06618302896577455,0.21929824561403508,0.043859649122807015,0.881185392086857,medium
binary,0.7,0.6,0,0.6228070175438597,0.0,0.2261240697522514,0.35964912280701755,0.03508771929824561,0.7212443513003801,medium
binary,0.7,0.6,1,0.6973684210526315,0.0,0.05183705782144177,0.2850877192982456,0.03508771929824561,0.8955313632311898,medium
binary,0.7,0.6,2,0.7105263157894737,0.0,0.27442435301417245,0.2719298245614035,0.03508771929824561,0.6729440680384591,medium
binary,0.7,0.6,3,0.7236842105263158,0.0,0.15824223966971596,0.25877192982456143,0.03508771929824561,0.7891261813829156,medium
binary,0.7,0.6,4,0.6622807017543859,0.0,0.5785255407982336,0.3157894736842105,0.03070175438596491,0.36884288025439793,medium
binary,0.7,0.6,5,0.7105263157894737,0.0,0.3247764329136943,0.27631578947368424,0.039473684210526314,0.6225919881389372,medium
binary,0.7,0.6,6,0.6622807017543859,0.0,0.12989002518887505,0.32456140350877194,0.039473684210526314,0.8174783958637565,medium
binary,0.7,0.6,7,0.6754385964912281,0.0,0.26973134510811614,0.30701754385964913,0.03508771929824561,0.6776370759445154,medium
binary,0.7,0.6,8,0.7236842105263158,0.0,0.2900505663828937,0.2543859649122807,0.03070175438596491,0.6573178546697378,medium
binary,0.7,0.6,9,0.7149122807017544,0.0,0.1284079700416596,0.25877192982456143,0.02631578947368421,0.8189604510109719,medium
binary,0.7,0.6,10,0.7236842105263158,0.0,0.17827820453343546,0.2543859649122807,0.03070175438596491,0.7690902165191961,medium
binary,0.7,0.6,11,0.7631578947368421,0.0,0.05677974799945473,0.21052631578947367,0.02631578947368421,0.8905886730531768,medium
binary,0.7,0.6,12,0.6842105263157895,0.0,0.4907150499712628,0.2894736842105263,0.02631578947368421,0.4566533710813687,medium
binary,0.7,0.6,13,0.6929824561403509,0.0,0.015247963932088937,0.27631578947368424,0.021929824561403508,0.9626163849847205,medium
binary,0.7,0.6,14,0.706140350877193,0.0,0.22033780244167878,0.2807017543859649,0.039473684210526314,0.7270306186109528,medium
binary,0.7,0.6,15,0.6622807017543859,0.0,0.4335869348580317,0.3157894736842105,0.03070175438596491,0.5137814861945998,medium
binary,0.7,0.6,16,0.7280701754385965,0.0,0.017882217823191326,0.2543859649122807,0.03508771929824561,0.9294862032294402,medium
binary,0.7,0.6,17,0.7368421052631579,0.0,0.013307148831612214,0.25,0.039473684210526314,0.9606755698842437,medium
binary,0.7,0.6,18,0.6798245614035088,0.0,0.37852290399524424,0.3026315789473684,0.03508771929824561,0.5688455170573873,medium
binary,0.7,0.6,19,0.7017543859649122,0.0,0.20049807905100359,0.27631578947368424,0.03070175438596491,0.7468703420016279,medium
binary,0.7,0.6,20,0.7368421052631579,0.0,0.23649410544791327,0.2543859649122807,0.043859649122807015,0.7108743156047183,medium
binary,0.7,0.6,21,0.7149122807017544,0.0,0.27247805417925464,0.25877192982456143,0.02631578947368421,0.6748903668733769,medium
binary,0.7,0.6,22,0.7456140350877193,0.0,0.08201693688127809,0.2324561403508772,0.03070175438596491,0.8653514841713534,medium
binary,0.7,0.6,23,0.706140350877193,0.0,0.25025774943354784,0.2675438596491228,0.02631578947368421,0.6971106716190837,medium
binary,0.7,0.6,24,0.7105263157894737,0.0,0.4148304075190449,0.2894736842105263,0.05263157894736842,0.5325380135335867,medium
binary,0.7,0.6,25,0.7236842105263158,0.0,0.42895414614935734,0.2631578947368421,0.039473684210526314,0.5184142749032742,medium
binary,0.7,0.6,26,0.7192982456140351,0.0,0.1370073656534182,0.2719298245614035,0.043859649122807015,0.8103610553992133,medium
binary,0.7,0.6,27,0.6666666666666666,0.0,0.3943778937667226,0.30701754385964913,0.02631578947368421,0.5529905272859089,medium
binary,0.7,0.6,28,0.631578947368421,0.0,0.1293506339506716,0.3508771929824561,0.03508771929824561,0.8180177871019599,medium
binary,0.7,0.6,29,0.7719298245614035,0.0,0.06618302896577455,0.21929824561403508,0.043859649122807015,0.881185392086857,medium
binary,0.7,0.7,0,0.6228070175438597,0.0,0.2261240697522514,0.35964912280701755,0.03508771929824561,0.7212443513003801,medium
binary,0.7,0.7,1,0.6973684210526315,0.0,0.05183705782144177,0.2850877192982456,0.03508771929824561,0.8955313632311898,medium
binary,0.7,0.7,2,0.7105263157894737,0.0,0.27442435301417245,0.2719298245614035,0.03508771929824561,0.6729440680384591,medium
binary,0.7,0.7,3,0.7236842105263158,0.0,0.15824223966971596,0.25877192982456143,0.03508771929824561,0.7891261813829156,medium
binary,0.7,0.7,4,0.6622807017543859,0.0,0.5785255407982336,0.3157894736842105,0.03070175438596491,0.36884288025439793,medium
binary,0.7,0.7,5,0.7105263157894737,0.0,0.3247764329136943,0.27631578947368424,0.039473684210526314,0.6225919881389372,medium
binary,0.7,0.7,6,0.6622807017543859,0.0,0.12989002518887505,0.32456140350877194,0.039473684210526314,0.8174783958637565,medium
binary,0.7,0.7,7,0.6754385964912281,0.0,0.26973134510811614,0.30701754385964913,0.03508771929824561,0.6776370759445154,medium
binary,0.7,0.7,8,0.7236842105263158,0.0,0.2900505663828937,0.2543859649122807,0.03070175438596491,0.6573178546697378,medium
binary,0.7,0.7,9,0.7149122807017544,0.0,0.1284079700416596,0.25877192982456143,0.02631578947368421,0.8189604510109719,medium
binary,0.7,0.7,10,0.7236842105263158,0.0,0.17827820453343546,0.2543859649122807,0.03070175438596491,0.7690902165191961,medium
binary,0.7,0.7,11,0.7631578947368421,0.0,0.05677974799945473,0.21052631578947367,0.02631578947368421,0.8905886730531768,medium
binary,0.7,0.7,12,0.6842105263157895,0.0,0.4907150499712628,0.2894736842105263,0.02631578947368421,0.4566533710813687,medium
binary,0.7,0.7,13,0.6929824561403509,0.0,0.015247963932088937,0.27631578947368424,0.021929824561403508,0.9626163849847205,medium
binary,0.7,0.7,14,0.706140350877193,0.0,0.22033780244167878,0.2807017543859649,0.039473684210526314,0.7270306186109528,medium
binary,0.7,0.7,15,0.6622807017543859,0.0,0.4335869348580317,0.3157894736842105,0.03070175438596491,0.5137814861945998,medium
binary,0.7,0.7,16,0.7280701754385965,0.0,0.017882217823191326,0.2543859649122807,0.03508771929824561,0.9294862032294402,medium
binary,0.7,0.7,17,0.7368421052631579,0.0,0.013307148831612214,0.25,0.039473684210526314,0.9606755698842437,medium
binary,0.7,0.7,18,0.6798245614035088,0.0,0.37852290399524424,0.3026315789473684,0.03508771929824561,0.5688455170573873,medium
binary,0.7,0.7,19,0.7017543859649122,0.0,0.20049807905100359,0.27631578947368424,0.03070175438596491,0.7468703420016279,medium
binary,0.7,0.7,20,0.7368421052631579,0.0,0.23649410544791327,0.2543859649122807,0.043859649122807015,0.7108743156047183,medium
binary,0.7,0.7,21,0.7149122807017544,0.0,0.27247805417925464,0.25877192982456143,0.02631578947368421,0.6748903668733769,medium
binary,0.7,0.7,22,0.7456140350877193,0.0,0.08201693688127809,0.2324561403508772,0.03070175438596491,0.8653514841713534,medium
binary,0.7,0.7,23,0.706140350877193,0.0,0.25025774943354784,0.2675438596491228,0.02631578947368421,0.6971106716190837,medium
binary,0.7,0.7,24,0.7105263157894737,0.0,0.4148304075190449,0.2894736842105263,0.05263157894736842,0.5325380135335867,medium
binary,0.7,0.7,25,0.7236842105263158,0.0,0.42895414614935734,0.2631578947368421,0.039473684210526314,0.5184142749032742,medium
binary,0.7,0.7,26,0.7192982456140351,0.0,0.1370073656534182,0.2719298245614035,0.043859649122807015,0.8103610553992133,medium
binary,0.7,0.7,27,0.6666666666666666,0.0,0.3943778937667226,0.30701754385964913,0.02631578947368421,0.5529905272859089,medium
binary,0.7,0.7,28,0.631578947368421,0.0,0.1293506339506716,0.3508771929824561,0.03508771929824561,0.8180177871019599,medium
binary,0.7,0.7,29,0.7719298245614035,0.0,0.06618302896577455,0.21929824561403508,0.043859649122807015,0.881185392086857,medium
binary,0.7,0.85,0,0.6228070175438597,0.0,0.2261240697522514,0.35964912280701755,0.03508771929824561,0.7212443513003801,medium
binary,0.7,0.85,1,0.6973684210526315,0.0,0.05183705782144177,0.2850877192982456,0.03508771929824561,0.8955313632311898,medium
binary,0.7,0.85,2,0.7105263157894737,0.0,0.27442435301417245,0.2719298245614035,0.03508771929824561,0.6729440680384591,medium
binary,0.7,0.85,3,0.7236842105263158,0.0,0.15824223966971596,0.25877192982456143,0.03508771929824561,0.7891261813829156,medium
binary,0.7,0.85,4,0.6622807017543859,0.0,0.5785255407982336,0.3157894736842105,0.03070175438596491,0.36884288025439793,medium
binary,0.7,0.85,5,0.7105263157894737,0.0,0.3247764329136943,0.27631578947368424,0.039473684210526314,0.6225919881389372,medium
binary,0.7,0.85,6,0.6622807017543859,0.0,0.12989002518887505,0.32456140350877194,0.039473684210526314,0.8174783958637565,medium
binary,0.7,0.85,7,0.6754385964912281,0.0,0.26973134510811614,0.30701754385964913,0.03508771929824561,0.6776370759445154,medium
binary,0.7,0.85,8,0.7236842105263158,0.0,0.2900505663828937,0.2543859649122807,0.03070175438596491,0.6573178546697378,medium
binary,0.7,0.85,9,0.7149122807017544,0.0,0.1284079700416596,0.25877192982456143,0.02631578947368421,0.8189604510109719,medium
binary,0.7,0.85,10,0.7236842105263158,0.0,0.17827820453343546,0.2543859649122807,0.03070175438596491,0.7690902165191961,medium
binary,0.7,0.85,11,0.7631578947368421,0.0,0.05677974799945473,0.21052631578947367,0.02631578947368421,0.8905886730531768,medium
binary,0.7,0.85,12,0.6842105263157895,0.0,0.4907150499712628,0.2894736842105263,0.02631578947368421,0.4566533710813687,medium
binary,0.7,0.85,13,0.6929824561403509,0.0,0.015247963932088937,0.27631578947368424,0.021929824561403508,0.9626163849847205,medium
binary,0.7,0.85,14,0.706140350877193,0.0,0.22033780244167878,0.2807017543859649,0.039473684210526314,0.7270306186109528,medium
binary,0.7,0.85,15,0.6622807017543859,0.0,0.4335869348580317,0.3157894736842105,0.03070175438596491,0.5137814861945998,medium
binary,0.7,0.85,16,0.7280701754385965,0.0,0.017882217823191326,0.2543859649122807,0.03508771929824561,0.9294862032294402,medium
binary,0.7,0.85,17,0.7368421052631579,0.0,0.013307148831612214,0.25,0.039473684210526314,0.9606755698842437,medium
binary,0.7,0.85,18,0.6798245614035088,0.0,0.37852290399524424,0.3026315789473684,0.03508771929824561,0.5688455170573873,medium
binary,0.7,0.85,19,0.7017543859649122,0.0,0.20049807905100359,0.27631578947368424,0.03070175438596491,0.7468703420016279,medium
binary,0.7,0.85,20,0.7368421052631579,0.0,0.23649410544791327,0.2543859649122807,0.043859649122807015,0.7108743156047183,medium
binary,0.7,0.85,21,0.7149122807017544,0.0,0.27247805417925464,0.25877192982456143,0.02631578947368421,0.6748903668733769,medium
binary,0.7,0.85,22,0.7456140350877193,0.0,0.08201693688127809,0.2324561403508772,0.03070175438596491,0.8653514841713534,medium
binary,0.7,0.85,23,0.706140350877193,0.0,0.25025774943354784,0.2675438596491228,0.02631578947368421,0.6971106716190837,medium
binary,0.7,0.85,24,0.7105263157894737,0.0,0.4148304075190449,0.2894736842105263,0.05263157894736842,0.5325380135335867,medium
binary,0.7,0.85,25,0.7236842105263158,0.0,0.42895414614935734,0.2631578947368421,0.039473684210526314,0.5184142749032742,medium
binary,0.7,0.85,26,0.7192982456140351,0.0,0.1370073656534182,0.2719298245614035,0.043859649122807015,0.8103610553992133,medium
binary,0.7,0.85,27,0.6666666666666666,0.0,0.3943778937667226,0.30701754385964913,0.02631578947368421,0.5529905272859089,medium
binary,0.7,0.85,28,0.631578947368421,0.0,0.1293506339506716,0.3508771929824561,0.03508771929824561,0.8180177871019599,medium
binary,0.7,0.85,29,0.7719298245614035,0.0,0.06618302896577455,0.21929824561403508,0.043859649122807015,0.881185392086857,medium
binary,0.7,1.0,0,0.6228070175438597,0.0,0.2261240697522514,0.35964912280701755,0.03508771929824561,0.7212443513003801,medium
binary,0.7,1.0,1,0.6973684210526315,0.0,0.05183705782144177,0.2850877192982456,0.03508771929824561,0.8955313632311898,medium
binary,0.7,1.0,2,0.7105263157894737,0.0,0.27442435301417245,0.2719298245614035,0.03508771929824561,0.6729440680384591,medium
binary,0.7,1.0,3,0.7236842105263158,0.0,0.15824223966971596,0.25877192982456143,0.03508771929824561,0.7891261813829156,medium
binary,0.7,1.0,4,0.6622807017543859,0.0,0.5785255407982336,0.3157894736842105,0.03070175438596491,0.36884288025439793,medium
binary,0.7,1.0,5,0.7105263157894737,0.0,0.3247764329136943,0.27631578947368424,0.039473684210526314,0.6225919881389372,medium
binary,0.7,1.0,6,0.6622807017543859,0.0,0.12989002518887505,0.32456140350877194,0.039473684210526314,0.8174783958637565,medium
binary,0.7,1.0,7,0.6754385964912281,0.0,0.26973134510811614,0.30701754385964913,0.03508771929824561,0.6776370759445154,medium
binary,0.7,1.0,8,0.7236842105263158,0.0,0.2900505663828937,0.2543859649122807,0.03070175438596491,0.6573178546697378,medium
binary,0.7,1.0,9,0.7149122807017544,0.0,0.1284079700416596,0.25877192982456143,0.02631578947368421,0.8189604510109719,medium
binary,0.7,1.0,10,0.7236842105263158,0.0,0.17827820453343546,0.2543859649122807,0.03070175438596491,0.7690902165191961,medium
binary,0.7,1.0,11,0.7631578947368421,0.0,0.05677974799945473,0.21052631578947367,0.02631578947368421,0.8905886730531768,medium
binary,0.7,1.0,12,0.6842105263157895,0.0,0.4907150499712628,0.2894736842105263,0.02631578947368421,0.4566533710813687,medium
binary,0.7,1.0,13,0.6929824561403509,0.0,0.015247963932088937,0.27631578947368424,0.021929824561403508,0.9626163849847205,medium
binary,0.7,1.0,14,0.706140350877193,0.0,0.22033780244167878,0.2807017543859649,0.039473684210526314,0.7270306186109528,medium
binary,0.7,1.0,15,0.6622807017543859,0.0,0.4335869348580317,0.3157894736842105,0.03070175438596491,0.5137814861945998,medium
binary,0.7,1.0,16,0.7280701754385965,0.0,0.017882217823191326,0.2543859649122807,0.03508771929824561,0.9294862032294402,medium
binary,0.7,1.0,17,0.7368421052631579,0.0,0.013307148831612214,0.25,0.039473684210526314,0.9606755698842437,medium
binary,0.7,1.0,18,0.6798245614035088,0.0,0.37852290399524424,0.3026315789473684,0.03508771929824561,0.5688455170573873,medium
binary,0.7,1.0,19,0.7017543859649122,0.0,0.20049807905100359,0.27631578947368424,0.03070175438596491,0.7468703420016279,medium
binary,0.7,1.0,20,0.7368421052631579,0.0,0.23649410544791327,0.2543859649122807,0.043859649122807015,0.7108743156047183,medium
binary,0.7,1.0,21,0.7149122807017544,0.0,0.27247805417925464,0.25877192982456143,0.02631578947368421,0.6748903668733769,medium
binary,0.7,1.0,22,0.7456140350877193,0.0,0.08201693688127809,0.2324561403508772,0.03070175438596491,0.8653514841713534,medium
binary,0.7,1.0,23,0.706140350877193,0.0,0.25025774943354784,0.2675438596491228,0.02631578947368421,0.6971106716190837,medium
binary,0.7,1.0,24,0.7105263157894737,0.0,0.4148304075190449,0.2894736842105263,0.05263157894736842,0.5325380135335867,medium
binary,0.7,1.0,25,0.7236842105263158,0.0,0.42895414614935734,0.2631578947368421,0.039473684210526314,0.5184142749032742,medium
binary,0.7,1.0,26,0.7192982456140351,0.0,0.1370073656534182,0.2719298245614035,0.043859649122807015,0.8103610553992133,medium
binary,0.7,1.0,27,0.6666666666666666,0.0,0.3943778937667226,0.30701754385964913,0.02631578947368421,0.5529905272859089,medium
binary,0.7,1.0,28,0.631578947368421,0.0,0.1293506339506716,0.3508771929824561,0.03508771929824561,0.8180177871019599,medium
binary,0.7,1.0,29,0.7719298245614035,0.0,0.06618302896577455,0.21929824561403508,0.043859649122807015,0.881185392086857,medium
binary,0.85,0.0,0,0.9429824561403509,0.03508771929824561,0.05143755067996891,0.0,0.0,0.9988059717326004,high
binary,0.85,0.0,1,0.9517543859649122,0.03508771929824561,0.051437550686336375,0.0,0.0,0.9988059717389679,high
binary,0.85,0.0,2,0.9429824561403509,0.03508771929824561,0.015118246188663531,0.0,0.0,0.932250174863968,high
binary,0.85,0.0,3,0.9473684210526315,0.03070175438596491,0.05143755068635447,0.0,0.0,0.998805971738986,high
binary,0.85,0.0,4,0.9429824561403509,0.03070175438596491,0.05143755068634215,0.0,0.0,0.9988059717389737,high
binary,0.85,0.0,5,0.9473684210526315,0.03508771929824561,0.051437400475975004,0.0,0.0,0.9988058215286065,high
binary,0.85,0.0,6,0.9473684210526315,0.043859649122807015,0.05143755068633571,0.0,0.0,0.9988059717389672,high
binary,0.85,0.0,7,0.9342105263157895,0.039473684210526314,0.05143665756448024,0.0,0.0,0.9988050786171118,high
binary,0.85,0.0,8,0.956140350877193,0.021929824561403508,0.05143755068633804,0.0,0.0,0.9988059717389696,high
binary,0.85,0.0,9,0.9254385964912281,0.03070175438596491,0.05143755068303635,0.0,0.0,0.9988059717356679,high
binary,0.85,0.0,10,0.9517543859649122,0.03070175438596491,0.05143755068633671,0.0,0.0,0.9988059717389682,high
binary,0.85,0.0,11,0.9473684210526315,0.03070175438596491,0.05143755068629585,0.0,0.0,0.9988059717389274,high
binary,0.85,0.0,12,0.9385964912280702,0.021929824561403508,0.0514375506862379,0.0,0.0,0.9988059717388694,high
binary,0.85,0.0,13,0.9254385964912281,0.03508771929824561,0.05143755068595979,0.0,0.0,0.9988059717385913,high
binary,0.85,0.0,14,0.9517543859649122,0.039473684210526314,0.051437550686336375,0.0,0.0,0.9988059717389679,high
binary,0.85,0.0,15,0.9254385964912281,0.03508771929824561,0.051437550493193096,0.0,0.0,0.9988059715458246,high
binary,0.85,0.0,16,0.9429824561403509,0.02631578947368421,0.051437306093819135,0.0,0.0,0.9988057271464507,high
binary,0.85,0.0,17,0.956140350877193,0.03070175438596491,0.0514375506863427,0.0,0.0,0.9988059717389742,high
binary,0.85,0.0,18,0.9298245614035088,0.043859649122807015,0.05143750253232893,0.0,0.0,0.9988059235849605,high
binary,0.85,0.0,19,0.956140350877193,0.021929824561403508,0.05143755068633671,0.0,0.0,0.9988059717389682,high
binary,0.85,0.0,20,0.9473684210526315,0.04824561403508772,0.051437550686336375,0.0,0.0,0.9988059717389679,high
binary,0.85,0.0,21,0.9517543859649122,0.021929824561403508,0.051437550686338485,0.0,0.0,0.99880597173897,high
binary,0.85,0.0,22,0.9429824561403509,0.039473684210526314,0.051431240173516635,0.0,0.0,0.9987996612261482,high
binary,0.85,0.0,23,0.9429824561403509,0.03508771929824561,0.05143755068631506,0.0,0.0,0.9988059717389466,high
binary,0.85,0.0,24,0.9517543859649122,0.039473684210526314,0.05143755068634315,0.0,0.0,0.9988059717389747,high
binary,0.85,0.0,25,0.9473684210526315,0.02631578947368421,0.04029997999557944,0.0,0.0,0.987668401048211,high
binary,0.85,0.0,26,0.956140350877193,0.03070175438596491,0.05143755068635569,0.0,0.0,0.9988059717389872,high
binary,0.85,0.0,27,0.9429824561403509,0.039473684210526314,0.051437550686336264,0.0,0.0,0.9988059717389678,high
binary,0.85,0.0,28,0.9298245614035088,0.02631578947368421,0.05143755068628619,0.0,0.0,0.9988059717389177,high
binary,0.85,0.0,29,0.9473684210526315,0.03508771929824561,0.05143755068633671,0.0,0.0,0.9988059717389682,high
binary,0.85,0.1,0,0.9429824561403509,0.02631578947368421,0.052264534251054595,0.0043859649122807015,0.0043859649122807015,0.9996329553036861,high
binary,0.85,0.1,1,0.956140350877193,0.02631578947368421,0.05226453425205613,0.0043859649122807015,0.008771929824561403,0.9996329553046877,high
binary,0.85,0.1,2,0.9473684210526315,0.03070175438596491,0.015118246188657647,0.0,0.0043859649122807015,0.9322501748639739,high
binary,0.85,0.1,3,0.9473684210526315,0.02631578947368421,0.05226453425206845,0.0043859649122807015,0.0043859649122807015,0.9996329553047,high
binary,0.85,0.1,4,0.9429824561403509,0.02631578947368421,0.052264534252055905,0.0043859649122807015,0.008771929824561403,0.9996329553046874,high
binary,0.85,0.1,5,0.9517543859649122,0.03070175438596491,0.05226438404704792,0.0,0.008771929824561403,0.9996328050996794,high
binary,0.85,0.1,6,0.9517543859649122,0.03508771929824561,0.05226453425205546,0.0043859649122807015,0.008771929824561403,0.999632955304687,high
binary,0.85,0.1,7,0.9385964912280702,0.03070175438596491,0.05226364113557136,0.0043859649122807015,0.008771929824561403,0.9996320621882029,high
binary,0.85,0.1,8,0.956140350877193,0.017543859649122806,0.05226453425205191,0.0043859649122807015,0.0043859649122807015,0.9996329553046834,high
binary,0.85,0.1,9,0.9254385964912281,0.03070175438596491,0.05143755068303635,0.0043859649122807015,0.0,0.9988059717356679,high
binary,0.85,0.1,10,0.956140350877193,0.021929824561403508,0.05226453425742783,0.0043859649122807015,0.008771929824561403,0.9996329553100594,high
binary,0.85,0.1,11,0.9517543859649122,0.02631578947368421,0.051437550686301625,0.0,0.0043859649122807015,0.9988059717389332,high
binary,0.85,0.1,12,0.9385964912280702,0.021929824561403508,0.0514375506862379,0.0,0.0,0.9988059717388694,high
binary,0.85,0.1,13,0.9429824561403509,0.02631578947368421,0.052264534257088546,0.0,0.008771929824561403,0.9996329553097201,high
binary,0.85,0.1,14,0.956140350877193,0.03070175438596491,0.05226453425742761,0.0043859649122807015,0.008771929824561403,0.9996329553100591,high
binary,0.85,0.1,15,0.9342105263157895,0.02631578947368421,0.05226453406428433,0.0,0.008771929824561403,0.9996329551169159,high
binary,0.85,0.1,16,0.9473684210526315,0.021929824561403508,0.052264289664904484,0.0043859649122807015,0.0043859649122807015,0.999632710717536,high
binary,0.85,0.1,17,0.9605263157894737,0.02631578947368421,0.05226453425742794,0.0,0.008771929824561403,0.9996329553100595,high
binary,0.85,0.1,18,0.9385964912280702,0.03508771929824561,0.05226448610342016,0.0,0.008771929824561403,0.9996329071560517,high
binary,0.85,0.1,19,0.9605263157894737,0.017543859649122806,0.05226453425742206,0.0,0.0043859649122807015,0.9996329553100536,high
binary,0.85,0.1,20,0.9517543859649122,0.039473684210526314,0.0522645342574275,0.0043859649122807015,0.008771929824561403,0.999632955310059,high
binary,0.85,0.1,21,0.9605263157894737,0.013157894736842105,0.05226453425742961,0.0,0.008771929824561403,0.9996329553100611,high
binary,0.85,0.1,22,0.9473684210526315,0.03070175438596491,0.052258223744607646,0.0043859649122807015,0.008771929824561403,0.9996266447972392,high
binary,0.85,0.1,23,0.9517543859649122,0.02631578947368421,0.05226453425740618,0.0,0.008771929824561403,0.9996329553100377,high
binary,0.85,0.1,24,0.9517543859649122,0.03508771929824561,0.05226453425205713,0.0043859649122807015,0.008771929824561403,0.9996329553046887,high
binary,0.85,0.1,25,0.9429824561403509,0.021929824561403508,0.04029997999021384,0.008771929824561403,0.0043859649122807015,0.9876684010428454,high
binary,0.85,0.1,26,0.9605263157894737,0.021929824561403508,0.052264534252075334,0.0043859649122807015,0.008771929824561403,0.9996329553047069,high
binary,0.85,0.1,27,0.9517543859649122,0.03070175438596491,0.0522645342574275,0.0,0.008771929824561403,0.999632955310059,high
binary,0.85,0.1,28,0.9298245614035088,0.021929824561403508,0.051437550680920485,0.008771929824561403,0.0043859649122807015,0.998805971733552,high
binary,0.85,0.1,29,0.956140350877193,0.02631578947368421,0.05226453425742794,0.0,0.008771929824561403,0.9996329553100595,high
binary,0.85,0.2,0,0.9429824561403509,0.02631578947368421,0.052264534251054595,0.0043859649122807015,0.0043859649122807015,0.9996329553036861,high
binary,0.85,0.2,1,0.956140350877193,0.02631578947368421,0.05226453425205613,0.0043859649122807015,0.008771929824561403,0.9996329553046877,high
binary,0.85,0.2,2,0.9473684210526315,0.03070175438596491,0.015118246188657647,0.0,0.0043859649122807015,0.9322501748639739,high
binary,0.85,0.2,3,0.9473684210526315,0.02631578947368421,0.05226453425206845,0.0043859649122807015,0.0043859649122807015,0.9996329553047,high
binary,0.85,0.2,4,0.9429824561403509,0.02631578947368421,0.052264534252055905,0.0043859649122807015,0.008771929824561403,0.9996329553046874,high
binary,0.85,0.2,5,0.9517543859649122,0.03070175438596491,0.05226438404704792,0.0,0.008771929824561403,0.9996328050996794,high
binary,0.85,0.2,6,0.9517543859649122,0.03508771929824561,0.05226453425205546,0.0043859649122807015,0.008771929824561403,0.999632955304687,high
binary,0.85,0.2,7,0.9385964912280702,0.03070175438596491,0.05226364113557136,0.0043859649122807015,0.008771929824561403,0.9996320621882029,high
binary,0.85,0.2,8,0.956140350877193,0.017543859649122806,0.05226453425205191,0.0043859649122807015,0.0043859649122807015,0.9996329553046834,high
binary,0.85,0.2,9,0.9254385964912281,0.03070175438596491,0.05143755068303635,0.0043859649122807015,0.0,0.9988059717356679,high
binary,0.85,0.2,10,0.956140350877193,0.021929824561403508,0.05226453425742783,0.0043859649122807015,0.008771929824561403,0.9996329553100594,high
binary,0.85,0.2,11,0.9517543859649122,0.02631578947368421,0.051437550686301625,0.0,0.0043859649122807015,0.9988059717389332,high
binary,0.85,0.2,12,0.9385964912280702,0.021929824561403508,0.0514375506862379,0.0,0.0,0.9988059717388694,high
binary,0.85,0.2,13,0.9429824561403509,0.02631578947368421,0.052264534257088546,0.0,0.008771929824561403,0.9996329553097201,high
binary,0.85,0.2,14,0.956140350877193,0.03070175438596491,0.05226453425742761,0.0043859649122807015,0.008771929824561403,0.9996329553100591,high
binary,0.85,0.2,15,0.9342105263157895,0.02631578947368421,0.05226453406428433,0.0,0.008771929824561403,0.9996329551169159,high
binary,0.85,0.2,16,0.9473684210526315,0.021929824561403508,0.052264289664904484,0.0043859649122807015,0.0043859649122807015,0.999632710717536,high
binary,0.85,0.2,17,0.9605263157894737,0.02631578947368421,0.05226453425742794,0.0,0.008771929824561403,0.9996329553100595,high
binary,0.85,0.2,18,0.9385964912280702,0.03508771929824561,0.05226448610342016,0.0,0.008771929824561403,0.9996329071560517,high
binary,0.85,0.2,19,0.9605263157894737,0.017543859649122806,0.05226453425742206,0.0,0.0043859649122807015,0.9996329553100536,high
binary,0.85,0.2,20,0.9517543859649122,0.039473684210526314,0.0522645342574275,0.0043859649122807015,0.008771929824561403,0.999632955310059,high
binary,0.85,0.2,21,0.9605263157894737,0.013157894736842105,0.05226453425742961,0.0,0.008771929824561403,0.9996329553100611,high
binary,0.85,0.2,22,0.9473684210526315,0.03070175438596491,0.052258223744607646,0.0043859649122807015,0.008771929824561403,0.9996266447972392,high
binary,0.85,0.2,23,0.9517543859649122,0.02631578947368421,0.05226453425740618,0.0,0.008771929824561403,0.9996329553100377,high
binary,0.85,0.2,24,0.9517543859649122,0.03508771929824561,0.05226453425205713,0.0043859649122807015,0.008771929824561403,0.9996329553046887,high
binary,0.85,0.2,25,0.9429824561403509,0.021929824561403508,0.04029997999021384,0.008771929824561403,0.0043859649122807015,0.9876684010428454,high
binary,0.85,0.2,26,0.9605263157894737,0.021929824561403508,0.052264534252075334,0.0043859649122807015,0.008771929824561403,0.9996329553047069,high
binary,0.85,0.2,27,0.9517543859649122,0.03070175438596491,0.0522645342574275,0.0,0.008771929824561403,0.999632955310059,high
binary,0.85,0.2,28,0.9298245614035088,0.021929824561403508,0.051437550680920485,0.008771929824561403,0.0043859649122807015,0.998805971733552,high
binary,0.85,0.2,29,0.956140350877193,0.02631578947368421,0.05226453425742794,0.0,0.008771929824561403,0.9996329553100595,high
binary,0.85,0.3,0,0.9473684210526315,0.021929824561403508,0.05226454968812555,0.0043859649122807015,0.008771929824561403,0.9996329707407571,high
binary,0.85,0.3,1,0.9605263157894737,0.021929824561403508,0.052264549689127304,0.0043859649122807015,0.013157894736842105,0.9996329707417588,high
binary,0.85,0.3,2,0.9473684210526315,0.03070175438596491,0.015118246188657647,0.0,0.0043859649122807015,0.9322501748639739,high
binary,0.85,0.3,3,0.9517543859649122,0.021929824561403508,0.05226454968913952,0.0043859649122807015,0.008771929824561403,0.999632970741771,high
binary,0.85,0.3,4,0.9473684210526315,0.021929824561403508,0.05226454968912708,0.0043859649122807015,0.013157894736842105,0.9996329707417586,high
binary,0.85,0.3,5,0.9517543859649122,0.03070175438596491,0.05226438404704792,0.0,0.008771929824561403,0.9996328050996794,high
binary,0.85,0.3,6,0.956140350877193,0.03070175438596491,0.05226454968912653,0.0043859649122807015,0.013157894736842105,0.999632970741758,high
binary,0.85,0.3,7,0.9429824561403509,0.02631578947368421,0.052263656572642425,0.0043859649122807015,0.013157894736842105,0.999632077625274,high
binary,0.85,0.3,8,0.956140350877193,0.017543859649122806,0.05226453425205191,0.0043859649122807015,0.0043859649122807015,0.9996329553046834,high
binary,0.85,0.3,9,0.9298245614035088,0.02631578947368421,0.05143756612010719,0.0043859649122807015,0.0043859649122807015,0.9988059871727387,high
binary,0.85,0.3,10,0.956140350877193,0.021929824561403508,0.05226453425742783,0.0043859649122807015,0.008771929824561403,0.9996329553100594,high
binary,0.85,0.3,11,0.956140350877193,0.021929824561403508,0.05143756612337291,0.0,0.008771929824561403,0.9988059871760044,high
binary,0.85,0.3,12,0.9385964912280702,0.021929824561403508,0.0514375506862379,0.0,0.0,0.9988059717388694,high
binary,0.85,0.3,13,0.9429824561403509,0.02631578947368421,0.052264534257088546,0.0,0.008771929824561403,0.9996329553097201,high
binary,0.85,0.3,14,0.9605263157894737,0.02631578947368421,0.052264549694498785,0.0043859649122807015,0.013157894736842105,0.9996329707471303,high
binary,0.85,0.3,15,0.9342105263157895,0.02631578947368421,0.05226453406428433,0.0,0.008771929824561403,0.9996329551169159,high
binary,0.85,0.3,16,0.9473684210526315,0.021929824561403508,0.052264289664904484,0.0043859649122807015,0.0043859649122807015,0.999632710717536,high
binary,0.85,0.3,17,0.9649122807017544,0.021929824561403508,0.05226454969449912,0.0,0.013157894736842105,0.9996329707471306,high
binary,0.85,0.3,18,0.9473684210526315,0.03070175438596491,0.05226454969449745,0.0,0.013157894736842105,0.999632970747129,high
binary,0.85,0.3,19,0.9649122807017544,0.013157894736842105,0.05226454969449312,0.0,0.008771929824561403,0.9996329707471246,high
binary,0.85,0.3,20,0.956140350877193,0.03508771929824561,0.052264549694498674,0.0043859649122807015,0.013157894736842105,0.9996329707471302,high
binary,0.85,0.3,21,0.9605263157894737,0.013157894736842105,0.05226453425742961,0.0,0.008771929824561403,0.9996329553100611,high
binary,0.85,0.3,22,0.9517543859649122,0.02631578947368421,0.052258239181678934,0.0043859649122807015,0.013157894736842105,0.9996266602343105,high
binary,0.85,0.3,23,0.9517543859649122,0.02631578947368421,0.05226453425740618,0.0,0.008771929824561403,0.9996329553100377,high
binary,0.85,0.3,24,0.956140350877193,0.03070175438596491,0.05226454968912819,0.0043859649122807015,0.013157894736842105,0.9996329707417597,high
binary,0.85,0.3,25,0.9429824561403509,0.021929824561403508,0.040299903179335295,0.008771929824561403,0.008771929824561403,0.9876683242319668,high
binary,0.85,0.3,26,0.9649122807017544,0.017543859649122806,0.05226454968914651,0.0043859649122807015,0.013157894736842105,0.999632970741778,high
binary,0.85,0.3,27,0.9517543859649122,0.03070175438596491,0.0522645342574275,0.0,0.008771929824561403,0.999632955310059,high
binary,0.85,0.3,28,0.9298245614035088,0.021929824561403508,0.051437550680920485,0.008771929824561403,0.0043859649122807015,0.998805971733552,high
binary,0.85,0.3,29,0.9605263157894737,0.021929824561403508,0.052264549694498896,0.0,0.013157894736842105,0.9996329707471304,high
binary,0.85,0.4,0,0.9517543859649122,0.013157894736842105,0.05226454968795724,0.008771929824561403,0.021929824561403508,0.9996329707405888,high
binary,0.85,0.4,1,0.9692982456140351,0.013157894736842105,0.052264549689145845,0.0043859649122807015,0.021929824561403508,0.9996329707417774,high
binary,0.85,0.4,2,0.9473684210526315,0.021929824561403508,0.015179650617101026,0.008771929824561403,0.013157894736842105,0.9321887704355305,high
binary,0.85,0.4,3,0.9385964912280702,0.021929824561403508,0.052264545479976166,0.013157894736842105,0.013157894736842105,0.9996329665326077,high
binary,0.85,0.4,4,0.9473684210526315,0.017543859649122806,0.04421758821831179,0.008771929824561403,0.017543859649122806,0.9915860092709433,high
binary,0.85,0.4,5,0.9517543859649122,0.021929824561403508,0.044217418370834705,0.008771929824561403,0.021929824561403508,0.9915858394234662,high
binary,0.85,0.4,6,0.9649122807017544,0.021929824561403508,0.05226454968790184,0.008771929824561403,0.021929824561403508,0.9996329707405334,high
binary,0.85,0.4,7,0.956140350877193,0.013157894736842105,0.052263656572495876,0.008771929824561403,0.02631578947368421,0.9996320776251274,high
binary,0.85,0.4,8,0.956140350877193,0.008771929824561403,0.052264534250816896,0.013157894736842105,0.013157894736842105,0.9996329553034484,high
binary,0.85,0.4,9,0.9429824561403509,0.017543859649122806,0.05143756612446404,0.0043859649122807015,0.013157894736842105,0.9988059871770956,high
binary,0.85,0.4,10,0.956140350877193,0.013157894736842105,0.05220312982898445,0.013157894736842105,0.017543859649122806,0.999571550881616,high
binary,0.85,0.4,11,0.956140350877193,0.017543859649122806,0.051437566123186174,0.0043859649122807015,0.017543859649122806,0.9988059871758177,high
binary,0.85,0.4,12,0.9342105263157895,0.017543859649122806,0.056998853741156985,0.008771929824561403,0.0043859649122807015,0.8903695673114745,high
binary,0.85,0.4,13,0.956140350877193,0.013157894736842105,0.052264534258164574,0.0,0.021929824561403508,0.9996329553107961,high
binary,0.85,0.4,14,0.9692982456140351,0.013157894736842105,0.052264545489119185,0.008771929824561403,0.02631578947368421,0.9996329665417507,high
binary,0.85,0.4,15,0.956140350877193,0.017543859649122806,0.05226453425725841,0.0043859649122807015,0.017543859649122806,0.9996329553098899,high
binary,0.85,0.4,16,0.9473684210526315,0.013157894736842105,0.052264285458280435,0.013157894736842105,0.017543859649122806,0.999632706510912,high
binary,0.85,0.4,17,0.9692982456140351,0.013157894736842105,0.05220314526712233,0.0043859649122807015,0.02631578947368421,0.9995715663197539,high
binary,0.85,0.4,18,0.956140350877193,0.021929824561403508,0.052264549693272655,0.0043859649122807015,0.021929824561403508,0.9996329707459042,high
binary,0.85,0.4,19,0.9692982456140351,0.0043859649122807015,0.05226454969326766,0.0043859649122807015,0.017543859649122806,0.9996329707458992,high
binary,0.85,0.4,20,0.9692982456140351,0.021929824561403508,0.0522645496955747,0.0043859649122807015,0.02631578947368421,0.9996329707482062,high
binary,0.85,0.4,21,0.9649122807017544,0.008771929824561403,0.0522645342574477,0.0,0.017543859649122806,0.9996329553100792,high
binary,0.85,0.4,22,0.9649122807017544,0.013157894736842105,0.05225823918275485,0.0043859649122807015,0.02631578947368421,0.9996266602353864,high
binary,0.85,0.4,23,0.9605263157894737,0.013157894736842105,0.05611046574274037,0.008771929824561403,0.021929824561403508,0.8912579553098912,high
binary,0.85,0.4,24,0.9605263157894737,0.017543859649122806,0.04421758821812671,0.013157894736842105,0.02631578947368421,0.9915860092707582,high
binary,0.85,0.4,25,0.9429824561403509,0.017543859649122806,0.03225294170851878,0.013157894736842105,0.017543859649122806,0.9796213627611503,high
binary,0.85,0.4,26,0.9692982456140351,0.008771929824561403,0.052570082265592344,0.008771929824561403,0.021929824561403508,0.9999385033182239,high
binary,0.85,0.4,27,0.9517543859649122,0.017543859649122806,0.044156168357973646,0.013157894736842105,0.021929824561403508,0.9915245894106052,high
binary,0.85,0.4,28,0.9385964912280702,0.008771929824561403,0.0433905892099673,0.017543859649122806,0.017543859649122806,0.9907590102625988,high
binary,0.85,0.4,29,0.9649122807017544,0.021929824561403508,0.05226454969449845,0.0,0.017543859649122806,0.99963297074713,high
binary,0.85,0.45,0,0.9517543859649122,0.0043859649122807015,0.05221220357920464,0.017543859649122806,0.03070175438596491,0.9995806246318362,high
binary,0.85,0.45,1,0.9736842105263158,0.0,0.0522122035803948,0.013157894736842105,0.03508771929824561,0.9995806246330263,high
binary,0.85,0.45,2,0.9649122807017544,0.0043859649122807015,0.015179558369148194,0.008771929824561403,0.03070175438596491,0.9321888626834833,high
binary,0.85,0.45,3,0.9473684210526315,0.008771929824561403,0.05226463772763912,0.017543859649122806,0.02631578947368421,0.9996330587802706,high
binary,0.85,0.45,4,0.9473684210526315,0.0043859649122807015,0.04416514986132458,0.021929824561403508,0.03070175438596491,0.9915335709139561,high
binary,0.85,0.45,5,0.956140350877193,0.008771929824561403,0.04421741622236497,0.021929824561403508,0.03508771929824561,0.9915858372749965,high
binary,0.85,0.45,6,0.9780701754385965,0.0043859649122807015,0.052264397343336766,0.013157894736842105,0.039473684210526314,0.9996328183959683,high
binary,0.85,0.45,7,0.9605263157894737,0.0043859649122807015,0.05226365657220944,0.017543859649122806,0.03508771929824561,0.999632077624841,high
binary,0.85,0.45,8,0.9649122807017544,0.0,0.05226462649876684,0.013157894736842105,0.02631578947368421,0.9996330475513984,high
binary,0.85,0.45,9,0.9473684210526315,0.008771929824561403,0.05143741377989741,0.008771929824561403,0.02631578947368421,0.9988058348325289,high
binary,0.85,0.45,10,0.9517543859649122,0.008771929824561403,0.052202885236179886,0.021929824561403508,0.02631578947368421,0.9995713062888114,high
binary,0.85,0.45,11,0.956140350877193,0.008771929824561403,0.05143732153038205,0.017543859649122806,0.02631578947368421,0.9988057425830136,high
binary,0.85,0.45,12,0.9517543859649122,0.0043859649122807015,0.05699900608567432,0.013157894736842105,0.021929824561403508,0.8903694149669572,high
binary,0.85,0.45,13,0.9649122807017544,0.0043859649122807015,0.05226453425816646,0.0,0.03070175438596491,0.999632955310798,high
binary,0.85,0.45,14,0.9649122807017544,0.0043859649122807015,0.052264545176459065,0.021929824561403508,0.03508771929824561,0.9996329662290906,high
binary,0.85,0.45,15,0.9517543859649122,0.008771929824561403,0.05226453425687405,0.013157894736842105,0.02631578947368421,0.9996329553095056,high
binary,0.85,0.45,16,0.9429824561403509,0.008771929824561403,0.052264377706122245,0.021929824561403508,0.02631578947368421,0.9996327987587538,high
binary,0.85,0.45,17,0.9780701754385965,0.0043859649122807015,0.052203145267123996,0.0043859649122807015,0.03508771929824561,0.9995715663197555,high
binary,0.85,0.45,18,0.9605263157894737,0.008771929824561403,0.05183295134818211,0.013157894736842105,0.03508771929824561,0.9992013724008136,high
binary,0.85,0.45,19,0.9649122807017544,0.0,0.05183285910022706,0.013157894736842105,0.02631578947368421,0.9992012801528586,high
binary,0.85,0.45,20,0.9780701754385965,0.008771929824561403,0.05226439735100852,0.008771929824561403,0.039473684210526314,0.99963281840364,high
binary,0.85,0.45,21,0.9692982456140351,0.0,0.052264626505110545,0.0043859649122807015,0.03070175438596491,0.9996330475577421,high
binary,0.85,0.45,22,0.9692982456140351,0.0,0.05067384609186554,0.013157894736842105,0.039473684210526314,0.9980422671444971,high
binary,0.85,0.45,23,0.9605263157894737,0.0043859649122807015,0.05611061808759654,0.017543859649122806,0.03070175438596491,0.891257802965035,high
binary,0.85,0.45,24,0.9517543859649122,0.008771929824561403,0.04420724991676683,0.021929824561403508,0.043859649122807015,0.9915756709693984,high
binary,0.85,0.45,25,0.956140350877193,0.0043859649122807015,0.03225303395647139,0.013157894736842105,0.03508771929824561,0.9796214550091029,high
binary,0.85,0.45,26,0.9736842105263158,0.0,0.05251798074935765,0.013157894736842105,0.03508771929824561,0.9998864018019892,high
binary,0.85,0.45,27,0.9605263157894737,0.008771929824561403,0.04415616835797542,0.013157894736842105,0.03070175438596491,0.991524589410607,high
binary,0.85,0.45,28,0.9385964912280702,0.0043859649122807015,0.04339068145762881,0.021929824561403508,0.02631578947368421,0.9907591025102603,high
binary,0.85,0.45,29,0.9736842105263158,0.008771929824561403,0.052264641630117126,0.0043859649122807015,0.03508771929824561,0.9996330626827487,high
binary,0.85,0.5,0,0.8464912280701754,0.0,0.0038463068775563825,0.14035087719298245,0.039473684210526314,0.9435221141750751,high
binary,0.85,0.5,1,0.8640350877192983,0.0,0.011950305720742072,0.12280701754385964,0.039473684210526314,0.9593187267733736,high
binary,0.85,0.5,2,0.868421052631579,0.0,0.032581891535451435,0.11403508771929824,0.03508771929824561,0.9147865295171801,high
binary,0.85,0.5,3,0.8596491228070176,0.0,0.024140805118478714,0.12280701754385964,0.03508771929824561,0.9715092261711102,high
binary,0.85,0.5,4,0.8333333333333334,0.0,0.21039689447705323,0.14912280701754385,0.03508771929824561,0.7369715265755783,high
binary,0.85,0.5,5,0.8508771929824561,0.0,0.037404497785973434,0.14035087719298245,0.043859649122807015,0.9099639232666581,high
binary,0.85,0.5,6,0.8596491228070176,0.0,0.01585641759752754,0.13596491228070176,0.04824561403508772,0.931512003455104,high
binary,0.85,0.5,7,0.8728070175438597,0.0,0.002878806746568263,0.11842105263157894,0.043859649122807015,0.9502472277991998,high
binary,0.85,0.5,8,0.8508771929824561,0.0,0.20385763642755828,0.12719298245614036,0.03070175438596491,0.7435107846250733,high
binary,0.85,0.5,9,0.8289473684210527,0.0,0.12495577143662284,0.15350877192982457,0.03508771929824561,0.8224126496160087,high
binary,0.85,0.5,10,0.8508771929824561,0.0,0.1409704954830362,0.13157894736842105,0.03508771929824561,0.8063979255695953,high
binary,0.85,0.5,11,0.8991228070175439,0.0,0.03210287457738603,0.08333333333333333,0.03508771929824561,0.9794712956300176,high
binary,0.85,0.5,12,0.8289473684210527,0.0,0.25253134326183957,0.14912280701754385,0.03070175438596491,0.694837077790792,high
binary,0.85,0.5,13,0.8333333333333334,0.0,0.04494586043915205,0.14473684210526316,0.03508771929824561,0.9923142814917836,high
binary,0.85,0.5,14,0.8728070175438597,0.0,0.042778015460543384,0.11842105263157894,0.043859649122807015,0.9901464365131749,high
binary,0.85,0.5,15,0.8377192982456141,0.0,0.1623793361575847,0.14035087719298245,0.03508771929824561,0.7849890848950468,high
binary,0.85,0.5,16,0.8464912280701754,0.0,0.052530844205132765,0.13596491228070176,0.03508771929824561,0.9998992652577643,high
binary,0.85,0.5,17,0.8640350877192983,0.0,0.02571505524452211,0.12280701754385964,0.039473684210526314,0.9730834762971536,high
binary,0.85,0.5,18,0.8333333333333334,0.0,0.15981218425210886,0.15789473684210525,0.043859649122807015,0.7875562368005227,high
binary,0.85,0.5,19,0.8596491228070176,0.0,0.11354508865053448,0.11842105263157894,0.03070175438596491,0.833823332402097,high
binary,0.85,0.5,20,0.9166666666666666,0.0,0.056726484760933005,0.07894736842105263,0.04824561403508772,0.8906419362916985,high
binary,0.85,0.5,21,0.8728070175438597,0.0,0.00019266945453322304,0.10526315789473684,0.03070175438596491,0.9475610905071647,high
binary,0.85,0.5,22,0.881578947368421,0.0,0.0438218334858248,0.10526315789473684,0.039473684210526314,0.9911902545384563,high
binary,0.85,0.5,23,0.8640350877192983,0.0,0.07796059333441474,0.12280701754385964,0.039473684210526314,0.8694078277182168,high
binary,0.85,0.5,24,0.8771929824561403,0.0,0.013123944758382411,0.12280701754385964,0.05263157894736842,0.9342444762942491,high
binary,0.85,0.5,25,0.8728070175438597,0.0,0.1888223690222468,0.11403508771929824,0.039473684210526314,0.7585460520303847,high
binary,0.85,0.5,26,0.868421052631579,0.0,0.041165793361794156,0.12280701754385964,0.043859649122807015,0.9885342144144257,high
binary,0.85,0.5,27,0.868421052631579,0.0,0.17896502927039803,0.11842105263157894,0.039473684210526314,0.7684033917822335,high
binary,0.85,0.5,28,0.8026315789473685,0.0,0.020732689961926898,0.17982456140350878,0.03508771929824561,0.9681011110145584,high
binary,0.85,0.5,29,0.8859649122807017,0.0,0.06475217472673123,0.10526315789473684,0.043859649122807015,0.8826162463259003,high
binary,0.85,0.55,0,0.8464912280701754,0.0,0.0038463068775563825,0.14035087719298245,0.039473684210526314,0.9435221141750751,high
binary,0.85,0.55,1,0.8640350877192983,0.0,0.011950305720742072,0.12280701754385964,0.039473684210526314,0.9593187267733736,high
binary,0.85,0.55,2,0.868421052631579,0.0,0.032581891535451435,0.11403508771929824,0.03508771929824561,0.9147865295171801,high
binary,0.85,0.55,3,0.8596491228070176,0.0,0.024140805118478714,0.12280701754385964,0.03508771929824561,0.9715092261711102,high
binary,0.85,0.55,4,0.8333333333333334,0.0,0.21039689447705323,0.14912280701754385,0.03508771929824561,0.7369715265755783,high
binary,0.85,0.55,5,0.8464912280701754,0.0,0.037404497977785556,0.14473684210526316,0.043859649122807015,0.909963923074846,high
binary,0.85,0.55,6,0.8596491228070176,0.0,0.01585641759752754,0.13596491228070176,0.04824561403508772,0.931512003455104,high
binary,0.85,0.55,7,0.8728070175438597,0.0,0.002878806746568263,0.11842105263157894,0.043859649122807015,0.9502472277991998,high
binary,0.85,0.55,8,0.8508771929824561,0.0,0.20385763642755828,0.12719298245614036,0.03070175438596491,0.7435107846250733,high
binary,0.85,0.55,9,0.8289473684210527,0.0,0.12495577143662284,0.15350877192982457,0.03508771929824561,0.8224126496160087,high
binary,0.85,0.55,10,0.8464912280701754,0.0,0.14097049567484843,0.13596491228070176,0.03508771929824561,0.8063979253777831,high
binary,0.85,0.55,11,0.8991228070175439,0.0,0.03210287457738603,0.08333333333333333,0.03508771929824561,0.9794712956300176,high
binary,0.85,0.55,12,0.8289473684210527,0.0,0.25253134326183957,0.14912280701754385,0.03070175438596491,0.694837077790792,high
binary,0.85,0.55,13,0.8333333333333334,0.0,0.04494586043915205,0.14912280701754385,0.03508771929824561,0.9923142814917836,high
binary,0.85,0.55,14,0.8728070175438597,0.0,0.042778015460543384,0.11842105263157894,0.043859649122807015,0.9901464365131749,high
binary,0.85,0.55,15,0.8377192982456141,0.0,0.1623793361575847,0.14473684210526316,0.03508771929824561,0.7849890848950468,high
binary,0.85,0.55,16,0.8464912280701754,0.0,0.052530844205132765,0.13596491228070176,0.03508771929824561,0.9998992652577643,high
binary,0.85,0.55,17,0.8640350877192983,0.0,0.02571505524452211,0.12280701754385964,0.039473684210526314,0.9730834762971536,high
binary,0.85,0.55,18,0.8333333333333334,0.0,0.15981218425210886,0.15789473684210525,0.043859649122807015,0.7875562368005227,high
binary,0.85,0.55,19,0.8596491228070176,0.0,0.11354508865053448,0.11842105263157894,0.03070175438596491,0.833823332402097,high
binary,0.85,0.55,20,0.9122807017543859,0.0,0.056726484952745126,0.08333333333333333,0.04824561403508772,0.8906419360998864,high
binary,0.85,0.55,21,0.8728070175438597,0.0,0.00019266945453322304,0.10526315789473684,0.03070175438596491,0.9475610905071647,high
binary,0.85,0.55,22,0.881578947368421,0.0,0.0438218334858248,0.10526315789473684,0.039473684210526314,0.9911902545384563,high
binary,0.85,0.55,23,0.8640350877192983,0.0,0.07796059333441474,0.12280701754385964,0.039473684210526314,0.8694078277182168,high
binary,0.85,0.55,24,0.8771929824561403,0.0,0.013123944758382411,0.12280701754385964,0.05263157894736842,0.9342444762942491,high
binary,0.85,0.55,25,0.8728070175438597,0.0,0.1888223690222468,0.11403508771929824,0.039473684210526314,0.7585460520303847,high
binary,0.85,0.55,26,0.8640350877192983,0.0,0.041165793169982146,0.12719298245614036,0.043859649122807015,0.9885342142226137,high
binary,0.85,0.55,27,0.868421052631579,0.0,0.17896502927039803,0.11842105263157894,0.039473684210526314,0.7684033917822335,high
binary,0.85,0.55,28,0.8026315789473685,0.0,0.020732689961926898,0.17982456140350878,0.03508771929824561,0.9681011110145584,high
binary,0.85,0.55,29,0.881578947368421,0.0,0.06475217491854335,0.10964912280701754,0.043859649122807015,0.8826162461340882,high
binary,0.85,0.6,0,0.8464912280701754,0.0,0.0038463068775563825,0.14035087719298245,0.039473684210526314,0.9435221141750751,high
binary,0.85,0.6,1,0.8640350877192983,0.0,0.011950305720742072,0.12280701754385964,0.039473684210526314,0.9593187267733736,high
binary,0.85,0.6,2,0.868421052631579,0.0,0.032581891535451435,0.11403508771929824,0.03508771929824561,0.9147865295171801,high
binary,0.85,0.6,3,0.8596491228070176,0.0,0.024140805118478714,0.12280701754385964,0.03508771929824561,0.9715092261711102,high
binary,0.85,0.6,4,0.8333333333333334,0.0,0.21039689447705323,0.14912280701754385,0.03508771929824561,0.7369715265755783,high
binary,0.85,0.6,5,0.8464912280701754,0.0,0.037404497977785556,0.14473684210526316,0.043859649122807015,0.909963923074846,high
binary,0.85,0.6,6,0.8596491228070176,0.0,0.01585641759752754,0.13596491228070176,0.04824561403508772,0.931512003455104,high
binary,0.85,0.6,7,0.8728070175438597,0.0,0.002878806746568263,0.11842105263157894,0.043859649122807015,0.9502472277991998,high
binary,0.85,0.6,8,0.8508771929824561,0.0,0.20385763642755828,0.12719298245614036,0.03070175438596491,0.7435107846250733,high
binary,0.85,0.6,9,0.8289473684210527,0.0,0.12495577143662284,0.15350877192982457,0.03508771929824561,0.8224126496160087,high
binary,0.85,0.6,10,0.8464912280701754,0.0,0.14097049567484843,0.13596491228070176,0.03508771929824561,0.8063979253777831,high
binary,0.85,0.6,11,0.8991228070175439,0.0,0.03210287457738603,0.08333333333333333,0.03508771929824561,0.9794712956300176,high
binary,0.85,0.6,12,0.8289473684210527,0.0,0.25253134326183957,0.14912280701754385,0.03070175438596491,0.694837077790792,high
binary,0.85,0.6,13,0.8333333333333334,0.0,0.04494586043915205,0.14912280701754385,0.03508771929824561,0.9923142814917836,high
binary,0.85,0.6,14,0.8728070175438597,0.0,0.042778015460543384,0.11842105263157894,0.043859649122807015,0.9901464365131749,high
binary,0.85,0.6,15,0.8377192982456141,0.0,0.1623793361575847,0.14473684210526316,0.03508771929824561,0.7849890848950468,high
binary,0.85,0.6,16,0.8464912280701754,0.0,0.052530844205132765,0.13596491228070176,0.03508771929824561,0.9998992652577643,high
binary,0.85,0.6,17,0.8640350877192983,0.0,0.02571505524452211,0.12280701754385964,0.039473684210526314,0.9730834762971536,high
binary,0.85,0.6,18,0.8333333333333334,0.0,0.15981218425210886,0.15789473684210525,0.043859649122807015,0.7875562368005227,high
binary,0.85,0.6,19,0.8596491228070176,0.0,0.11354508865053448,0.11842105263157894,0.03070175438596491,0.833823332402097,high
binary,0.85,0.6,20,0.9122807017543859,0.0,0.056726484952745126,0.08333333333333333,0.04824561403508772,0.8906419360998864,high
binary,0.85,0.6,21,0.8728070175438597,0.0,0.00019266945453322304,0.10526315789473684,0.03070175438596491,0.9475610905071647,high
binary,0.85,0.6,22,0.881578947368421,0.0,0.0438218334858248,0.10526315789473684,0.039473684210526314,0.9911902545384563,high
binary,0.85,0.6,23,0.8640350877192983,0.0,0.07796059333441474,0.12280701754385964,0.039473684210526314,0.8694078277182168,high
binary,0.85,0.6,24,0.8771929824561403,0.0,0.013123944758382411,0.12280701754385964,0.05263157894736842,0.9342444762942491,high
binary,0.85,0.6,25,0.8728070175438597,0.0,0.1888223690222468,0.11403508771929824,0.039473684210526314,0.7585460520303847,high
binary,0.85,0.6,26,0.8640350877192983,0.0,0.041165793169982146,0.12719298245614036,0.043859649122807015,0.9885342142226137,high
binary,0.85,0.6,27,0.868421052631579,0.0,0.17896502927039803,0.11842105263157894,0.039473684210526314,0.7684033917822335,high
binary,0.85,0.6,28,0.8026315789473685,0.0,0.020732689961926898,0.17982456140350878,0.03508771929824561,0.9681011110145584,high
binary,0.85,0.6,29,0.881578947368421,0.0,0.06475217491854335,0.10964912280701754,0.043859649122807015,0.8826162461340882,high
binary,0.85,0.7,0,0.8464912280701754,0.0,0.0038463068775563825,0.14035087719298245,0.039473684210526314,0.9435221141750751,high
binary,0.85,0.7,1,0.8640350877192983,0.0,0.011950305720742072,0.12280701754385964,0.039473684210526314,0.9593187267733736,high
binary,0.85,0.7,2,0.868421052631579,0.0,0.032581891535451435,0.11403508771929824,0.03508771929824561,0.9147865295171801,high
binary,0.85,0.7,3,0.8596491228070176,0.0,0.024140805118478714,0.12280701754385964,0.03508771929824561,0.9715092261711102,high
binary,0.85,0.7,4,0.8333333333333334,0.0,0.21039689447705323,0.14912280701754385,0.03508771929824561,0.7369715265755783,high
binary,0.85,0.7,5,0.8464912280701754,0.0,0.037404497977785556,0.14473684210526316,0.043859649122807015,0.909963923074846,high
binary,0.85,0.7,6,0.8596491228070176,0.0,0.01585641759752754,0.13596491228070176,0.04824561403508772,0.931512003455104,high
binary,0.85,0.7,7,0.8728070175438597,0.0,0.002878806746568263,0.11842105263157894,0.043859649122807015,0.9502472277991998,high
binary,0.85,0.7,8,0.8508771929824561,0.0,0.20385763642755828,0.12719298245614036,0.03070175438596491,0.7435107846250733,high
binary,0.85,0.7,9,0.8289473684210527,0.0,0.12495577143662284,0.15350877192982457,0.03508771929824561,0.8224126496160087,high
binary,0.85,0.7,10,0.8464912280701754,0.0,0.14097049567484843,0.13596491228070176,0.03508771929824561,0.8063979253777831,high
binary,0.85,0.7,11,0.8991228070175439,0.0,0.03210287457738603,0.08333333333333333,0.03508771929824561,0.9794712956300176,high
binary,0.85,0.7,12,0.8289473684210527,0.0,0.25253134326183957,0.14912280701754385,0.03070175438596491,0.694837077790792,high
binary,0.85,0.7,13,0.8333333333333334,0.0,0.04494586043915205,0.14912280701754385,0.03508771929824561,0.9923142814917836,high
binary,0.85,0.7,14,0.8728070175438597,0.0,0.042778015460543384,0.11842105263157894,0.043859649122807015,0.9901464365131749,high
binary,0.85,0.7,15,0.8377192982456141,0.0,0.1623793361575847,0.14473684210526316,0.03508771929824561,0.7849890848950468,high
binary,0.85,0.7,16,0.8464912280701754,0.0,0.052530844205132765,0.13596491228070176,0.03508771929824561,0.9998992652577643,high
binary,0.85,0.7,17,0.8640350877192983,0.0,0.02571505524452211,0.12280701754385964,0.039473684210526314,0.9730834762971536,high
binary,0.85,0.7,18,0.8333333333333334,0.0,0.15981218425210886,0.15789473684210525,0.043859649122807015,0.7875562368005227,high
binary,0.85,0.7,19,0.8596491228070176,0.0,0.11354508865053448,0.11842105263157894,0.03070175438596491,0.833823332402097,high
binary,0.85,0.7,20,0.9122807017543859,0.0,0.056726484952745126,0.08333333333333333,0.04824561403508772,0.8906419360998864,high
binary,0.85,0.7,21,0.8728070175438597,0.0,0.00019266945453322304,0.10526315789473684,0.03070175438596491,0.9475610905071647,high
binary,0.85,0.7,22,0.881578947368421,0.0,0.0438218334858248,0.10526315789473684,0.039473684210526314,0.9911902545384563,high
binary,0.85,0.7,23,0.8640350877192983,0.0,0.07796059333441474,0.12280701754385964,0.039473684210526314,0.8694078277182168,high
binary,0.85,0.7,24,0.8771929824561403,0.0,0.013123944758382411,0.12280701754385964,0.05263157894736842,0.9342444762942491,high
binary,0.85,0.7,25,0.8728070175438597,0.0,0.1888223690222468,0.11403508771929824,0.039473684210526314,0.7585460520303847,high
binary,0.85,0.7,26,0.8640350877192983,0.0,0.041165793169982146,0.12719298245614036,0.043859649122807015,0.9885342142226137,high
binary,0.85,0.7,27,0.868421052631579,0.0,0.17896502927039803,0.11842105263157894,0.039473684210526314,0.7684033917822335,high
binary,0.85,0.7,28,0.8026315789473685,0.0,0.020732689961926898,0.17982456140350878,0.03508771929824561,0.9681011110145584,high
binary,0.85,0.7,29,0.881578947368421,0.0,0.06475217491854335,0.10964912280701754,0.043859649122807015,0.8826162461340882,high
binary,0.85,0.85,0,0.8464912280701754,0.0,0.0038463068775563825,0.14035087719298245,0.039473684210526314,0.9435221141750751,high
binary,0.85,0.85,1,0.8640350877192983,0.0,0.011950305720742072,0.12280701754385964,0.039473684210526314,0.9593187267733736,high
binary,0.85,0.85,2,0.868421052631579,0.0,0.032581891535451435,0.11403508771929824,0.03508771929824561,0.9147865295171801,high
binary,0.85,0.85,3,0.8596491228070176,0.0,0.024140805118478714,0.12280701754385964,0.03508771929824561,0.9715092261711102,high
binary,0.85,0.85,4,0.8333333333333334,0.0,0.21039689447705323,0.14912280701754385,0.03508771929824561,0.7369715265755783,high
binary,0.85,0.85,5,0.8464912280701754,0.0,0.037404497977785556,0.14473684210526316,0.043859649122807015,0.909963923074846,high
binary,0.85,0.85,6,0.8596491228070176,0.0,0.01585641759752754,0.13596491228070176,0.04824561403508772,0.931512003455104,high
binary,0.85,0.85,7,0.8728070175438597,0.0,0.002878806746568263,0.11842105263157894,0.043859649122807015,0.9502472277991998,high
binary,0.85,0.85,8,0.8508771929824561,0.0,0.20385763642755828,0.12719298245614036,0.03070175438596491,0.7435107846250733,high
binary,0.85,0.85,9,0.8289473684210527,0.0,0.12495577143662284,0.15350877192982457,0.03508771929824561,0.8224126496160087,high
binary,0.85,0.85,10,0.8464912280701754,0.0,0.14097049567484843,0.13596491228070176,0.03508771929824561,0.8063979253777831,high
binary,0.85,0.85,11,0.8991228070175439,0.0,0.03210287457738603,0.08333333333333333,0.03508771929824561,0.9794712956300176,high
binary,0.85,0.85,12,0.8289473684210527,0.0,0.25253134326183957,0.14912280701754385,0.03070175438596491,0.694837077790792,high
binary,0.85,0.85,13,0.8333333333333334,0.0,0.04494586043915205,0.14912280701754385,0.03508771929824561,0.9923142814917836,high
binary,0.85,0.85,14,0.8728070175438597,0.0,0.042778015460543384,0.11842105263157894,0.043859649122807015,0.9901464365131749,high
binary,0.85,0.85,15,0.8377192982456141,0.0,0.1623793361575847,0.14473684210526316,0.03508771929824561,0.7849890848950468,high
binary,0.85,0.85,16,0.8464912280701754,0.0,0.052530844205132765,0.13596491228070176,0.03508771929824561,0.9998992652577643,high
binary,0.85,0.85,17,0.8640350877192983,0.0,0.02571505524452211,0.12280701754385964,0.039473684210526314,0.9730834762971536,high
binary,0.85,0.85,18,0.8333333333333334,0.0,0.15981218425210886,0.15789473684210525,0.043859649122807015,0.7875562368005227,high
binary,0.85,0.85,19,0.8596491228070176,0.0,0.11354508865053448,0.11842105263157894,0.03070175438596491,0.833823332402097,high
binary,0.85,0.85,20,0.9122807017543859,0.0,0.056726484952745126,0.08333333333333333,0.04824561403508772,0.8906419360998864,high
binary,0.85,0.85,21,0.8728070175438597,0.0,0.00019266945453322304,0.10526315789473684,0.03070175438596491,0.9475610905071647,high
binary,0.85,0.85,22,0.881578947368421,0.0,0.0438218334858248,0.10526315789473684,0.039473684210526314,0.9911902545384563,high
binary,0.85,0.85,23,0.8640350877192983,0.0,0.07796059333441474,0.12280701754385964,0.039473684210526314,0.8694078277182168,high
binary,0.85,0.85,24,0.8771929824561403,0.0,0.013123944758382411,0.12280701754385964,0.05263157894736842,0.9342444762942491,high
binary,0.85,0.85,25,0.8728070175438597,0.0,0.1888223690222468,0.11403508771929824,0.039473684210526314,0.7585460520303847,high
binary,0.85,0.85,26,0.8640350877192983,0.0,0.041165793169982146,0.12719298245614036,0.043859649122807015,0.9885342142226137,high
binary,0.85,0.85,27,0.868421052631579,0.0,0.17896502927039803,0.11842105263157894,0.039473684210526314,0.7684033917822335,high
binary,0.85,0.85,28,0.8026315789473685,0.0,0.020732689961926898,0.17982456140350878,0.03508771929824561,0.9681011110145584,high
binary,0.85,0.85,29,0.881578947368421,0.0,0.06475217491854335,0.10964912280701754,0.043859649122807015,0.8826162461340882,high
binary,0.85,1.0,0,0.8464912280701754,0.0,0.0038463068775563825,0.14035087719298245,0.039473684210526314,0.9435221141750751,high
binary,0.85,1.0,1,0.8640350877192983,0.0,0.011950305720742072,0.12280701754385964,0.039473684210526314,0.9593187267733736,high
binary,0.85,1.0,2,0.868421052631579,0.0,0.032581891535451435,0.11403508771929824,0.03508771929824561,0.9147865295171801,high
binary,0.85,1.0,3,0.8596491228070176,0.0,0.024140805118478714,0.12280701754385964,0.03508771929824561,0.9715092261711102,high
binary,0.85,1.0,4,0.8333333333333334,0.0,0.21039689447705323,0.14912280701754385,0.03508771929824561,0.7369715265755783,high
binary,0.85,1.0,5,0.8464912280701754,0.0,0.037404497977785556,0.14473684210526316,0.043859649122807015,0.909963923074846,high
binary,0.85,1.0,6,0.8596491228070176,0.0,0.01585641759752754,0.13596491228070176,0.04824561403508772,0.931512003455104,high
binary,0.85,1.0,7,0.8728070175438597,0.0,0.002878806746568263,0.11842105263157894,0.043859649122807015,0.9502472277991998,high
binary,0.85,1.0,8,0.8508771929824561,0.0,0.20385763642755828,0.12719298245614036,0.03070175438596491,0.7435107846250733,high
binary,0.85,1.0,9,0.8289473684210527,0.0,0.12495577143662284,0.15350877192982457,0.03508771929824561,0.8224126496160087,high
binary,0.85,1.0,10,0.8464912280701754,0.0,0.14097049567484843,0.13596491228070176,0.03508771929824561,0.8063979253777831,high
binary,0.85,1.0,11,0.8991228070175439,0.0,0.03210287457738603,0.08333333333333333,0.03508771929824561,0.9794712956300176,high
binary,0.85,1.0,12,0.8289473684210527,0.0,0.25253134326183957,0.14912280701754385,0.03070175438596491,0.694837077790792,high
binary,0.85,1.0,13,0.8333333333333334,0.0,0.04494586043915205,0.14912280701754385,0.03508771929824561,0.9923142814917836,high
binary,0.85,1.0,14,0.8728070175438597,0.0,0.042778015460543384,0.11842105263157894,0.043859649122807015,0.9901464365131749,high
binary,0.85,1.0,15,0.8377192982456141,0.0,0.1623793361575847,0.14473684210526316,0.03508771929824561,0.7849890848950468,high
binary,0.85,1.0,16,0.8464912280701754,0.0,0.052530844205132765,0.13596491228070176,0.03508771929824561,0.9998992652577643,high
binary,0.85,1.0,17,0.8640350877192983,0.0,0.02571505524452211,0.12280701754385964,0.039473684210526314,0.9730834762971536,high
binary,0.85,1.0,18,0.8333333333333334,0.0,0.15981218425210886,0.15789473684210525,0.043859649122807015,0.7875562368005227,high
binary,0.85,1.0,19,0.8596491228070176,0.0,0.11354508865053448,0.11842105263157894,0.03070175438596491,0.833823332402097,high
binary,0.85,1.0,20,0.9122807017543859,0.0,0.056726484952745126,0.08333333333333333,0.04824561403508772,0.8906419360998864,high
binary,0.85,1.0,21,0.8728070175438597,0.0,0.00019266945453322304,0.10526315789473684,0.03070175438596491,0.9475610905071647,high
binary,0.85,1.0,22,0.881578947368421,0.0,0.0438218334858248,0.10526315789473684,0.039473684210526314,0.9911902545384563,high
binary,0.85,1.0,23,0.8640350877192983,0.0,0.07796059333441474,0.12280701754385964,0.039473684210526314,0.8694078277182168,high
binary,0.85,1.0,24,0.8771929824561403,0.0,0.013123944758382411,0.12280701754385964,0.05263157894736842,0.9342444762942491,high
binary,0.85,1.0,25,0.8728070175438597,0.0,0.1888223690222468,0.11403508771929824,0.039473684210526314,0.7585460520303847,high
binary,0.85,1.0,26,0.8640350877192983,0.0,0.041165793169982146,0.12719298245614036,0.043859649122807015,0.9885342142226137,high
binary,0.85,1.0,27,0.868421052631579,0.0,0.17896502927039803,0.11842105263157894,0.039473684210526314,0.7684033917822335,high
binary,0.85,1.0,28,0.8026315789473685,0.0,0.020732689961926898,0.17982456140350878,0.03508771929824561,0.9681011110145584,high
binary,0.85,1.0,29,0.881578947368421,0.0,0.06475217491854335,0.10964912280701754,0.043859649122807015,0.8826162461340882,high
sigmoid,0.55,0.0,0,0.9210526315789473,0.02631578947368421,0.05143755067993705,0.0,0.0,0.9988059717325686,low
sigmoid,0.55,0.0,1,0.9342105263157895,0.03070175438596491,0.051437550681767585,0.0,0.0,0.9988059717343991,low
sigmoid,0.55,0.0,2,0.9298245614035088,0.017543859649122806,0.015118761443113193,0.0,0.0,0.9322496596095183,low
sigmoid,0.55,0.0,3,0.8903508771929824,0.013157894736842105,0.05143169784268753,0.0,0.0,0.9988001188953191,low
sigmoid,0.55,0.0,4,0.8377192982456141,0.02631578947368421,0.028982555831057688,0.0,0.0,0.9763509768836892,low
sigmoid,0.55,0.0,5,0.9210526315789473,0.021929824561403508,0.05046435094894741,0.0,0.0,0.9978327720015789,low
sigmoid,0.55,0.0,6,0.9210526315789473,0.03070175438596491,0.04723698650503405,0.0,0.0,0.9946054075576656,low
sigmoid,0.55,0.0,7,0.8859649122807017,0.017543859649122806,0.05143654903707784,0.0,0.0,0.9988049700897094,low
sigmoid,0.55,0.0,8,0.9517543859649122,0.017543859649122806,0.05143755068633116,0.0,0.0,0.9988059717389627,low
sigmoid,0.55,0.0,9,0.8991228070175439,0.021929824561403508,0.05143742300421095,0.0,0.0,0.9988058440568425,low
sigmoid,0.55,0.0,10,0.9254385964912281,0.02631578947368421,0.04649571047240353,0.0,0.0,0.993864131525035,low
sigmoid,0.55,0.0,11,0.9254385964912281,0.013157894736842105,0.05029293674706792,0.0,0.0,0.9976613577996994,low
sigmoid,0.55,0.0,12,0.8947368421052632,0.013157894736842105,0.05092967937918358,0.0,0.0,0.9982981004318151,low
sigmoid,0.55,0.0,13,0.8640350877192983,0.013157894736842105,0.019237784586320528,0.0,0.0,0.966606205638952,low
sigmoid,0.55,0.0,14,0.9166666666666666,0.03070175438596491,0.051437532439651656,0.0,0.0,0.9988059534922832,low
sigmoid,0.55,0.0,15,0.9078947368421053,0.021929824561403508,0.05143755049253107,0.0,0.0,0.9988059715451626,low
sigmoid,0.55,0.0,16,0.8728070175438597,0.021929824561403508,0.0514246313823975,0.0,0.0,0.998793052435029,low
sigmoid,0.55,0.0,17,0.9473684210526315,0.03070175438596491,0.05084005505623346,0.0,0.0,0.998208476108865,low
sigmoid,0.55,0.0,18,0.8991228070175439,0.02631578947368421,0.05143750253232804,0.0,0.0,0.9988059235849596,low
sigmoid,0.55,0.0,19,0.8903508771929824,0.017543859649122806,0.041346837146030824,0.0,0.0,0.9887152581986624,low
sigmoid,0.55,0.0,20,0.8991228070175439,0.03508771929824561,0.05143674767248452,0.0,0.0,0.998805168725116,low
sigmoid,0.55,0.0,21,0.9210526315789473,0.013157894736842105,0.05143755068556699,0.0,0.0,0.9988059717381985,low
sigmoid,0.55,0.0,22,0.8991228070175439,0.03070175438596491,0.051431240170347614,0.0,0.0,0.9987996612229791,low
sigmoid,0.55,0.0,23,0.8859649122807017,0.013157894736842105,0.04949316266587944,0.0,0.0,0.996861583718511,low
sigmoid,0.55,0.0,24,0.9342105263157895,0.03508771929824561,0.047236986504954226,0.0,0.0,0.9946054075575858,low
sigmoid,0.55,0.0,25,0.9078947368421053,0.021929824561403508,0.03544677828577458,0.0,0.0,0.9828151993384061,low
sigmoid,0.55,0.0,26,0.9078947368421053,0.03070175438596491,0.050137119020495446,0.0,0.0,0.997505540073127,low
sigmoid,0.55,0.0,27,0.9078947368421053,0.02631578947368421,0.05046462883765512,0.0,0.0,0.9978330498902866,low
sigmoid,0.55,0.0,28,0.8640350877192983,0.02631578947368421,0.05133236628374749,0.0,0.0,0.998700787336379,low
sigmoid,0.55,0.0,29,0.9166666666666666,0.03508771929824561,0.05142035408735757,0.0,0.0,0.9987887751399891,low
sigmoid,0.55,0.1,0,0.9078947368421053,0.021929824561403508,0.05143755067993672,0.0043859649122807015,0.0,0.9988059717325682,low
sigmoid,0.55,0.1,1,0.9254385964912281,0.03070175438596491,0.051437550670076826,0.0043859649122807015,0.0,0.9988059717227084,low
sigmoid,0.55,0.1,2,0.9210526315789473,0.017543859649122806,0.015118761468197128,0.0043859649122807015,0.0,0.9322496595844344,low
sigmoid,0.55,0.1,3,0.881578947368421,0.013157894736842105,0.051431697823073885,0.0043859649122807015,0.0,0.9988001188757054,low
sigmoid,0.55,0.1,4,0.8333333333333334,0.02631578947368421,0.028982555825686318,0.0043859649122807015,0.0,0.9763509768783178,low
sigmoid,0.55,0.1,5,0.9210526315789473,0.021929824561403508,0.05046435094894741,0.0,0.0,0.9978327720015789,low
sigmoid,0.55,0.1,6,0.9166666666666666,0.03070175438596491,0.04723698649966246,0.0043859649122807015,0.0,0.994605407552294,low
sigmoid,0.55,0.1,7,0.881578947368421,0.017543859649122806,0.05143654903707773,0.0043859649122807015,0.0,0.9988049700897093,low
sigmoid,0.55,0.1,8,0.9473684210526315,0.017543859649122806,0.05143755068095979,0.0043859649122807015,0.0,0.9988059717335913,low
sigmoid,0.55,0.1,9,0.8947368421052632,0.021929824561403508,0.051437422998839466,0.008771929824561403,0.0,0.998805844051471,low
sigmoid,0.55,0.1,10,0.9210526315789473,0.02631578947368421,0.04649571047240353,0.0043859649122807015,0.0,0.993864131525035,low
sigmoid,0.55,0.1,11,0.9254385964912281,0.013157894736842105,0.05029293674706792,0.0,0.0,0.9976613577996994,low
sigmoid,0.55,0.1,12,0.8947368421052632,0.013157894736842105,0.05092967937918358,0.0,0.0,0.9982981004318151,low
sigmoid,0.55,0.1,13,0.8640350877192983,0.013157894736842105,0.019237784586320528,0.0,0.0,0.966606205638952,low
sigmoid,0.55,0.1,14,0.9078947368421053,0.02631578947368421,0.051437532439652656,0.0043859649122807015,0.0,0.9988059534922842,low
sigmoid,0.55,0.1,15,0.9078947368421053,0.021929824561403508,0.05143755049253107,0.0,0.0,0.9988059715451626,low
sigmoid,0.55,0.1,16,0.8640350877192983,0.021929824561403508,0.051424631353834904,0.008771929824561403,0.0,0.9987930524064664,low
sigmoid,0.55,0.1,17,0.9429824561403509,0.03070175438596491,0.050840055056233346,0.0043859649122807015,0.0,0.9982084761088649,low
sigmoid,0.55,0.1,18,0.8991228070175439,0.02631578947368421,0.05143750253232804,0.0043859649122807015,0.0,0.9988059235849596,low
sigmoid,0.55,0.1,19,0.881578947368421,0.017543859649122806,0.041346837140659454,0.008771929824561403,0.0,0.988715258193291,low
sigmoid,0.55,0.1,20,0.881578947368421,0.03508771929824561,0.05143674767248285,0.0043859649122807015,0.0,0.9988051687251144,low
sigmoid,0.55,0.1,21,0.9210526315789473,0.013157894736842105,0.05143755068556699,0.0,0.0,0.9988059717381985,low
sigmoid,0.55,0.1,22,0.8947368421052632,0.03070175438596491,0.051431240164976244,0.008771929824561403,0.0,0.9987996612176078,low
sigmoid,0.55,0.1,23,0.8859649122807017,0.013157894736842105,0.04949316266587944,0.0,0.0,0.996861583718511,low
sigmoid,0.55,0.1,24,0.9254385964912281,0.03508771929824561,0.04723698649214836,0.0043859649122807015,0.0,0.9946054075447799,low
sigmoid,0.55,0.1,25,0.8991228070175439,0.021929824561403508,0.0354467782804031,0.008771929824561403,0.0,0.9828151993330346,low
sigmoid,0.55,0.1,26,0.8991228070175439,0.03070175438596491,0.05013711900768958,0.0043859649122807015,0.0,0.9975055400603211,low
sigmoid,0.55,0.1,27,0.9078947368421053,0.02631578947368421,0.05046462883765512,0.0,0.0,0.9978330498902866,low
sigmoid,0.55,0.1,28,0.8596491228070176,0.02631578947368421,0.05133236627837601,0.008771929824561403,0.0,0.9987007873310075,low
sigmoid,0.55,0.1,29,0.9122807017543859,0.03508771929824561,0.051420354081986086,0.0043859649122807015,0.0,0.9987887751346176,low
sigmoid,0.55,0.2,0,0.9078947368421053,0.021929824561403508,0.05143755067993672,0.0043859649122807015,0.0,0.9988059717325682,low
sigmoid,0.55,0.2,1,0.9298245614035088,0.02631578947368421,0.0514375506700826,0.0043859649122807015,0.0043859649122807015,0.9988059717227141,low
sigmoid,0.55,0.2,2,0.9210526315789473,0.017543859649122806,0.015118761468197128,0.0043859649122807015,0.0,0.9322496595844344,low
sigmoid,0.55,0.2,3,0.881578947368421,0.013157894736842105,0.051431697823073885,0.0043859649122807015,0.0,0.9988001188757054,low
sigmoid,0.55,0.2,4,0.8333333333333334,0.02631578947368421,0.028982555825686318,0.0043859649122807015,0.0,0.9763509768783178,low
sigmoid,0.55,0.2,5,0.9298245614035088,0.017543859649122806,0.05046435094896129,0.0,0.0043859649122807015,0.9978327720015928,low
sigmoid,0.55,0.2,6,0.9210526315789473,0.02631578947368421,0.04723698649966823,0.0043859649122807015,0.0043859649122807015,0.9946054075522998,low
sigmoid,0.55,0.2,7,0.8859649122807017,0.013157894736842105,0.05143654903708372,0.0043859649122807015,0.0043859649122807015,0.9988049700897152,low
sigmoid,0.55,0.2,8,0.9473684210526315,0.017543859649122806,0.05143755068095979,0.0043859649122807015,0.0,0.9988059717335913,low
sigmoid,0.55,0.2,9,0.8947368421052632,0.021929824561403508,0.051437422998839466,0.008771929824561403,0.0,0.998805844051471,low
sigmoid,0.55,0.2,10,0.9254385964912281,0.021929824561403508,0.04649571047240941,0.0043859649122807015,0.0043859649122807015,0.9938641315250409,low
sigmoid,0.55,0.2,11,0.9254385964912281,0.013157894736842105,0.05029293674706792,0.0,0.0043859649122807015,0.9976613577996994,low
sigmoid,0.55,0.2,12,0.8947368421052632,0.013157894736842105,0.05092967937918358,0.0,0.0,0.9982981004318151,low
sigmoid,0.55,0.2,13,0.868421052631579,0.008771929824561403,0.019237784586326523,0.0,0.0043859649122807015,0.966606205638958,low
sigmoid,0.55,0.2,14,0.9122807017543859,0.021929824561403508,0.05143753243965843,0.0043859649122807015,0.0043859649122807015,0.99880595349229,low
sigmoid,0.55,0.2,15,0.9122807017543859,0.017543859649122806,0.05143755049253684,0.0,0.0043859649122807015,0.9988059715451684,low
sigmoid,0.55,0.2,16,0.8640350877192983,0.021929824561403508,0.051424631353834904,0.008771929824561403,0.0,0.9987930524064664,low
sigmoid,0.55,0.2,17,0.9429824561403509,0.03070175438596491,0.050840055056233346,0.0043859649122807015,0.0043859649122807015,0.9982084761088649,low
sigmoid,0.55,0.2,18,0.9035087719298246,0.021929824561403508,0.05143750253233392,0.0043859649122807015,0.0043859649122807015,0.9988059235849654,low
sigmoid,0.55,0.2,19,0.881578947368421,0.017543859649122806,0.041346837140659454,0.008771929824561403,0.0,0.988715258193291,low
sigmoid,0.55,0.2,20,0.881578947368421,0.03508771929824561,0.05143674767244255,0.0043859649122807015,0.0043859649122807015,0.9988051687250741,low
sigmoid,0.55,0.2,21,0.9254385964912281,0.008771929824561403,0.051437550685572875,0.0,0.0043859649122807015,0.9988059717382044,low
sigmoid,0.55,0.2,22,0.9166666666666666,0.02631578947368421,0.05143124016524647,0.008771929824561403,0.0043859649122807015,0.998799661217878,low
sigmoid,0.55,0.2,23,0.8859649122807017,0.013157894736842105,0.04949316266587944,0.0,0.0043859649122807015,0.996861583718511,low
sigmoid,0.55,0.2,24,0.9254385964912281,0.03508771929824561,0.04723698649214836,0.0043859649122807015,0.0043859649122807015,0.9946054075447799,low
sigmoid,0.55,0.2,25,0.8991228070175439,0.021929824561403508,0.0354467782804031,0.008771929824561403,0.0,0.9828151993330346,low
sigmoid,0.55,0.2,26,0.9035087719298246,0.02631578947368421,0.05013711900769546,0.0043859649122807015,0.0043859649122807015,0.997505540060327,low
sigmoid,0.55,0.2,27,0.9122807017543859,0.021929824561403508,0.05046462883766101,0.0,0.0043859649122807015,0.9978330498902925,low
sigmoid,0.55,0.2,28,0.8640350877192983,0.021929824561403508,0.051332366278382,0.008771929824561403,0.0043859649122807015,0.9987007873310135,low
sigmoid,0.55,0.2,29,0.9166666666666666,0.03070175438596491,0.05142035408199186,0.0043859649122807015,0.0043859649122807015,0.9987887751346234,low
sigmoid,0.55,0.3,0,0.9078947368421053,0.021929824561403508,0.05143755067993672,0.0043859649122807015,0.0,0.9988059717325682,low
sigmoid,0.55,0.3,1,0.9342105263157895,0.021929824561403508,0.05226453424116784,0.0043859649122807015,0.008771929824561403,0.9996329552937994,low
sigmoid,0.55,0.3,2,0.9210526315789473,0.017543859649122806,0.015118761468197128,0.0043859649122807015,0.0,0.9322496595844344,low
sigmoid,0.55,0.3,3,0.881578947368421,0.013157894736842105,0.051431697823073885,0.0043859649122807015,0.0,0.9988001188757054,low
sigmoid,0.55,0.3,4,0.8464912280701754,0.021929824561403508,0.03589599354926565,0.0043859649122807015,0.0043859649122807015,0.9832644146018972,low
sigmoid,0.55,0.3,5,0.9385964912280702,0.013157894736842105,0.05226425636838228,0.0,0.008771929824561403,0.9996326774210138,low
sigmoid,0.55,0.3,6,0.9254385964912281,0.021929824561403508,0.04806397007075358,0.0043859649122807015,0.008771929824561403,0.9954323911233851,low
sigmoid,0.55,0.3,7,0.8859649122807017,0.013157894736842105,0.05143654903708372,0.0043859649122807015,0.0043859649122807015,0.9988049700897152,low
sigmoid,0.55,0.3,8,0.9517543859649122,0.013157894736842105,0.052264534252045025,0.0043859649122807015,0.0043859649122807015,0.9996329553046766,low
sigmoid,0.55,0.3,9,0.8947368421052632,0.021929824561403508,0.051437422998839466,0.008771929824561403,0.0,0.998805844051471,low
sigmoid,0.55,0.3,10,0.9342105263157895,0.017543859649122806,0.052264534256770245,0.0043859649122807015,0.008771929824561403,0.9996329553094018,low
sigmoid,0.55,0.3,11,0.9254385964912281,0.013157894736842105,0.05029293674706792,0.0,0.0043859649122807015,0.9976613577996994,low
sigmoid,0.55,0.3,12,0.8947368421052632,0.013157894736842105,0.05092967937918358,0.0,0.0,0.9982981004318151,low
sigmoid,0.55,0.3,13,0.868421052631579,0.008771929824561403,0.019237784586326523,0.0,0.0043859649122807015,0.966606205638958,low
sigmoid,0.55,0.3,14,0.9166666666666666,0.017543859649122806,0.05226451601074378,0.0043859649122807015,0.008771929824561403,0.9996329370633753,low
sigmoid,0.55,0.3,15,0.9122807017543859,0.017543859649122806,0.05143755049253684,0.0,0.0043859649122807015,0.9988059715451684,low
sigmoid,0.55,0.3,16,0.868421052631579,0.017543859649122806,0.05225161492492014,0.008771929824561403,0.0043859649122807015,0.9996200359775517,low
sigmoid,0.55,0.3,17,0.9473684210526315,0.02631578947368421,0.051667038627318584,0.0043859649122807015,0.008771929824561403,0.9990354596799501,low
sigmoid,0.55,0.3,18,0.9078947368421053,0.017543859649122806,0.05226448610341927,0.0043859649122807015,0.008771929824561403,0.9996329071560508,low
sigmoid,0.55,0.3,19,0.8859649122807017,0.013157894736842105,0.04217382071174469,0.008771929824561403,0.0043859649122807015,0.9895422417643762,low
sigmoid,0.55,0.3,20,0.8859649122807017,0.03070175438596491,0.0522637312435279,0.0043859649122807015,0.008771929824561403,0.9996321522961594,low
sigmoid,0.55,0.3,21,0.9254385964912281,0.008771929824561403,0.051437550685572875,0.0,0.0043859649122807015,0.9988059717382044,low
sigmoid,0.55,0.3,22,0.9210526315789473,0.021929824561403508,0.05225822373633182,0.008771929824561403,0.008771929824561403,0.9996266447889633,low
sigmoid,0.55,0.3,23,0.8859649122807017,0.013157894736842105,0.04949316266587944,0.0,0.0043859649122807015,0.996861583718511,low
sigmoid,0.55,0.3,24,0.9342105263157895,0.03070175438596491,0.052264534244517824,0.0043859649122807015,0.008771929824561403,0.9996329552971494,low
sigmoid,0.55,0.3,25,0.8991228070175439,0.021929824561403508,0.0354467782804031,0.008771929824561403,0.0,0.9828151993330346,low
sigmoid,0.55,0.3,26,0.9078947368421053,0.021929824561403508,0.0509641025787807,0.0043859649122807015,0.008771929824561403,0.9983325236314122,low
sigmoid,0.55,0.3,27,0.9210526315789473,0.017543859649122806,0.052264534257081885,0.0,0.008771929824561403,0.9996329553097134,low
sigmoid,0.55,0.3,28,0.8640350877192983,0.021929824561403508,0.051332366278382,0.008771929824561403,0.0043859649122807015,0.9987007873310135,low
sigmoid,0.55,0.3,29,0.9210526315789473,0.02631578947368421,0.05224733765307721,0.0043859649122807015,0.008771929824561403,0.9996157587057087,low
sigmoid,0.55,0.4,0,0.8991228070175439,0.017543859649122806,0.050925875122027287,0.008771929824561403,0.0043859649122807015,0.9982942961746588,low
sigmoid,0.55,0.4,1,0.9342105263157895,0.017543859649122806,0.052264545471783386,0.008771929824561403,0.013157894736842105,0.9996329665244149,low
sigmoid,0.55,0.4,2,0.9166666666666666,0.017543859649122806,0.015180165896649611,0.008771929824561403,0.0,0.9321882551559819,low
sigmoid,0.55,0.4,3,0.8859649122807017,0.008771929824561403,0.05137612104656353,0.013157894736842105,0.0043859649122807015,0.998744542099195,low
sigmoid,0.55,0.4,4,0.868421052631579,0.017543859649122806,0.035897225301510516,0.0043859649122807015,0.008771929824561403,0.983265646354142,low
sigmoid,0.55,0.4,5,0.9342105263157895,0.013157894736842105,0.05226425216192676,0.0043859649122807015,0.008771929824561403,0.9996326732145583,low
sigmoid,0.55,0.4,6,0.9254385964912281,0.017543859649122806,0.04806398130136902,0.008771929824561403,0.013157894736842105,0.9954324023540005,low
sigmoid,0.55,0.4,7,0.8903508771929824,0.008771929824561403,0.05143656447415468,0.0043859649122807015,0.008771929824561403,0.9988049855267862,low
sigmoid,0.55,0.4,8,0.9473684210526315,0.013157894736842105,0.0522645300455894,0.008771929824561403,0.0043859649122807015,0.9996329510982209,low
sigmoid,0.55,0.4,9,0.8991228070175439,0.017543859649122806,0.05143743843591053,0.008771929824561403,0.0043859649122807015,0.9988058594885421,low
sigmoid,0.55,0.4,10,0.9210526315789473,0.017543859649122806,0.05220312067309085,0.013157894736842105,0.008771929824561403,0.9995715417257224,low
sigmoid,0.55,0.4,11,0.9254385964912281,0.008771929824561403,0.05023154775568661,0.0043859649122807015,0.008771929824561403,0.9975999688083181,low
sigmoid,0.55,0.4,12,0.8903508771929824,0.013157894736842105,0.050868274950730985,0.0043859649122807015,0.0,0.9982366960033625,low
sigmoid,0.55,0.4,13,0.868421052631579,0.008771929824561403,0.019237784586326523,0.0,0.0043859649122807015,0.966606205638958,low
sigmoid,0.55,0.4,14,0.9166666666666666,0.013157894736842105,0.052203140974167006,0.013157894736842105,0.013157894736842105,0.9995715620267985,low
sigmoid,0.55,0.4,15,0.9078947368421053,0.017543859649122806,0.051437546286081215,0.0043859649122807015,0.0043859649122807015,0.9988059673387127,low
sigmoid,0.55,0.4,16,0.8640350877192983,0.017543859649122806,0.0522516107184644,0.013157894736842105,0.0043859649122807015,0.9996200317710959,low
sigmoid,0.55,0.4,17,0.9429824561403509,0.021929824561403508,0.05160564542948176,0.013157894736842105,0.013157894736842105,0.9989740664821133,low
sigmoid,0.55,0.4,18,0.9166666666666666,0.013157894736842105,0.052264549694496454,0.0043859649122807015,0.013157894736842105,0.999632970747128,low
sigmoid,0.55,0.4,19,0.8903508771929824,0.008771929824561403,0.04217394046935974,0.013157894736842105,0.008771929824561403,0.9895423615219913,low
sigmoid,0.55,0.4,20,0.8903508771929824,0.02631578947368421,0.052263746680598966,0.0043859649122807015,0.013157894736842105,0.9996321677332305,low
sigmoid,0.55,0.4,21,0.9122807017543859,0.008771929824561403,0.05143726123402348,0.0043859649122807015,0.0043859649122807015,0.998805682286655,low
sigmoid,0.55,0.4,22,0.9210526315789473,0.017543859649122806,0.05225823496694737,0.013157894736842105,0.013157894736842105,0.9996266560195789,low
sigmoid,0.55,0.4,23,0.8903508771929824,0.008771929824561403,0.05174279129929582,0.008771929824561403,0.0043859649122807015,0.9991112123519273,low
sigmoid,0.55,0.4,24,0.9385964912280702,0.02631578947368421,0.052264549681589,0.0043859649122807015,0.013157894736842105,0.9996329707342205,low
sigmoid,0.55,0.4,25,0.8947368421052632,0.021929824561403508,0.03538529704107218,0.013157894736842105,0.0043859649122807015,0.9827537180937037,low
sigmoid,0.55,0.4,26,0.9078947368421053,0.013157894736842105,0.05245243960453183,0.013157894736842105,0.013157894736842105,0.9998208606571634,low
sigmoid,0.55,0.4,27,0.9122807017543859,0.017543859649122806,0.05211814100032164,0.0043859649122807015,0.008771929824561403,0.9994865620529532,low
sigmoid,0.55,0.4,28,0.8640350877192983,0.021929824561403508,0.051332366278382,0.008771929824561403,0.0043859649122807015,0.9987007873310135,low
sigmoid,0.55,0.4,29,0.9342105263157895,0.021929824561403508,0.05220314526064185,0.008771929824561403,0.013157894736842105,0.9995715663132734,low
sigmoid,0.55,0.45,0,0.8859649122807017,0.008771929824561403,0.06549608634899728,0.02631578947368421,0.017543859649122806,0.8818723347036342,low
sigmoid,0.55,0.45,1,0.9298245614035088,0.013157894736842105,0.056110454528225606,0.017543859649122806,0.017543859649122806,0.8912579665244059,low
sigmoid,0.55,0.45,2,0.8991228070175439,0.017543859649122806,0.01518016590131177,0.017543859649122806,0.0043859649122807015,0.9321882551513198,low
sigmoid,0.55,0.45,3,0.8728070175438597,0.008771929824561403,0.0433291595730223,0.02631578947368421,0.008771929824561403,0.9906975806256538,low
sigmoid,0.55,0.45,4,0.8947368421052632,0.013157894736842105,0.22247777469408492,0.017543859649122806,0.013157894736842105,0.7248906463585466,low
sigmoid,0.55,0.45,5,0.9298245614035088,0.013157894736842105,0.04421729069109337,0.008771929824561403,0.017543859649122806,0.9915857117437249,low
sigmoid,0.55,0.45,6,0.9254385964912281,0.017543859649122806,0.04806398130012479,0.013157894736842105,0.017543859649122806,0.9954324023527563,low
sigmoid,0.55,0.45,7,0.9254385964912281,0.0043859649122807015,0.05143656447437117,0.008771929824561403,0.017543859649122806,0.9988049855270027,low
sigmoid,0.55,0.45,8,0.9385964912280702,0.0043859649122807015,0.04421756857350789,0.021929824561403508,0.013157894736842105,0.9915859896261394,low
sigmoid,0.55,0.45,9,0.8991228070175439,0.013157894736842105,0.022054213399007483,0.013157894736842105,0.008771929824561403,0.969422634451639,low
sigmoid,0.55,0.45,10,0.9166666666666666,0.013157894736842105,0.05617187932690049,0.021929824561403508,0.013157894736842105,0.891196541725731,low
sigmoid,0.55,0.45,11,0.9210526315789473,0.0043859649122807015,0.058143452244499905,0.013157894736842105,0.017543859649122806,0.8892249688081316,low
sigmoid,0.55,0.45,12,0.8991228070175439,0.008771929824561403,0.057506725026776895,0.008771929824561403,0.0043859649122807015,0.8898616960258546,low
sigmoid,0.55,0.45,13,0.8771929824561403,0.0043859649122807015,0.019237784588847617,0.008771929824561403,0.013157894736842105,0.9666062056414791,low
sigmoid,0.55,0.45,14,0.9166666666666666,0.008771929824561403,0.06421882041050109,0.021929824561403508,0.017543859649122806,0.8831496006421304,low
sigmoid,0.55,0.45,15,0.9122807017543859,0.013157894736842105,0.0514375462871387,0.008771929824561403,0.008771929824561403,0.9988059673397702,low
sigmoid,0.55,0.45,16,0.8640350877192983,0.013157894736842105,0.052251610718277997,0.017543859649122806,0.013157894736842105,0.9996200317709095,low
sigmoid,0.55,0.45,17,0.9517543859649122,0.008771929824561403,0.05160564543054835,0.017543859649122806,0.02631578947368421,0.9989740664831799,low
sigmoid,0.55,0.45,18,0.9078947368421053,0.013157894736842105,0.05611045030674755,0.013157894736842105,0.013157894736842105,0.891257970745884,low
sigmoid,0.55,0.45,19,0.8947368421052632,0.0043859649122807015,0.03412697899346073,0.021929824561403508,0.017543859649122806,0.9814954000460923,low
sigmoid,0.55,0.45,20,0.9122807017543859,0.017543859649122806,0.056111253314945264,0.008771929824561403,0.021929824561403508,0.8912571677376863,low
sigmoid,0.55,0.45,21,0.9078947368421053,0.008771929824561403,0.05693773876597652,0.008771929824561403,0.0043859649122807015,0.890430682286655,low
sigmoid,0.55,0.45,22,0.9035087719298246,0.008771929824561403,0.06416372650029811,0.02631578947368421,0.021929824561403508,0.8832046945523334,low
sigmoid,0.55,0.45,23,0.8859649122807017,0.0043859649122807015,0.05663220870089081,0.021929824561403508,0.008771929824561403,0.8907362123517407,low
sigmoid,0.55,0.45,24,0.9473684210526315,0.013157894736842105,0.06415741178938628,0.017543859649122806,0.02631578947368421,0.8832110092632453,low
sigmoid,0.55,0.45,25,0.8991228070175439,0.013157894736842105,0.02733833557025722,0.017543859649122806,0.013157894736842105,0.9747067566228887,low
sigmoid,0.55,0.45,26,0.9078947368421053,0.008771929824561403,0.05592256039441068,0.017543859649122806,0.021929824561403508,0.8914458606582208,low
sigmoid,0.55,0.45,27,0.9254385964912281,0.008771929824561403,0.04407117952965278,0.013157894736842105,0.017543859649122806,0.9914396005822843,low
sigmoid,0.55,0.45,28,0.8728070175438597,0.008771929824561403,0.06508959519257063,0.021929824561403508,0.017543859649122806,0.8822788258600609,low
sigmoid,0.55,0.45,29,0.9429824561403509,0.017543859649122806,0.05220314526064318,0.008771929824561403,0.017543859649122806,0.9995715663132747,low
sigmoid,0.55,0.5,0,0.49122807017543857,0.0,0.3422001241640781,0.4868421052631579,0.03070175438596491,0.6051682968885534,low
sigmoid,0.55,0.5,1,0.5526315789473685,0.0,0.2653317967558152,0.4298245614035088,0.03508771929824561,0.6820366242968163,low
sigmoid,0.55,0.5,2,0.543859649122807,0.0,0.4796888107024131,0.42543859649122806,0.021929824561403508,0.46767961035021843,low
sigmoid,0.55,0.5,3,0.5263157894736842,0.0,0.3914739234237873,0.4342105263157895,0.017543859649122806,0.5558944976288442,low
sigmoid,0.55,0.5,4,0.49122807017543857,0.0,0.6380849923908691,0.4868421052631579,0.03070175438596491,0.3092834286617624,low
sigmoid,0.55,0.5,5,0.5921052631578947,0.0,0.36920504453080627,0.38596491228070173,0.03070175438596491,0.5781633765218253,low
sigmoid,0.55,0.5,6,0.5131578947368421,0.0,0.26486712061325435,0.4692982456140351,0.03508771929824561,0.6825013004393772,low
sigmoid,0.55,0.5,7,0.5263157894736842,0.0,0.6670357093471497,0.44298245614035087,0.021929824561403508,0.2803327117054818,low
sigmoid,0.55,0.5,8,0.5701754385964912,0.0,0.5880635587328287,0.40350877192982454,0.02631578947368421,0.3593048623198029,low
sigmoid,0.55,0.5,9,0.5263157894736842,0.0,0.38859624975551854,0.4473684210526316,0.02631578947368421,0.558772171297113,low
sigmoid,0.55,0.5,10,0.618421052631579,0.0,0.3082755842625122,0.35964912280701755,0.03070175438596491,0.6390928367901193,low
sigmoid,0.55,0.5,11,0.5921052631578947,0.0,0.1728996401519265,0.37719298245614036,0.021929824561403508,0.774468780900705,low
sigmoid,0.55,0.5,12,0.543859649122807,0.0,0.6791684645002941,0.42543859649122806,0.02631578947368421,0.2681999565523374,low
sigmoid,0.55,0.5,13,0.5570175438596491,0.0,0.007154321635075345,0.40350877192982454,0.017543859649122806,0.9545227426877069,low
sigmoid,0.55,0.5,14,0.5482456140350878,0.0,0.4404483885869087,0.4342105263157895,0.03508771929824561,0.5069200324657228,low
sigmoid,0.55,0.5,15,0.5350877192982456,0.0,0.46168125810738336,0.4298245614035088,0.021929824561403508,0.48568716294524816,low
sigmoid,0.55,0.5,16,0.5964912280701754,0.0,0.11146773768164131,0.3815789473684211,0.03070175438596491,0.8359006833709902,low
sigmoid,0.55,0.5,17,0.5877192982456141,0.0,0.08706709306796978,0.3991228070175439,0.039473684210526314,0.8603013279846617,low
sigmoid,0.55,0.5,18,0.5350877192982456,0.0,0.4609624766684487,0.43859649122807015,0.02631578947368421,0.48640594438418283,low
sigmoid,0.55,0.5,19,0.5657894736842105,0.0,0.39170111088332615,0.40350877192982454,0.021929824561403508,0.5556673101693054,low
sigmoid,0.55,0.5,20,0.5701754385964912,0.0,0.480947047430366,0.4166666666666667,0.039473684210526314,0.46642137362226554,low
sigmoid,0.55,0.5,21,0.5482456140350878,0.0,0.2974444292480669,0.4166666666666667,0.017543859649122806,0.6499239918045646,low
sigmoid,0.55,0.5,22,0.5789473684210527,0.0,0.23779400936445672,0.3991228070175439,0.03070175438596491,0.7095744116881748,low
sigmoid,0.55,0.5,23,0.5350877192982456,0.0,0.420983037071437,0.4298245614035088,0.017543859649122806,0.5263853839811945,low
sigmoid,0.55,0.5,24,0.5526315789473685,0.0,0.49249814823612575,0.44298245614035087,0.04824561403508772,0.45487027281650577,low
sigmoid,0.55,0.5,25,0.5789473684210527,0.0,0.4922167803185882,0.40350877192982454,0.03508771929824561,0.45515164073404335,low
sigmoid,0.55,0.5,26,0.5745614035087719,0.0,0.3611282707596385,0.4166666666666667,0.043859649122807015,0.586240150292993,low
sigmoid,0.55,0.5,27,0.5,0.0,0.5276328368434682,0.47368421052631576,0.02631578947368421,0.4197355842091634,low
sigmoid,0.55,0.5,28,0.4780701754385965,0.0,0.3122797672311811,0.4956140350877193,0.03070175438596491,0.6350886538214504,low
sigmoid,0.55,0.5,29,0.5964912280701754,0.0,0.2831283437548897,0.39035087719298245,0.043859649122807015,0.6642400772977418,low
sigmoid,0.55,0.55,0,0.49122807017543857,0.0,0.3422001241640781,0.4868421052631579,0.03070175438596491,0.6051682968885534,low
sigmoid,0.55,0.55,1,0.5526315789473685,0.0,0.2653317967558152,0.4298245614035088,0.03508771929824561,0.6820366242968163,low
sigmoid,0.55,0.55,2,0.543859649122807,0.0,0.4796888107024131,0.42543859649122806,0.021929824561403508,0.46767961035021843,low
sigmoid,0.55,0.55,3,0.5263157894736842,0.0,0.3914739234237873,0.43859649122807015,0.017543859649122806,0.5558944976288442,low
sigmoid,0.55,0.55,4,0.49122807017543857,0.0,0.6380849923908691,0.4868421052631579,0.03070175438596491,0.3092834286617624,low
sigmoid,0.55,0.55,5,0.5877192982456141,0.0,0.3692050447226184,0.39035087719298245,0.03070175438596491,0.5781633763300131,low
sigmoid,0.55,0.55,6,0.5131578947368421,0.0,0.26486712061325435,0.4692982456140351,0.03508771929824561,0.6825013004393772,low
sigmoid,0.55,0.55,7,0.5219298245614035,0.0,0.6670357095389617,0.4473684210526316,0.021929824561403508,0.2803327115136698,low
sigmoid,0.55,0.55,8,0.5701754385964912,0.0,0.5880635587328287,0.40350877192982454,0.02631578947368421,0.3593048623198029,low
sigmoid,0.55,0.55,9,0.5263157894736842,0.0,0.38859624975551854,0.4473684210526316,0.02631578947368421,0.558772171297113,low
sigmoid,0.55,0.55,10,0.6140350877192983,0.0,0.30827558445432435,0.36403508771929827,0.03070175438596491,0.6390928365983072,low
sigmoid,0.55,0.55,11,0.5921052631578947,0.0,0.1728996401519265,0.37719298245614036,0.021929824561403508,0.774468780900705,low
sigmoid,0.55,0.55,12,0.543859649122807,0.0,0.6791684645002941,0.4298245614035088,0.02631578947368421,0.2681999565523374,low
sigmoid,0.55,0.55,13,0.5570175438596491,0.0,0.007154321635075345,0.40789473684210525,0.017543859649122806,0.9545227426877069,low
sigmoid,0.55,0.55,14,0.5482456140350878,0.0,0.4404483885869087,0.4342105263157895,0.03508771929824561,0.5069200324657228,low
sigmoid,0.55,0.55,15,0.5350877192982456,0.0,0.46168125810738336,0.4342105263157895,0.021929824561403508,0.48568716294524816,low
sigmoid,0.55,0.55,16,0.5964912280701754,0.0,0.11146773768164131,0.3815789473684211,0.03070175438596491,0.8359006833709902,low
sigmoid,0.55,0.55,17,0.5877192982456141,0.0,0.08706709306796978,0.3991228070175439,0.039473684210526314,0.8603013279846617,low
sigmoid,0.55,0.55,18,0.5350877192982456,0.0,0.4609624766684487,0.43859649122807015,0.02631578947368421,0.48640594438418283,low
sigmoid,0.55,0.55,19,0.5614035087719298,0.0,0.39170111107513816,0.40789473684210525,0.021929824561403508,0.5556673099774934,low
sigmoid,0.55,0.55,20,0.5657894736842105,0.0,0.48094704762217805,0.42105263157894735,0.039473684210526314,0.4664213734304535,low
sigmoid,0.55,0.55,21,0.5482456140350878,0.0,0.2974444292480669,0.4166666666666667,0.017543859649122806,0.6499239918045646,low
sigmoid,0.55,0.55,22,0.5789473684210527,0.0,0.23779400936445672,0.3991228070175439,0.03070175438596491,0.7095744116881748,low
sigmoid,0.55,0.55,23,0.5307017543859649,0.0,0.42098303726324926,0.4342105263157895,0.017543859649122806,0.5263853837893823,low
sigmoid,0.55,0.55,24,0.5526315789473685,0.0,0.49249814823612575,0.44298245614035087,0.04824561403508772,0.45487027281650577,low
sigmoid,0.55,0.55,25,0.5789473684210527,0.0,0.4922167803185882,0.40350877192982454,0.03508771929824561,0.45515164073404335,low
sigmoid,0.55,0.55,26,0.5701754385964912,0.0,0.3611282709514506,0.42105263157894735,0.043859649122807015,0.5862401501011809,low
sigmoid,0.55,0.55,27,0.5,0.0,0.5276328368434682,0.47368421052631576,0.02631578947368421,0.4197355842091634,low
sigmoid,0.55,0.55,28,0.4780701754385965,0.0,0.3122797672311811,0.5,0.03070175438596491,0.6350886538214504,low
sigmoid,0.55,0.55,29,0.5964912280701754,0.0,0.2831283437548897,0.39473684210526316,0.043859649122807015,0.6642400772977418,low
sigmoid,0.55,0.6,0,0.49122807017543857,0.0,0.3422001241640781,0.4868421052631579,0.03070175438596491,0.6051682968885534,low
sigmoid,0.55,0.6,1,0.5526315789473685,0.0,0.2653317967558152,0.4298245614035088,0.03508771929824561,0.6820366242968163,low
sigmoid,0.55,0.6,2,0.543859649122807,0.0,0.4796888107024131,0.42543859649122806,0.021929824561403508,0.46767961035021843,low
sigmoid,0.55,0.6,3,0.5263157894736842,0.0,0.3914739234237873,0.43859649122807015,0.017543859649122806,0.5558944976288442,low
sigmoid,0.55,0.6,4,0.49122807017543857,0.0,0.6380849923908691,0.4868421052631579,0.03070175438596491,0.3092834286617624,low
sigmoid,0.55,0.6,5,0.5877192982456141,0.0,0.3692050447226184,0.39035087719298245,0.03070175438596491,0.5781633763300131,low
sigmoid,0.55,0.6,6,0.5131578947368421,0.0,0.26486712061325435,0.4692982456140351,0.03508771929824561,0.6825013004393772,low
sigmoid,0.55,0.6,7,0.5219298245614035,0.0,0.6670357095389617,0.4473684210526316,0.021929824561403508,0.2803327115136698,low
sigmoid,0.55,0.6,8,0.5701754385964912,0.0,0.5880635587328287,0.40350877192982454,0.02631578947368421,0.3593048623198029,low
sigmoid,0.55,0.6,9,0.5263157894736842,0.0,0.38859624975551854,0.4473684210526316,0.02631578947368421,0.558772171297113,low
sigmoid,0.55,0.6,10,0.6140350877192983,0.0,0.30827558445432435,0.36403508771929827,0.03070175438596491,0.6390928365983072,low
sigmoid,0.55,0.6,11,0.5921052631578947,0.0,0.1728996401519265,0.37719298245614036,0.021929824561403508,0.774468780900705,low
sigmoid,0.55,0.6,12,0.543859649122807,0.0,0.6791684645002941,0.4298245614035088,0.02631578947368421,0.2681999565523374,low
sigmoid,0.55,0.6,13,0.5570175438596491,0.0,0.007154321635075345,0.40789473684210525,0.017543859649122806,0.9545227426877069,low
sigmoid,0.55,0.6,14,0.5482456140350878,0.0,0.4404483885869087,0.4342105263157895,0.03508771929824561,0.5069200324657228,low
sigmoid,0.55,0.6,15,0.5350877192982456,0.0,0.46168125810738336,0.4342105263157895,0.021929824561403508,0.48568716294524816,low
sigmoid,0.55,0.6,16,0.5964912280701754,0.0,0.11146773768164131,0.3815789473684211,0.03070175438596491,0.8359006833709902,low
sigmoid,0.55,0.6,17,0.5877192982456141,0.0,0.08706709306796978,0.3991228070175439,0.039473684210526314,0.8603013279846617,low
sigmoid,0.55,0.6,18,0.5350877192982456,0.0,0.4609624766684487,0.43859649122807015,0.02631578947368421,0.48640594438418283,low
sigmoid,0.55,0.6,19,0.5614035087719298,0.0,0.39170111107513816,0.40789473684210525,0.021929824561403508,0.5556673099774934,low
sigmoid,0.55,0.6,20,0.5657894736842105,0.0,0.48094704762217805,0.42105263157894735,0.039473684210526314,0.4664213734304535,low
sigmoid,0.55,0.6,21,0.5482456140350878,0.0,0.2974444292480669,0.4166666666666667,0.017543859649122806,0.6499239918045646,low
sigmoid,0.55,0.6,22,0.5789473684210527,0.0,0.23779400936445672,0.3991228070175439,0.03070175438596491,0.7095744116881748,low
sigmoid,0.55,0.6,23,0.5307017543859649,0.0,0.42098303726324926,0.4342105263157895,0.017543859649122806,0.5263853837893823,low
sigmoid,0.55,0.6,24,0.5526315789473685,0.0,0.49249814823612575,0.44298245614035087,0.04824561403508772,0.45487027281650577,low
sigmoid,0.55,0.6,25,0.5789473684210527,0.0,0.4922167803185882,0.40350877192982454,0.03508771929824561,0.45515164073404335,low
sigmoid,0.55,0.6,26,0.5701754385964912,0.0,0.3611282709514506,0.42105263157894735,0.043859649122807015,0.5862401501011809,low
sigmoid,0.55,0.6,27,0.5,0.0,0.5276328368434682,0.47368421052631576,0.02631578947368421,0.4197355842091634,low
sigmoid,0.55,0.6,28,0.4780701754385965,0.0,0.3122797672311811,0.5,0.03070175438596491,0.6350886538214504,low
sigmoid,0.55,0.6,29,0.5964912280701754,0.0,0.2831283437548897,0.39473684210526316,0.043859649122807015,0.6642400772977418,low
sigmoid,0.55,0.7,0,0.49122807017543857,0.0,0.3422001241640781,0.4868421052631579,0.03070175438596491,0.6051682968885534,low
sigmoid,0.55,0.7,1,0.5526315789473685,0.0,0.2653317967558152,0.4298245614035088,0.03508771929824561,0.6820366242968163,low
sigmoid,0.55,0.7,2,0.543859649122807,0.0,0.4796888107024131,0.42543859649122806,0.021929824561403508,0.46767961035021843,low
sigmoid,0.55,0.7,3,0.5263157894736842,0.0,0.3914739234237873,0.43859649122807015,0.017543859649122806,0.5558944976288442,low
sigmoid,0.55,0.7,4,0.49122807017543857,0.0,0.6380849923908691,0.4868421052631579,0.03070175438596491,0.3092834286617624,low
sigmoid,0.55,0.7,5,0.5877192982456141,0.0,0.3692050447226184,0.39035087719298245,0.03070175438596491,0.5781633763300131,low
sigmoid,0.55,0.7,6,0.5131578947368421,0.0,0.26486712061325435,0.4692982456140351,0.03508771929824561,0.6825013004393772,low
sigmoid,0.55,0.7,7,0.5219298245614035,0.0,0.6670357095389617,0.4473684210526316,0.021929824561403508,0.2803327115136698,low
sigmoid,0.55,0.7,8,0.5701754385964912,0.0,0.5880635587328287,0.40350877192982454,0.02631578947368421,0.3593048623198029,low
sigmoid,0.55,0.7,9,0.5263157894736842,0.0,0.38859624975551854,0.4473684210526316,0.02631578947368421,0.558772171297113,low
sigmoid,0.55,0.7,10,0.6140350877192983,0.0,0.30827558445432435,0.36403508771929827,0.03070175438596491,0.6390928365983072,low
sigmoid,0.55,0.7,11,0.5921052631578947,0.0,0.1728996401519265,0.37719298245614036,0.021929824561403508,0.774468780900705,low
sigmoid,0.55,0.7,12,0.543859649122807,0.0,0.6791684645002941,0.4298245614035088,0.02631578947368421,0.2681999565523374,low
sigmoid,0.55,0.7,13,0.5570175438596491,0.0,0.007154321635075345,0.40789473684210525,0.017543859649122806,0.9545227426877069,low
sigmoid,0.55,0.7,14,0.5482456140350878,0.0,0.4404483885869087,0.4342105263157895,0.03508771929824561,0.5069200324657228,low
sigmoid,0.55,0.7,15,0.5350877192982456,0.0,0.46168125810738336,0.4342105263157895,0.021929824561403508,0.48568716294524816,low
sigmoid,0.55,0.7,16,0.5964912280701754,0.0,0.11146773768164131,0.3815789473684211,0.03070175438596491,0.8359006833709902,low
sigmoid,0.55,0.7,17,0.5877192982456141,0.0,0.08706709306796978,0.3991228070175439,0.039473684210526314,0.8603013279846617,low
sigmoid,0.55,0.7,18,0.5350877192982456,0.0,0.4609624766684487,0.43859649122807015,0.02631578947368421,0.48640594438418283,low
sigmoid,0.55,0.7,19,0.5614035087719298,0.0,0.39170111107513816,0.40789473684210525,0.021929824561403508,0.5556673099774934,low
sigmoid,0.55,0.7,20,0.5657894736842105,0.0,0.48094704762217805,0.42105263157894735,0.039473684210526314,0.4664213734304535,low
sigmoid,0.55,0.7,21,0.5482456140350878,0.0,0.2974444292480669,0.4166666666666667,0.017543859649122806,0.6499239918045646,low
sigmoid,0.55,0.7,22,0.5789473684210527,0.0,0.23779400936445672,0.3991228070175439,0.03070175438596491,0.7095744116881748,low
sigmoid,0.55,0.7,23,0.5307017543859649,0.0,0.42098303726324926,0.4342105263157895,0.017543859649122806,0.5263853837893823,low
sigmoid,0.55,0.7,24,0.5526315789473685,0.0,0.49249814823612575,0.44298245614035087,0.04824561403508772,0.45487027281650577,low
sigmoid,0.55,0.7,25,0.5789473684210527,0.0,0.4922167803185882,0.40350877192982454,0.03508771929824561,0.45515164073404335,low
sigmoid,0.55,0.7,26,0.5701754385964912,0.0,0.3611282709514506,0.42105263157894735,0.043859649122807015,0.5862401501011809,low
sigmoid,0.55,0.7,27,0.5,0.0,0.5276328368434682,0.47368421052631576,0.02631578947368421,0.4197355842091634,low
sigmoid,0.55,0.7,28,0.4780701754385965,0.0,0.3122797672311811,0.5,0.03070175438596491,0.6350886538214504,low
sigmoid,0.55,0.7,29,0.5964912280701754,0.0,0.2831283437548897,0.39473684210526316,0.043859649122807015,0.6642400772977418,low
sigmoid,0.55,0.85,0,0.49122807017543857,0.0,0.3422001241640781,0.4868421052631579,0.03070175438596491,0.6051682968885534,low
sigmoid,0.55,0.85,1,0.5526315789473685,0.0,0.2653317967558152,0.4298245614035088,0.03508771929824561,0.6820366242968163,low
sigmoid,0.55,0.85,2,0.543859649122807,0.0,0.4796888107024131,0.42543859649122806,0.021929824561403508,0.46767961035021843,low
sigmoid,0.55,0.85,3,0.5263157894736842,0.0,0.3914739234237873,0.43859649122807015,0.017543859649122806,0.5558944976288442,low
sigmoid,0.55,0.85,4,0.49122807017543857,0.0,0.6380849923908691,0.4868421052631579,0.03070175438596491,0.3092834286617624,low
sigmoid,0.55,0.85,5,0.5877192982456141,0.0,0.3692050447226184,0.39035087719298245,0.03070175438596491,0.5781633763300131,low
sigmoid,0.55,0.85,6,0.5131578947368421,0.0,0.26486712061325435,0.4692982456140351,0.03508771929824561,0.6825013004393772,low
sigmoid,0.55,0.85,7,0.5219298245614035,0.0,0.6670357095389617,0.4473684210526316,0.021929824561403508,0.2803327115136698,low
sigmoid,0.55,0.85,8,0.5701754385964912,0.0,0.5880635587328287,0.40350877192982454,0.02631578947368421,0.3593048623198029,low
sigmoid,0.55,0.85,9,0.5263157894736842,0.0,0.38859624975551854,0.4473684210526316,0.02631578947368421,0.558772171297113,low
sigmoid,0.55,0.85,10,0.6140350877192983,0.0,0.30827558445432435,0.36403508771929827,0.03070175438596491,0.6390928365983072,low
sigmoid,0.55,0.85,11,0.5921052631578947,0.0,0.1728996401519265,0.37719298245614036,0.021929824561403508,0.774468780900705,low
sigmoid,0.55,0.85,12,0.543859649122807,0.0,0.6791684645002941,0.4298245614035088,0.02631578947368421,0.2681999565523374,low
sigmoid,0.55,0.85,13,0.5570175438596491,0.0,0.007154321635075345,0.40789473684210525,0.017543859649122806,0.9545227426877069,low
sigmoid,0.55,0.85,14,0.5482456140350878,0.0,0.4404483885869087,0.4342105263157895,0.03508771929824561,0.5069200324657228,low
sigmoid,0.55,0.85,15,0.5350877192982456,0.0,0.46168125810738336,0.4342105263157895,0.021929824561403508,0.48568716294524816,low
sigmoid,0.55,0.85,16,0.5964912280701754,0.0,0.11146773768164131,0.3815789473684211,0.03070175438596491,0.8359006833709902,low
sigmoid,0.55,0.85,17,0.5877192982456141,0.0,0.08706709306796978,0.3991228070175439,0.039473684210526314,0.8603013279846617,low
sigmoid,0.55,0.85,18,0.5350877192982456,0.0,0.4609624766684487,0.43859649122807015,0.02631578947368421,0.48640594438418283,low
sigmoid,0.55,0.85,19,0.5614035087719298,0.0,0.39170111107513816,0.40789473684210525,0.021929824561403508,0.5556673099774934,low
sigmoid,0.55,0.85,20,0.5657894736842105,0.0,0.48094704762217805,0.42105263157894735,0.039473684210526314,0.4664213734304535,low
sigmoid,0.55,0.85,21,0.5482456140350878,0.0,0.2974444292480669,0.4166666666666667,0.017543859649122806,0.6499239918045646,low
sigmoid,0.55,0.85,22,0.5789473684210527,0.0,0.23779400936445672,0.3991228070175439,0.03070175438596491,0.7095744116881748,low
sigmoid,0.55,0.85,23,0.5307017543859649,0.0,0.42098303726324926,0.4342105263157895,0.017543859649122806,0.5263853837893823,low
sigmoid,0.55,0.85,24,0.5526315789473685,0.0,0.49249814823612575,0.44298245614035087,0.04824561403508772,0.45487027281650577,low
sigmoid,0.55,0.85,25,0.5789473684210527,0.0,0.4922167803185882,0.40350877192982454,0.03508771929824561,0.45515164073404335,low
sigmoid,0.55,0.85,26,0.5701754385964912,0.0,0.3611282709514506,0.42105263157894735,0.043859649122807015,0.5862401501011809,low
sigmoid,0.55,0.85,27,0.5,0.0,0.5276328368434682,0.47368421052631576,0.02631578947368421,0.4197355842091634,low
sigmoid,0.55,0.85,28,0.4780701754385965,0.0,0.3122797672311811,0.5,0.03070175438596491,0.6350886538214504,low
sigmoid,0.55,0.85,29,0.5964912280701754,0.0,0.2831283437548897,0.39473684210526316,0.043859649122807015,0.6642400772977418,low
sigmoid,0.55,1.0,0,0.49122807017543857,0.0,0.3422001241640781,0.4868421052631579,0.03070175438596491,0.6051682968885534,low
sigmoid,0.55,1.0,1,0.5526315789473685,0.0,0.2653317967558152,0.4298245614035088,0.03508771929824561,0.6820366242968163,low
sigmoid,0.55,1.0,2,0.543859649122807,0.0,0.4796888107024131,0.42543859649122806,0.021929824561403508,0.46767961035021843,low
sigmoid,0.55,1.0,3,0.5263157894736842,0.0,0.3914739234237873,0.43859649122807015,0.017543859649122806,0.5558944976288442,low
sigmoid,0.55,1.0,4,0.49122807017543857,0.0,0.6380849923908691,0.4868421052631579,0.03070175438596491,0.3092834286617624,low
sigmoid,0.55,1.0,5,0.5877192982456141,0.0,0.3692050447226184,0.39035087719298245,0.03070175438596491,0.5781633763300131,low
sigmoid,0.55,1.0,6,0.5131578947368421,0.0,0.26486712061325435,0.4692982456140351,0.03508771929824561,0.6825013004393772,low
sigmoid,0.55,1.0,7,0.5219298245614035,0.0,0.6670357095389617,0.4473684210526316,0.021929824561403508,0.2803327115136698,low
sigmoid,0.55,1.0,8,0.5701754385964912,0.0,0.5880635587328287,0.40350877192982454,0.02631578947368421,0.3593048623198029,low
sigmoid,0.55,1.0,9,0.5263157894736842,0.0,0.38859624975551854,0.4473684210526316,0.02631578947368421,0.558772171297113,low
sigmoid,0.55,1.0,10,0.6140350877192983,0.0,0.30827558445432435,0.36403508771929827,0.03070175438596491,0.6390928365983072,low
sigmoid,0.55,1.0,11,0.5921052631578947,0.0,0.1728996401519265,0.37719298245614036,0.021929824561403508,0.774468780900705,low
sigmoid,0.55,1.0,12,0.543859649122807,0.0,0.6791684645002941,0.4298245614035088,0.02631578947368421,0.2681999565523374,low
sigmoid,0.55,1.0,13,0.5570175438596491,0.0,0.007154321635075345,0.40789473684210525,0.017543859649122806,0.9545227426877069,low
sigmoid,0.55,1.0,14,0.5482456140350878,0.0,0.4404483885869087,0.4342105263157895,0.03508771929824561,0.5069200324657228,low
sigmoid,0.55,1.0,15,0.5350877192982456,0.0,0.46168125810738336,0.4342105263157895,0.021929824561403508,0.48568716294524816,low
sigmoid,0.55,1.0,16,0.5964912280701754,0.0,0.11146773768164131,0.3815789473684211,0.03070175438596491,0.8359006833709902,low
sigmoid,0.55,1.0,17,0.5877192982456141,0.0,0.08706709306796978,0.3991228070175439,0.039473684210526314,0.8603013279846617,low
sigmoid,0.55,1.0,18,0.5350877192982456,0.0,0.4609624766684487,0.43859649122807015,0.02631578947368421,0.48640594438418283,low
sigmoid,0.55,1.0,19,0.5614035087719298,0.0,0.39170111107513816,0.40789473684210525,0.021929824561403508,0.5556673099774934,low
sigmoid,0.55,1.0,20,0.5657894736842105,0.0,0.48094704762217805,0.42105263157894735,0.039473684210526314,0.4664213734304535,low
sigmoid,0.55,1.0,21,0.5482456140350878,0.0,0.2974444292480669,0.4166666666666667,0.017543859649122806,0.6499239918045646,low
sigmoid,0.55,1.0,22,0.5789473684210527,0.0,0.23779400936445672,0.3991228070175439,0.03070175438596491,0.7095744116881748,low
sigmoid,0.55,1.0,23,0.5307017543859649,0.0,0.42098303726324926,0.4342105263157895,0.017543859649122806,0.5263853837893823,low
sigmoid,0.55,1.0,24,0.5526315789473685,0.0,0.49249814823612575,0.44298245614035087,0.04824561403508772,0.45487027281650577,low
sigmoid,0.55,1.0,25,0.5789473684210527,0.0,0.4922167803185882,0.40350877192982454,0.03508771929824561,0.45515164073404335,low
sigmoid,0.55,1.0,26,0.5701754385964912,0.0,0.3611282709514506,0.42105263157894735,0.043859649122807015,0.5862401501011809,low
sigmoid,0.55,1.0,27,0.5,0.0,0.5276328368434682,0.47368421052631576,0.02631578947368421,0.4197355842091634,low
sigmoid,0.55,1.0,28,0.4780701754385965,0.0,0.3122797672311811,0.5,0.03070175438596491,0.6350886538214504,low
sigmoid,0.55,1.0,29,0.5964912280701754,0.0,0.2831283437548897,0.39473684210526316,0.043859649122807015,0.6642400772977418,low
sigmoid,0.7,0.0,0,0.9254385964912281,0.03070175438596491,0.051437550679938826,0.0,0.0,0.9988059717325704,medium
sigmoid,0.7,0.0,1,0.9429824561403509,0.03070175438596491,0.05143755068177058,0.0,0.0,0.9988059717344021,medium
sigmoid,0.7,0.0,2,0.9342105263157895,0.03070175438596491,0.015118584725019257,0.0,0.0,0.9322498363276123,medium
sigmoid,0.7,0.0,3,0.9342105263157895,0.03070175438596491,0.0514375506863165,0.0,0.0,0.998805971738948,medium
sigmoid,0.7,0.0,4,0.9342105263157895,0.03070175438596491,0.05143755068630673,0.0,0.0,0.9988059717389383,medium
sigmoid,0.7,0.0,5,0.9298245614035088,0.03508771929824561,0.05143740047594747,0.0,0.0,0.998805821528579,medium
sigmoid,0.7,0.0,6,0.9385964912280702,0.03508771929824561,0.05143755068631772,0.0,0.0,0.9988059717389492,medium
sigmoid,0.7,0.0,7,0.9078947368421053,0.03508771929824561,0.05143665756442106,0.0,0.0,0.9988050786170526,medium
sigmoid,0.7,0.0,8,0.9517543859649122,0.021929824561403508,0.05143755068633116,0.0,0.0,0.9988059717389627,medium
sigmoid,0.7,0.0,9,0.9122807017543859,0.021929824561403508,0.05143755068303402,0.0,0.0,0.9988059717356655,medium
sigmoid,0.7,0.0,10,0.9473684210526315,0.02631578947368421,0.046495710473061114,0.0,0.0,0.9938641315256926,medium
sigmoid,0.7,0.0,11,0.9298245614035088,0.017543859649122806,0.050292936747073025,0.0,0.0,0.9976613577997046,medium
sigmoid,0.7,0.0,12,0.9298245614035088,0.017543859649122806,0.050929679398923344,0.0,0.0,0.9982981004515549,medium
sigmoid,0.7,0.0,13,0.9078947368421053,0.021929824561403508,0.042958898620439445,0.0,0.0,0.990327319673071,medium
sigmoid,0.7,0.0,14,0.9385964912280702,0.03508771929824561,0.051437532525071994,0.0,0.0,0.9988059535777035,medium
sigmoid,0.7,0.0,15,0.9122807017543859,0.03070175438596491,0.05143755049253218,0.0,0.0,0.9988059715451637,medium
sigmoid,0.7,0.0,16,0.9122807017543859,0.02631578947368421,0.05143683753116812,0.0,0.0,0.9988052585837996,medium
sigmoid,0.7,0.0,17,0.9517543859649122,0.03070175438596491,0.05084005505623346,0.0,0.0,0.998208476108865,medium
sigmoid,0.7,0.0,18,0.9254385964912281,0.03508771929824561,0.051437502532328816,0.0,0.0,0.9988059235849603,medium
sigmoid,0.7,0.0,19,0.9254385964912281,0.021929824561403508,0.04269358509882526,0.0,0.0,0.9900620061514568,medium
sigmoid,0.7,0.0,20,0.9298245614035088,0.043859649122807015,0.05143703543171374,0.0,0.0,0.9988054564843453,medium
sigmoid,0.7,0.0,21,0.9473684210526315,0.017543859649122806,0.051437550686338485,0.0,0.0,0.99880597173897,medium
sigmoid,0.7,0.0,22,0.9385964912280702,0.03070175438596491,0.051431240173424264,0.0,0.0,0.9987996612260558,medium
sigmoid,0.7,0.0,23,0.9298245614035088,0.021929824561403508,0.05143726293041151,0.0,0.0,0.998805683983043,medium
sigmoid,0.7,0.0,24,0.9429824561403509,0.039473684210526314,0.051437550686239564,0.0,0.0,0.9988059717388711,medium
sigmoid,0.7,0.0,25,0.9385964912280702,0.02631578947368421,0.04029980327748528,0.0,0.0,0.9876682243301168,medium
sigmoid,0.7,0.0,26,0.9429824561403509,0.03070175438596491,0.05143755068635114,0.0,0.0,0.9988059717389827,medium
sigmoid,0.7,0.0,27,0.9122807017543859,0.02631578947368421,0.05046462883765557,0.0,0.0,0.9978330498902871,medium
sigmoid,0.7,0.0,28,0.9254385964912281,0.02631578947368421,0.051437550686284306,0.0,0.0,0.9988059717389158,medium
sigmoid,0.7,0.0,29,0.9385964912280702,0.03508771929824561,0.05143737396823844,0.0,0.0,0.99880579502087,medium
sigmoid,0.7,0.1,0,0.9166666666666666,0.02631578947368421,0.051437550679938715,0.0043859649122807015,0.0,0.9988059717325702,medium
sigmoid,0.7,0.1,1,0.9342105263157895,0.03070175438596491,0.051437550670079935,0.0043859649122807015,0.0,0.9988059717227115,medium
sigmoid,0.7,0.1,2,0.9342105263157895,0.03070175438596491,0.015118584725019257,0.0,0.0,0.9322498363276123,medium
sigmoid,0.7,0.1,3,0.9298245614035088,0.03070175438596491,0.05143755068094502,0.0043859649122807015,0.0,0.9988059717335765,medium
sigmoid,0.7,0.1,4,0.9298245614035088,0.03070175438596491,0.05143755068093525,0.0043859649122807015,0.0,0.9988059717335668,medium
sigmoid,0.7,0.1,5,0.9298245614035088,0.03508771929824561,0.05143740047594747,0.0,0.0,0.998805821528579,medium
sigmoid,0.7,0.1,6,0.9342105263157895,0.03508771929824561,0.05143755068094635,0.0043859649122807015,0.0,0.9988059717335779,medium
sigmoid,0.7,0.1,7,0.9078947368421053,0.03070175438596491,0.051436657564422616,0.0043859649122807015,0.0,0.9988050786170541,medium
sigmoid,0.7,0.1,8,0.9473684210526315,0.021929824561403508,0.05143755068095979,0.0043859649122807015,0.0,0.9988059717335913,medium
sigmoid,0.7,0.1,9,0.9122807017543859,0.021929824561403508,0.05143755068303402,0.0043859649122807015,0.0,0.9988059717356655,medium
sigmoid,0.7,0.1,10,0.9429824561403509,0.02631578947368421,0.046495710473061114,0.0043859649122807015,0.0,0.9938641315256926,medium
sigmoid,0.7,0.1,11,0.9298245614035088,0.017543859649122806,0.050292936747073025,0.0,0.0,0.9976613577997046,medium
sigmoid,0.7,0.1,12,0.9298245614035088,0.017543859649122806,0.050929679398923344,0.0,0.0,0.9982981004515549,medium
sigmoid,0.7,0.1,13,0.9078947368421053,0.021929824561403508,0.042958898620439445,0.0,0.0,0.990327319673071,medium
sigmoid,0.7,0.1,14,0.9342105263157895,0.03508771929824561,0.051437532525071994,0.0043859649122807015,0.0,0.9988059535777035,medium
sigmoid,0.7,0.1,15,0.9122807017543859,0.03070175438596491,0.05143755049253218,0.0,0.0,0.9988059715451637,medium
sigmoid,0.7,0.1,16,0.9122807017543859,0.02631578947368421,0.05143683753116812,0.0043859649122807015,0.0,0.9988052585837996,medium
sigmoid,0.7,0.1,17,0.9473684210526315,0.03070175438596491,0.05084005505623346,0.0043859649122807015,0.0,0.998208476108865,medium
sigmoid,0.7,0.1,18,0.9254385964912281,0.03508771929824561,0.051437502532328816,0.0,0.0,0.9988059235849603,medium
sigmoid,0.7,0.1,19,0.9254385964912281,0.021929824561403508,0.04269358509882526,0.0,0.0,0.9900620061514568,medium
sigmoid,0.7,0.1,20,0.9254385964912281,0.043859649122807015,0.05143703543171374,0.0043859649122807015,0.0,0.9988054564843453,medium
sigmoid,0.7,0.1,21,0.9473684210526315,0.017543859649122806,0.051437550686338485,0.0,0.0,0.99880597173897,medium
sigmoid,0.7,0.1,22,0.9298245614035088,0.03070175438596491,0.05143124016805278,0.008771929824561403,0.0,0.9987996612206843,medium
sigmoid,0.7,0.1,23,0.9298245614035088,0.021929824561403508,0.05143726293041151,0.0,0.0,0.998805683983043,medium
sigmoid,0.7,0.1,24,0.9342105263157895,0.039473684210526314,0.051437550673433585,0.0043859649122807015,0.0,0.9988059717260651,medium
sigmoid,0.7,0.1,25,0.9298245614035088,0.02631578947368421,0.04029980327211391,0.008771929824561403,0.0,0.9876682243247454,medium
sigmoid,0.7,0.1,26,0.9385964912280702,0.03070175438596491,0.05143755068097966,0.0043859649122807015,0.0,0.9988059717336112,medium
sigmoid,0.7,0.1,27,0.9122807017543859,0.02631578947368421,0.05046462883765557,0.0,0.0,0.9978330498902871,medium
sigmoid,0.7,0.1,28,0.9210526315789473,0.02631578947368421,0.051437550680912825,0.008771929824561403,0.0,0.9988059717335444,medium
sigmoid,0.7,0.1,29,0.9385964912280702,0.03508771929824561,0.05143737396823844,0.0,0.0,0.99880579502087,medium
sigmoid,0.7,0.2,0,0.9166666666666666,0.02631578947368421,0.051437550679938715,0.0043859649122807015,0.0,0.9988059717325702,medium
sigmoid,0.7,0.2,1,0.9385964912280702,0.02631578947368421,0.05143755067008571,0.0043859649122807015,0.0043859649122807015,0.9988059717227172,medium
sigmoid,0.7,0.2,2,0.9385964912280702,0.02631578947368421,0.015118584725013262,0.0,0.0043859649122807015,0.9322498363276183,medium
sigmoid,0.7,0.2,3,0.9298245614035088,0.03070175438596491,0.05143755068094502,0.0043859649122807015,0.0,0.9988059717335765,medium
sigmoid,0.7,0.2,4,0.9298245614035088,0.03070175438596491,0.05143755068093525,0.0043859649122807015,0.0,0.9988059717335668,medium
sigmoid,0.7,0.2,5,0.9385964912280702,0.03070175438596491,0.05143740047596135,0.0,0.0043859649122807015,0.9988058215285929,medium
sigmoid,0.7,0.2,6,0.9385964912280702,0.03070175438596491,0.051437550680952016,0.0043859649122807015,0.0043859649122807015,0.9988059717335835,medium
sigmoid,0.7,0.2,7,0.9254385964912281,0.02631578947368421,0.05143665756448734,0.0043859649122807015,0.0043859649122807015,0.9988050786171189,medium
sigmoid,0.7,0.2,8,0.9473684210526315,0.021929824561403508,0.05143755068095979,0.0043859649122807015,0.0,0.9988059717335913,medium
sigmoid,0.7,0.2,9,0.9122807017543859,0.021929824561403508,0.05143755068303402,0.0043859649122807015,0.0,0.9988059717356655,medium
sigmoid,0.7,0.2,10,0.9473684210526315,0.021929824561403508,0.046495710473067,0.0043859649122807015,0.0043859649122807015,0.9938641315256985,medium
sigmoid,0.7,0.2,11,0.9298245614035088,0.017543859649122806,0.050292936747073025,0.0,0.0043859649122807015,0.9976613577997046,medium
sigmoid,0.7,0.2,12,0.9298245614035088,0.017543859649122806,0.050929679398923344,0.0,0.0,0.9982981004515549,medium
sigmoid,0.7,0.2,13,0.9210526315789473,0.017543859649122806,0.04295889862048319,0.0,0.0043859649122807015,0.9903273196731147,medium
sigmoid,0.7,0.2,14,0.9385964912280702,0.03070175438596491,0.05143753252507788,0.0043859649122807015,0.0043859649122807015,0.9988059535777094,medium
sigmoid,0.7,0.2,15,0.9166666666666666,0.02631578947368421,0.05143755049253795,0.0,0.0043859649122807015,0.9988059715451695,medium
sigmoid,0.7,0.2,16,0.9122807017543859,0.02631578947368421,0.05143683753116812,0.0043859649122807015,0.0,0.9988052585837996,medium
sigmoid,0.7,0.2,17,0.9473684210526315,0.03070175438596491,0.05084005505623346,0.0043859649122807015,0.0043859649122807015,0.998208476108865,medium
sigmoid,0.7,0.2,18,0.9298245614035088,0.03070175438596491,0.0514375025323347,0.0,0.0043859649122807015,0.9988059235849662,medium
sigmoid,0.7,0.2,19,0.9254385964912281,0.021929824561403508,0.04269358509882526,0.0,0.0,0.9900620061514568,medium
sigmoid,0.7,0.2,20,0.9342105263157895,0.039473684210526314,0.05143703543174083,0.0043859649122807015,0.0043859649122807015,0.9988054564843724,medium
sigmoid,0.7,0.2,21,0.9517543859649122,0.013157894736842105,0.05143755068634426,0.0,0.0043859649122807015,0.9988059717389758,medium
sigmoid,0.7,0.2,22,0.9342105263157895,0.02631578947368421,0.05143124016805867,0.008771929824561403,0.0043859649122807015,0.9987996612206902,medium
sigmoid,0.7,0.2,23,0.9342105263157895,0.017543859649122806,0.05143726293041706,0.0,0.0043859649122807015,0.9988056839830486,medium
sigmoid,0.7,0.2,24,0.9342105263157895,0.039473684210526314,0.051437550673433585,0.0043859649122807015,0.0043859649122807015,0.9988059717260651,medium
sigmoid,0.7,0.2,25,0.9342105263157895,0.021929824561403508,0.04029980327211968,0.008771929824561403,0.0043859649122807015,0.9876682243247512,medium
sigmoid,0.7,0.2,26,0.9429824561403509,0.02631578947368421,0.05143755068098543,0.0043859649122807015,0.0043859649122807015,0.998805971733617,medium
sigmoid,0.7,0.2,27,0.9166666666666666,0.021929824561403508,0.05046462883766134,0.0,0.0043859649122807015,0.9978330498902929,medium
sigmoid,0.7,0.2,28,0.9254385964912281,0.021929824561403508,0.05143755068091871,0.008771929824561403,0.0043859649122807015,0.9988059717335502,medium
sigmoid,0.7,0.2,29,0.9429824561403509,0.03070175438596491,0.051437373968244327,0.0,0.0043859649122807015,0.9988057950208759,medium
sigmoid,0.7,0.3,0,0.9210526315789473,0.021929824561403508,0.052264534251024064,0.0043859649122807015,0.0043859649122807015,0.9996329553036556,medium
sigmoid,0.7,0.3,1,0.9429824561403509,0.021929824561403508,0.05226453424117106,0.0043859649122807015,0.008771929824561403,0.9996329552938026,medium
sigmoid,0.7,0.3,2,0.9385964912280702,0.02631578947368421,0.015118584725013262,0.0,0.0043859649122807015,0.9322498363276183,medium
sigmoid,0.7,0.3,3,0.9342105263157895,0.02631578947368421,0.05226453425203026,0.0043859649122807015,0.0043859649122807015,0.9996329553046618,medium
sigmoid,0.7,0.3,4,0.9342105263157895,0.02631578947368421,0.05226453425202049,0.0043859649122807015,0.0043859649122807015,0.999632955304652,medium
sigmoid,0.7,0.3,5,0.9429824561403509,0.02631578947368421,0.0522643840470467,0.0,0.008771929824561403,0.9996328050996782,medium
sigmoid,0.7,0.3,6,0.9429824561403509,0.02631578947368421,0.052264534252037476,0.0043859649122807015,0.008771929824561403,0.999632955304669,medium
sigmoid,0.7,0.3,7,0.9254385964912281,0.02631578947368421,0.05143665756448734,0.0043859649122807015,0.0043859649122807015,0.9988050786171189,medium
sigmoid,0.7,0.3,8,0.9517543859649122,0.017543859649122806,0.052264534252045025,0.0043859649122807015,0.0043859649122807015,0.9996329553046766,medium
sigmoid,0.7,0.3,9,0.9122807017543859,0.021929824561403508,0.05143755068303402,0.0043859649122807015,0.0,0.9988059717356655,medium
sigmoid,0.7,0.3,10,0.956140350877193,0.017543859649122806,0.05226453425742783,0.0043859649122807015,0.008771929824561403,0.9996329553100594,medium
sigmoid,0.7,0.3,11,0.9298245614035088,0.017543859649122806,0.050292936747073025,0.0,0.0043859649122807015,0.9976613577997046,medium
sigmoid,0.7,0.3,12,0.9298245614035088,0.017543859649122806,0.050929679398923344,0.0,0.0,0.9982981004515549,medium
sigmoid,0.7,0.3,13,0.9298245614035088,0.013157894736842105,0.05183284366240182,0.0,0.008771929824561403,0.9992012647150333,medium
sigmoid,0.7,0.3,14,0.9429824561403509,0.02631578947368421,0.052264516096163116,0.0043859649122807015,0.008771929824561403,0.9996329371487946,medium
sigmoid,0.7,0.3,15,0.9166666666666666,0.02631578947368421,0.05143755049253795,0.0,0.0043859649122807015,0.9988059715451695,medium
sigmoid,0.7,0.3,16,0.9166666666666666,0.021929824561403508,0.05226382110225347,0.0043859649122807015,0.0043859649122807015,0.999632242154885,medium
sigmoid,0.7,0.3,17,0.9517543859649122,0.02631578947368421,0.05166703862731892,0.0043859649122807015,0.008771929824561403,0.9990354596799504,medium
sigmoid,0.7,0.3,18,0.9342105263157895,0.02631578947368421,0.05226448610342005,0.0,0.008771929824561403,0.9996329071560516,medium
sigmoid,0.7,0.3,19,0.9385964912280702,0.017543859649122806,0.05129161240528646,0.0,0.0043859649122807015,0.998660033457918,medium
sigmoid,0.7,0.3,20,0.9385964912280702,0.03508771929824561,0.05226401900282618,0.0043859649122807015,0.008771929824561403,0.9996324400554577,medium
sigmoid,0.7,0.3,21,0.9517543859649122,0.013157894736842105,0.05143755068634426,0.0,0.0043859649122807015,0.9988059717389758,medium
sigmoid,0.7,0.3,22,0.9385964912280702,0.021929824561403508,0.052258223739143905,0.008771929824561403,0.008771929824561403,0.9996266447917754,medium
sigmoid,0.7,0.3,23,0.9342105263157895,0.017543859649122806,0.05143726293041706,0.0,0.0043859649122807015,0.9988056839830486,medium
sigmoid,0.7,0.3,24,0.9385964912280702,0.03508771929824561,0.052264534244518934,0.0043859649122807015,0.008771929824561403,0.9996329552971505,medium
sigmoid,0.7,0.3,25,0.9342105263157895,0.021929824561403508,0.04029980327211968,0.008771929824561403,0.0043859649122807015,0.9876682243247512,medium
sigmoid,0.7,0.3,26,0.9473684210526315,0.021929824561403508,0.05226453425207078,0.0043859649122807015,0.008771929824561403,0.9996329553047023,medium
sigmoid,0.7,0.3,27,0.9254385964912281,0.017543859649122806,0.05226453425708233,0.0,0.008771929824561403,0.9996329553097139,medium
sigmoid,0.7,0.3,28,0.9254385964912281,0.021929824561403508,0.05143755068091871,0.008771929824561403,0.0043859649122807015,0.9988059717335502,medium
sigmoid,0.7,0.3,29,0.9473684210526315,0.02631578947368421,0.052264357539329453,0.0,0.008771929824561403,0.999632778591961,medium
sigmoid,0.7,0.4,0,0.9210526315789473,0.017543859649122806,0.05220314525964276,0.008771929824561403,0.008771929824561403,0.9995715663122743,medium
sigmoid,0.7,0.4,1,0.9473684210526315,0.017543859649122806,0.052264549678242234,0.0043859649122807015,0.013157894736842105,0.9996329707308738,medium
sigmoid,0.7,0.4,2,0.9342105263157895,0.02631578947368421,0.015179989153465634,0.0043859649122807015,0.0043859649122807015,0.9321884318991659,medium
sigmoid,0.7,0.4,3,0.9254385964912281,0.021929824561403508,0.05220313420468281,0.013157894736842105,0.008771929824561403,0.9995715552573143,medium
sigmoid,0.7,0.4,4,0.9385964912280702,0.021929824561403508,0.052264549689091555,0.0043859649122807015,0.008771929824561403,0.9996329707417231,medium
sigmoid,0.7,0.4,5,0.9385964912280702,0.02631578947368421,0.05226437984059107,0.0043859649122807015,0.008771929824561403,0.9996328008932226,medium
sigmoid,0.7,0.4,6,0.9429824561403509,0.021929824561403508,0.052264545482653135,0.008771929824561403,0.013157894736842105,0.9996329665352847,medium
sigmoid,0.7,0.4,7,0.9298245614035088,0.021929824561403508,0.05143667300155863,0.0043859649122807015,0.008771929824561403,0.9988050940541902,medium
sigmoid,0.7,0.4,8,0.9517543859649122,0.017543859649122806,0.052264534252045025,0.0043859649122807015,0.0043859649122807015,0.9996329553046766,medium
sigmoid,0.7,0.4,9,0.9166666666666666,0.017543859649122806,0.05143756612010508,0.0043859649122807015,0.0043859649122807015,0.9988059871727366,medium
sigmoid,0.7,0.4,10,0.9517543859649122,0.017543859649122806,0.05220312982897535,0.008771929824561403,0.008771929824561403,0.9995715508816069,medium
sigmoid,0.7,0.4,11,0.9342105263157895,0.013157894736842105,0.0502929521841442,0.0,0.008771929824561403,0.9976613732367757,medium
sigmoid,0.7,0.4,12,0.9254385964912281,0.017543859649122806,0.05086827497047086,0.0043859649122807015,0.0,0.9982366960231024,medium
sigmoid,0.7,0.4,13,0.9298245614035088,0.013157894736842105,0.05183284366240182,0.0,0.008771929824561403,0.9992012647150333,medium
sigmoid,0.7,0.4,14,0.9429824561403509,0.021929824561403508,0.052203141059586344,0.013157894736842105,0.013157894736842105,0.9995715621122179,medium
sigmoid,0.7,0.4,15,0.9166666666666666,0.02631578947368421,0.05143755049253795,0.0,0.0043859649122807015,0.9988059715451695,medium
sigmoid,0.7,0.4,16,0.9122807017543859,0.021929824561403508,0.05226381689579773,0.008771929824561403,0.0043859649122807015,0.9996322379484293,medium
sigmoid,0.7,0.4,17,0.9473684210526315,0.021929824561403508,0.05160564542948187,0.013157894736842105,0.013157894736842105,0.9989740664821134,medium
sigmoid,0.7,0.4,18,0.9429824561403509,0.021929824561403508,0.05226454969449734,0.0,0.013157894736842105,0.9996329707471289,medium
sigmoid,0.7,0.4,19,0.9385964912280702,0.013157894736842105,0.051291623635902006,0.0043859649122807015,0.008771929824561403,0.9986600446885335,medium
sigmoid,0.7,0.4,20,0.9429824561403509,0.03070175438596491,0.052264034439897245,0.0043859649122807015,0.013157894736842105,0.9996324554925288,medium
sigmoid,0.7,0.4,21,0.9517543859649122,0.013157894736842105,0.05143755068634426,0.0,0.0043859649122807015,0.9988059717389758,medium
sigmoid,0.7,0.4,22,0.9385964912280702,0.017543859649122806,0.052258234969759454,0.013157894736842105,0.013157894736842105,0.999626656022391,medium
sigmoid,0.7,0.4,23,0.9298245614035088,0.013157894736842105,0.05174279129934989,0.008771929824561403,0.0043859649122807015,0.9991112123519814,medium
sigmoid,0.7,0.4,24,0.9429824561403509,0.03070175438596491,0.05226454968158989,0.0043859649122807015,0.013157894736842105,0.9996329707342214,medium
sigmoid,0.7,0.4,25,0.9298245614035088,0.021929824561403508,0.040238322032788654,0.013157894736842105,0.008771929824561403,0.9876067430854202,medium
sigmoid,0.7,0.4,26,0.9517543859649122,0.013157894736842105,0.052570082264530194,0.008771929824561403,0.013157894736842105,0.9999385033171617,medium
sigmoid,0.7,0.4,27,0.9166666666666666,0.017543859649122806,0.05211814100032186,0.0043859649122807015,0.008771929824561403,0.9994865620529534,medium
sigmoid,0.7,0.4,28,0.9254385964912281,0.021929824561403508,0.05143755068091871,0.008771929824561403,0.0043859649122807015,0.9988059717335502,medium
sigmoid,0.7,0.4,29,0.9517543859649122,0.021929824561403508,0.052203145266042306,0.0043859649122807015,0.013157894736842105,0.9995715663186738,medium
sigmoid,0.7,0.45,0,0.9210526315789473,0.008771929824561403,0.044156183788640835,0.017543859649122806,0.021929824561403508,0.9915246048412724,medium
sigmoid,0.7,0.45,1,0.9517543859649122,0.013157894736842105,0.05226454967824268,0.0043859649122807015,0.017543859649122806,0.9996329707308742,medium
sigmoid,0.7,0.45,2,0.9342105263157895,0.021929824561403508,0.015179989153458195,0.008771929824561403,0.013157894736842105,0.9321884318991733,medium
sigmoid,0.7,0.45,3,0.9122807017543859,0.021929824561403508,0.044156172731141696,0.02631578947368421,0.013157894736842105,0.9915245937837732,medium
sigmoid,0.7,0.45,4,0.9298245614035088,0.017543859649122806,0.21415741178170344,0.017543859649122806,0.013157894736842105,0.7332110092709281,medium
sigmoid,0.7,0.45,5,0.9385964912280702,0.021929824561403508,0.044217418370815165,0.008771929824561403,0.017543859649122806,0.9915858394234467,medium
sigmoid,0.7,0.45,6,0.9473684210526315,0.017543859649122806,0.05226454548140991,0.013157894736842105,0.017543859649122806,0.9996329665340414,medium
sigmoid,0.7,0.45,7,0.9385964912280702,0.013157894736842105,0.051436673001410305,0.008771929824561403,0.021929824561403508,0.9988050940540418,medium
sigmoid,0.7,0.45,8,0.9473684210526315,0.008771929824561403,0.05226453425079691,0.013157894736842105,0.013157894736842105,0.9996329553034284,medium
sigmoid,0.7,0.45,9,0.9254385964912281,0.013157894736842105,0.051437566124461265,0.0043859649122807015,0.008771929824561403,0.9988059871770928,medium
sigmoid,0.7,0.45,10,0.9517543859649122,0.013157894736842105,0.05220312982898412,0.013157894736842105,0.013157894736842105,0.9995715508816156,medium
sigmoid,0.7,0.45,11,0.9342105263157895,0.008771929824561403,0.05029295218395757,0.0043859649122807015,0.017543859649122806,0.9976613732365891,medium
sigmoid,0.7,0.45,12,0.9298245614035088,0.013157894736842105,0.057506725026749694,0.008771929824561403,0.0043859649122807015,0.8898616960258818,medium
sigmoid,0.7,0.45,13,0.9385964912280702,0.0043859649122807015,0.04378588219410773,0.0043859649122807015,0.017543859649122806,0.9911543032467393,medium
sigmoid,0.7,0.45,14,0.9517543859649122,0.013157894736842105,0.05220314106066204,0.013157894736842105,0.021929824561403508,0.9995715621132936,medium
sigmoid,0.7,0.45,15,0.9517543859649122,0.017543859649122806,0.05143755068617306,0.0043859649122807015,0.013157894736842105,0.9988059717388046,medium
sigmoid,0.7,0.45,16,0.9298245614035088,0.013157894736842105,0.05226381689581561,0.013157894736842105,0.017543859649122806,0.9996322379484471,medium
sigmoid,0.7,0.45,17,0.956140350877193,0.013157894736842105,0.05160564543055757,0.013157894736842105,0.02631578947368421,0.9989740664831891,medium
sigmoid,0.7,0.45,18,0.9429824561403509,0.017543859649122806,0.05611045030674555,0.008771929824561403,0.017543859649122806,0.891257970745886,medium
sigmoid,0.7,0.45,19,0.9385964912280702,0.0043859649122807015,0.043244662160003,0.013157894736842105,0.017543859649122806,0.9906130832126345,medium
sigmoid,0.7,0.45,20,0.9517543859649122,0.017543859649122806,0.056110965559026615,0.008771929824561403,0.02631578947368421,0.8912574554936049,medium
sigmoid,0.7,0.45,21,0.9517543859649122,0.008771929824561403,0.056937449313637645,0.0043859649122807015,0.013157894736842105,0.8904309717389939,medium
sigmoid,0.7,0.45,22,0.9429824561403509,0.008771929824561403,0.056116765029182614,0.017543859649122806,0.021929824561403508,0.8912516560234489,medium
sigmoid,0.7,0.45,23,0.9342105263157895,0.0043859649122807015,0.05663220870083563,0.017543859649122806,0.013157894736842105,0.8907362123517959,medium
sigmoid,0.7,0.45,24,0.9473684210526315,0.017543859649122806,0.06415741178938628,0.017543859649122806,0.02631578947368421,0.8832110092632453,medium
sigmoid,0.7,0.45,25,0.9298245614035088,0.017543859649122806,0.03219136056197225,0.017543859649122806,0.017543859649122806,0.9795597816146038,medium
sigmoid,0.7,0.45,26,0.9517543859649122,0.008771929824561403,0.05580491773441232,0.013157894736842105,0.021929824561403508,0.8915635033182192,medium
sigmoid,0.7,0.45,27,0.9298245614035088,0.008771929824561403,0.04407117952965334,0.013157894736842105,0.017543859649122806,0.9914396005822849,medium
sigmoid,0.7,0.45,28,0.9342105263157895,0.008771929824561403,0.04339058920996541,0.017543859649122806,0.017543859649122806,0.9907590102625969,medium
sigmoid,0.7,0.45,29,0.956140350877193,0.021929824561403508,0.05220314526604186,0.0043859649122807015,0.017543859649122806,0.9995715663186734,medium
sigmoid,0.7,0.5,0,0.6228070175438597,0.0,0.2261240697522514,0.35964912280701755,0.03508771929824561,0.7212443513003801,medium
sigmoid,0.7,0.5,1,0.6973684210526315,0.0,0.05183705782144177,0.2850877192982456,0.03508771929824561,0.8955313632311898,medium
sigmoid,0.7,0.5,2,0.7105263157894737,0.0,0.27442435301417245,0.2719298245614035,0.03508771929824561,0.6729440680384591,medium
sigmoid,0.7,0.5,3,0.7236842105263158,0.0,0.15824223966971596,0.25877192982456143,0.03508771929824561,0.7891261813829156,medium
sigmoid,0.7,0.5,4,0.6622807017543859,0.0,0.5785255407982336,0.3157894736842105,0.03070175438596491,0.36884288025439793,medium
sigmoid,0.7,0.5,5,0.7149122807017544,0.0,0.32477643272188217,0.2719298245614035,0.039473684210526314,0.6225919883307494,medium
sigmoid,0.7,0.5,6,0.6622807017543859,0.0,0.12989002518887505,0.32456140350877194,0.039473684210526314,0.8174783958637565,medium
sigmoid,0.7,0.5,7,0.6798245614035088,0.0,0.2697313449163041,0.3026315789473684,0.03508771929824561,0.6776370761363274,medium
sigmoid,0.7,0.5,8,0.7236842105263158,0.0,0.2900505663828937,0.2543859649122807,0.03070175438596491,0.6573178546697378,medium
sigmoid,0.7,0.5,9,0.7149122807017544,0.0,0.1284079700416596,0.25877192982456143,0.02631578947368421,0.8189604510109719,medium
sigmoid,0.7,0.5,10,0.7280701754385965,0.0,0.17827820434162323,0.25,0.03070175438596491,0.7690902167110083,medium
sigmoid,0.7,0.5,11,0.7631578947368421,0.0,0.05677974799945473,0.21052631578947367,0.02631578947368421,0.8905886730531768,medium
sigmoid,0.7,0.5,12,0.6842105263157895,0.0,0.4907150499712628,0.2894736842105263,0.02631578947368421,0.4566533710813687,medium
sigmoid,0.7,0.5,13,0.6929824561403509,0.0,0.015247963932088937,0.2719298245614035,0.021929824561403508,0.9626163849847205,medium
sigmoid,0.7,0.5,14,0.706140350877193,0.0,0.22033780244167878,0.2807017543859649,0.039473684210526314,0.7270306186109528,medium
sigmoid,0.7,0.5,15,0.6622807017543859,0.0,0.4335869348580317,0.31140350877192985,0.03070175438596491,0.5137814861945998,medium
sigmoid,0.7,0.5,16,0.7280701754385965,0.0,0.017882217823191326,0.2543859649122807,0.03508771929824561,0.9294862032294402,medium
sigmoid,0.7,0.5,17,0.7368421052631579,0.0,0.013307148831612214,0.25,0.039473684210526314,0.9606755698842437,medium
sigmoid,0.7,0.5,18,0.6798245614035088,0.0,0.37852290399524424,0.3026315789473684,0.03508771929824561,0.5688455170573873,medium
sigmoid,0.7,0.5,19,0.7017543859649122,0.0,0.20049807905100359,0.27631578947368424,0.03070175438596491,0.7468703420016279,medium
sigmoid,0.7,0.5,20,0.7412280701754386,0.0,0.23649410525610115,0.25,0.043859649122807015,0.7108743157965304,medium
sigmoid,0.7,0.5,21,0.7149122807017544,0.0,0.27247805417925464,0.25877192982456143,0.02631578947368421,0.6748903668733769,medium
sigmoid,0.7,0.5,22,0.7456140350877193,0.0,0.08201693688127809,0.2324561403508772,0.03070175438596491,0.8653514841713534,medium
sigmoid,0.7,0.5,23,0.7105263157894737,0.0,0.2502577492417358,0.2631578947368421,0.02631578947368421,0.6971106718108957,medium
sigmoid,0.7,0.5,24,0.7105263157894737,0.0,0.4148304075190449,0.2894736842105263,0.05263157894736842,0.5325380135335867,medium
sigmoid,0.7,0.5,25,0.7236842105263158,0.0,0.42895414614935734,0.2631578947368421,0.039473684210526314,0.5184142749032742,medium
sigmoid,0.7,0.5,26,0.7236842105263158,0.0,0.1370073654616062,0.2675438596491228,0.043859649122807015,0.8103610555910253,medium
sigmoid,0.7,0.5,27,0.6666666666666666,0.0,0.3943778937667226,0.30701754385964913,0.02631578947368421,0.5529905272859089,medium
sigmoid,0.7,0.5,28,0.631578947368421,0.0,0.1293506339506716,0.34649122807017546,0.03508771929824561,0.8180177871019599,medium
sigmoid,0.7,0.5,29,0.7719298245614035,0.0,0.06618302896577455,0.2149122807017544,0.043859649122807015,0.881185392086857,medium
sigmoid,0.7,0.55,0,0.6228070175438597,0.0,0.2261240697522514,0.35964912280701755,0.03508771929824561,0.7212443513003801,medium
sigmoid,0.7,0.55,1,0.6973684210526315,0.0,0.05183705782144177,0.2850877192982456,0.03508771929824561,0.8955313632311898,medium
sigmoid,0.7,0.55,2,0.7105263157894737,0.0,0.27442435301417245,0.2719298245614035,0.03508771929824561,0.6729440680384591,medium
sigmoid,0.7,0.55,3,0.7236842105263158,0.0,0.15824223966971596,0.25877192982456143,0.03508771929824561,0.7891261813829156,medium
sigmoid,0.7,0.55,4,0.6622807017543859,0.0,0.5785255407982336,0.3157894736842105,0.03070175438596491,0.36884288025439793,medium
sigmoid,0.7,0.55,5,0.7105263157894737,0.0,0.3247764329136943,0.27631578947368424,0.039473684210526314,0.6225919881389372,medium
sigmoid,0.7,0.55,6,0.6622807017543859,0.0,0.12989002518887505,0.32456140350877194,0.039473684210526314,0.8174783958637565,medium
sigmoid,0.7,0.55,7,0.6754385964912281,0.0,0.26973134510811614,0.30701754385964913,0.03508771929824561,0.6776370759445154,medium
sigmoid,0.7,0.55,8,0.7236842105263158,0.0,0.2900505663828937,0.2543859649122807,0.03070175438596491,0.6573178546697378,medium
sigmoid,0.7,0.55,9,0.7149122807017544,0.0,0.1284079700416596,0.25877192982456143,0.02631578947368421,0.8189604510109719,medium
sigmoid,0.7,0.55,10,0.7236842105263158,0.0,0.17827820453343546,0.2543859649122807,0.03070175438596491,0.7690902165191961,medium
sigmoid,0.7,0.55,11,0.7631578947368421,0.0,0.05677974799945473,0.21052631578947367,0.02631578947368421,0.8905886730531768,medium
sigmoid,0.7,0.55,12,0.6842105263157895,0.0,0.4907150499712628,0.2894736842105263,0.02631578947368421,0.4566533710813687,medium
sigmoid,0.7,0.55,13,0.6929824561403509,0.0,0.015247963932088937,0.27631578947368424,0.021929824561403508,0.9626163849847205,medium
sigmoid,0.7,0.55,14,0.706140350877193,0.0,0.22033780244167878,0.2807017543859649,0.039473684210526314,0.7270306186109528,medium
sigmoid,0.7,0.55,15,0.6622807017543859,0.0,0.4335869348580317,0.3157894736842105,0.03070175438596491,0.5137814861945998,medium
sigmoid,0.7,0.55,16,0.7280701754385965,0.0,0.017882217823191326,0.2543859649122807,0.03508771929824561,0.9294862032294402,medium
sigmoid,0.7,0.55,17,0.7368421052631579,0.0,0.013307148831612214,0.25,0.039473684210526314,0.9606755698842437,medium
sigmoid,0.7,0.55,18,0.6798245614035088,0.0,0.37852290399524424,0.3026315789473684,0.03508771929824561,0.5688455170573873,medium
sigmoid,0.7,0.55,19,0.7017543859649122,0.0,0.20049807905100359,0.27631578947368424,0.03070175438596491,0.7468703420016279,medium
sigmoid,0.7,0.55,20,0.7368421052631579,0.0,0.23649410544791327,0.2543859649122807,0.043859649122807015,0.7108743156047183,medium
sigmoid,0.7,0.55,21,0.7149122807017544,0.0,0.27247805417925464,0.25877192982456143,0.02631578947368421,0.6748903668733769,medium
sigmoid,0.7,0.55,22,0.7456140350877193,0.0,0.08201693688127809,0.2324561403508772,0.03070175438596491,0.8653514841713534,medium
sigmoid,0.7,0.55,23,0.706140350877193,0.0,0.25025774943354784,0.2675438596491228,0.02631578947368421,0.6971106716190837,medium
sigmoid,0.7,0.55,24,0.7105263157894737,0.0,0.4148304075190449,0.2894736842105263,0.05263157894736842,0.5325380135335867,medium
sigmoid,0.7,0.55,25,0.7236842105263158,0.0,0.42895414614935734,0.2631578947368421,0.039473684210526314,0.5184142749032742,medium
sigmoid,0.7,0.55,26,0.7192982456140351,0.0,0.1370073656534182,0.2719298245614035,0.043859649122807015,0.8103610553992133,medium
sigmoid,0.7,0.55,27,0.6666666666666666,0.0,0.3943778937667226,0.30701754385964913,0.02631578947368421,0.5529905272859089,medium
sigmoid,0.7,0.55,28,0.631578947368421,0.0,0.1293506339506716,0.3508771929824561,0.03508771929824561,0.8180177871019599,medium
sigmoid,0.7,0.55,29,0.7719298245614035,0.0,0.06618302896577455,0.21929824561403508,0.043859649122807015,0.881185392086857,medium
sigmoid,0.7,0.6,0,0.6228070175438597,0.0,0.2261240697522514,0.35964912280701755,0.03508771929824561,0.7212443513003801,medium
sigmoid,0.7,0.6,1,0.6973684210526315,0.0,0.05183705782144177,0.2850877192982456,0.03508771929824561,0.8955313632311898,medium
sigmoid,0.7,0.6,2,0.7105263157894737,0.0,0.27442435301417245,0.2719298245614035,0.03508771929824561,0.6729440680384591,medium
sigmoid,0.7,0.6,3,0.7236842105263158,0.0,0.15824223966971596,0.25877192982456143,0.03508771929824561,0.7891261813829156,medium
sigmoid,0.7,0.6,4,0.6622807017543859,0.0,0.5785255407982336,0.3157894736842105,0.03070175438596491,0.36884288025439793,medium
sigmoid,0.7,0.6,5,0.7105263157894737,0.0,0.3247764329136943,0.27631578947368424,0.039473684210526314,0.6225919881389372,medium
sigmoid,0.7,0.6,6,0.6622807017543859,0.0,0.12989002518887505,0.32456140350877194,0.039473684210526314,0.8174783958637565,medium
sigmoid,0.7,0.6,7,0.6754385964912281,0.0,0.26973134510811614,0.30701754385964913,0.03508771929824561,0.6776370759445154,medium
sigmoid,0.7,0.6,8,0.7236842105263158,0.0,0.2900505663828937,0.2543859649122807,0.03070175438596491,0.6573178546697378,medium
sigmoid,0.7,0.6,9,0.7149122807017544,0.0,0.1284079700416596,0.25877192982456143,0.02631578947368421,0.8189604510109719,medium
sigmoid,0.7,0.6,10,0.7236842105263158,0.0,0.17827820453343546,0.2543859649122807,0.03070175438596491,0.7690902165191961,medium
sigmoid,0.7,0.6,11,0.7631578947368421,0.0,0.05677974799945473,0.21052631578947367,0.02631578947368421,0.8905886730531768,medium
sigmoid,0.7,0.6,12,0.6842105263157895,0.0,0.4907150499712628,0.2894736842105263,0.02631578947368421,0.4566533710813687,medium
sigmoid,0.7,0.6,13,0.6929824561403509,0.0,0.015247963932088937,0.27631578947368424,0.021929824561403508,0.9626163849847205,medium
sigmoid,0.7,0.6,14,0.706140350877193,0.0,0.22033780244167878,0.2807017543859649,0.039473684210526314,0.7270306186109528,medium
sigmoid,0.7,0.6,15,0.6622807017543859,0.0,0.4335869348580317,0.3157894736842105,0.03070175438596491,0.5137814861945998,medium
sigmoid,0.7,0.6,16,0.7280701754385965,0.0,0.017882217823191326,0.2543859649122807,0.03508771929824561,0.9294862032294402,medium
sigmoid,0.7,0.6,17,0.7368421052631579,0.0,0.013307148831612214,0.25,0.039473684210526314,0.9606755698842437,medium
sigmoid,0.7,0.6,18,0.6798245614035088,0.0,0.37852290399524424,0.3026315789473684,0.03508771929824561,0.5688455170573873,medium
sigmoid,0.7,0.6,19,0.7017543859649122,0.0,0.20049807905100359,0.27631578947368424,0.03070175438596491,0.7468703420016279,medium
sigmoid,0.7,0.6,20,0.7368421052631579,0.0,0.23649410544791327,0.2543859649122807,0.043859649122807015,0.7108743156047183,medium
sigmoid,0.7,0.6,21,0.7149122807017544,0.0,0.27247805417925464,0.25877192982456143,0.02631578947368421,0.6748903668733769,medium
sigmoid,0.7,0.6,22,0.7456140350877193,0.0,0.08201693688127809,0.2324561403508772,0.03070175438596491,0.8653514841713534,medium
sigmoid,0.7,0.6,23,0.706140350877193,0.0,0.25025774943354784,0.2675438596491228,0.02631578947368421,0.6971106716190837,medium
sigmoid,0.7,0.6,24,0.7105263157894737,0.0,0.4148304075190449,0.2894736842105263,0.05263157894736842,0.5325380135335867,medium
sigmoid,0.7,0.6,25,0.7236842105263158,0.0,0.42895414614935734,0.2631578947368421,0.039473684210526314,0.5184142749032742,medium
sigmoid,0.7,0.6,26,0.7192982456140351,0.0,0.1370073656534182,0.2719298245614035,0.043859649122807015,0.8103610553992133,medium
sigmoid,0.7,0.6,27,0.6666666666666666,0.0,0.3943778937667226,0.30701754385964913,0.02631578947368421,0.5529905272859089,medium
sigmoid,0.7,0.6,28,0.631578947368421,0.0,0.1293506339506716,0.3508771929824561,0.03508771929824561,0.8180177871019599,medium
sigmoid,0.7,0.6,29,0.7719298245614035,0.0,0.06618302896577455,0.21929824561403508,0.043859649122807015,0.881185392086857,medium
sigmoid,0.7,0.7,0,0.6228070175438597,0.0,0.2261240697522514,0.35964912280701755,0.03508771929824561,0.7212443513003801,medium
sigmoid,0.7,0.7,1,0.6973684210526315,0.0,0.05183705782144177,0.2850877192982456,0.03508771929824561,0.8955313632311898,medium
sigmoid,0.7,0.7,2,0.7105263157894737,0.0,0.27442435301417245,0.2719298245614035,0.03508771929824561,0.6729440680384591,medium
sigmoid,0.7,0.7,3,0.7236842105263158,0.0,0.15824223966971596,0.25877192982456143,0.03508771929824561,0.7891261813829156,medium
sigmoid,0.7,0.7,4,0.6622807017543859,0.0,0.5785255407982336,0.3157894736842105,0.03070175438596491,0.36884288025439793,medium
sigmoid,0.7,0.7,5,0.7105263157894737,0.0,0.3247764329136943,0.27631578947368424,0.039473684210526314,0.6225919881389372,medium
sigmoid,0.7,0.7,6,0.6622807017543859,0.0,0.12989002518887505,0.32456140350877194,0.039473684210526314,0.8174783958637565,medium
sigmoid,0.7,0.7,7,0.6754385964912281,0.0,0.26973134510811614,0.30701754385964913,0.03508771929824561,0.6776370759445154,medium
sigmoid,0.7,0.7,8,0.7236842105263158,0.0,0.2900505663828937,0.2543859649122807,0.03070175438596491,0.6573178546697378,medium
sigmoid,0.7,0.7,9,0.7149122807017544,0.0,0.1284079700416596,0.25877192982456143,0.02631578947368421,0.8189604510109719,medium
sigmoid,0.7,0.7,10,0.7236842105263158,0.0,0.17827820453343546,0.2543859649122807,0.03070175438596491,0.7690902165191961,medium
sigmoid,0.7,0.7,11,0.7631578947368421,0.0,0.05677974799945473,0.21052631578947367,0.02631578947368421,0.8905886730531768,medium
sigmoid,0.7,0.7,12,0.6842105263157895,0.0,0.4907150499712628,0.2894736842105263,0.02631578947368421,0.4566533710813687,medium
sigmoid,0.7,0.7,13,0.6929824561403509,0.0,0.015247963932088937,0.27631578947368424,0.021929824561403508,0.9626163849847205,medium
sigmoid,0.7,0.7,14,0.706140350877193,0.0,0.22033780244167878,0.2807017543859649,0.039473684210526314,0.7270306186109528,medium
sigmoid,0.7,0.7,15,0.6622807017543859,0.0,0.4335869348580317,0.3157894736842105,0.03070175438596491,0.5137814861945998,medium
sigmoid,0.7,0.7,16,0.7280701754385965,0.0,0.017882217823191326,0.2543859649122807,0.03508771929824561,0.9294862032294402,medium
sigmoid,0.7,0.7,17,0.7368421052631579,0.0,0.013307148831612214,0.25,0.039473684210526314,0.9606755698842437,medium
sigmoid,0.7,0.7,18,0.6798245614035088,0.0,0.37852290399524424,0.3026315789473684,0.03508771929824561,0.5688455170573873,medium
sigmoid,0.7,0.7,19,0.7017543859649122,0.0,0.20049807905100359,0.27631578947368424,0.03070175438596491,0.7468703420016279,medium
sigmoid,0.7,0.7,20,0.7368421052631579,0.0,0.23649410544791327,0.2543859649122807,0.043859649122807015,0.7108743156047183,medium
sigmoid,0.7,0.7,21,0.7149122807017544,0.0,0.27247805417925464,0.25877192982456143,0.02631578947368421,0.6748903668733769,medium
sigmoid,0.7,0.7,22,0.7456140350877193,0.0,0.08201693688127809,0.2324561403508772,0.03070175438596491,0.8653514841713534,medium
sigmoid,0.7,0.7,23,0.706140350877193,0.0,0.25025774943354784,0.2675438596491228,0.02631578947368421,0.6971106716190837,medium
sigmoid,0.7,0.7,24,0.7105263157894737,0.0,0.4148304075190449,0.2894736842105263,0.05263157894736842,0.5325380135335867,medium
sigmoid,0.7,0.7,25,0.7236842105263158,0.0,0.42895414614935734,0.2631578947368421,0.039473684210526314,0.5184142749032742,medium
sigmoid,0.7,0.7,26,0.7192982456140351,0.0,0.1370073656534182,0.2719298245614035,0.043859649122807015,0.8103610553992133,medium
sigmoid,0.7,0.7,27,0.6666666666666666,0.0,0.3943778937667226,0.30701754385964913,0.02631578947368421,0.5529905272859089,medium
sigmoid,0.7,0.7,28,0.631578947368421,0.0,0.1293506339506716,0.3508771929824561,0.03508771929824561,0.8180177871019599,medium
sigmoid,0.7,0.7,29,0.7719298245614035,0.0,0.06618302896577455,0.21929824561403508,0.043859649122807015,0.881185392086857,medium
sigmoid,0.7,0.85,0,0.6228070175438597,0.0,0.2261240697522514,0.35964912280701755,0.03508771929824561,0.7212443513003801,medium
sigmoid,0.7,0.85,1,0.6973684210526315,0.0,0.05183705782144177,0.2850877192982456,0.03508771929824561,0.8955313632311898,medium
sigmoid,0.7,0.85,2,0.7105263157894737,0.0,0.27442435301417245,0.2719298245614035,0.03508771929824561,0.6729440680384591,medium
sigmoid,0.7,0.85,3,0.7236842105263158,0.0,0.15824223966971596,0.25877192982456143,0.03508771929824561,0.7891261813829156,medium
sigmoid,0.7,0.85,4,0.6622807017543859,0.0,0.5785255407982336,0.3157894736842105,0.03070175438596491,0.36884288025439793,medium
sigmoid,0.7,0.85,5,0.7105263157894737,0.0,0.3247764329136943,0.27631578947368424,0.039473684210526314,0.6225919881389372,medium
sigmoid,0.7,0.85,6,0.6622807017543859,0.0,0.12989002518887505,0.32456140350877194,0.039473684210526314,0.8174783958637565,medium
sigmoid,0.7,0.85,7,0.6754385964912281,0.0,0.26973134510811614,0.30701754385964913,0.03508771929824561,0.6776370759445154,medium
sigmoid,0.7,0.85,8,0.7236842105263158,0.0,0.2900505663828937,0.2543859649122807,0.03070175438596491,0.6573178546697378,medium
sigmoid,0.7,0.85,9,0.7149122807017544,0.0,0.1284079700416596,0.25877192982456143,0.02631578947368421,0.8189604510109719,medium
sigmoid,0.7,0.85,10,0.7236842105263158,0.0,0.17827820453343546,0.2543859649122807,0.03070175438596491,0.7690902165191961,medium
sigmoid,0.7,0.85,11,0.7631578947368421,0.0,0.05677974799945473,0.21052631578947367,0.02631578947368421,0.8905886730531768,medium
sigmoid,0.7,0.85,12,0.6842105263157895,0.0,0.4907150499712628,0.2894736842105263,0.02631578947368421,0.4566533710813687,medium
sigmoid,0.7,0.85,13,0.6929824561403509,0.0,0.015247963932088937,0.27631578947368424,0.021929824561403508,0.9626163849847205,medium
sigmoid,0.7,0.85,14,0.706140350877193,0.0,0.22033780244167878,0.2807017543859649,0.039473684210526314,0.7270306186109528,medium
sigmoid,0.7,0.85,15,0.6622807017543859,0.0,0.4335869348580317,0.3157894736842105,0.03070175438596491,0.5137814861945998,medium
sigmoid,0.7,0.85,16,0.7280701754385965,0.0,0.017882217823191326,0.2543859649122807,0.03508771929824561,0.9294862032294402,medium
sigmoid,0.7,0.85,17,0.7368421052631579,0.0,0.013307148831612214,0.25,0.039473684210526314,0.9606755698842437,medium
sigmoid,0.7,0.85,18,0.6798245614035088,0.0,0.37852290399524424,0.3026315789473684,0.03508771929824561,0.5688455170573873,medium
sigmoid,0.7,0.85,19,0.7017543859649122,0.0,0.20049807905100359,0.27631578947368424,0.03070175438596491,0.7468703420016279,medium
sigmoid,0.7,0.85,20,0.7368421052631579,0.0,0.23649410544791327,0.2543859649122807,0.043859649122807015,0.7108743156047183,medium
sigmoid,0.7,0.85,21,0.7149122807017544,0.0,0.27247805417925464,0.25877192982456143,0.02631578947368421,0.6748903668733769,medium
sigmoid,0.7,0.85,22,0.7456140350877193,0.0,0.08201693688127809,0.2324561403508772,0.03070175438596491,0.8653514841713534,medium
sigmoid,0.7,0.85,23,0.706140350877193,0.0,0.25025774943354784,0.2675438596491228,0.02631578947368421,0.6971106716190837,medium
sigmoid,0.7,0.85,24,0.7105263157894737,0.0,0.4148304075190449,0.2894736842105263,0.05263157894736842,0.5325380135335867,medium
sigmoid,0.7,0.85,25,0.7236842105263158,0.0,0.42895414614935734,0.2631578947368421,0.039473684210526314,0.5184142749032742,medium
sigmoid,0.7,0.85,26,0.7192982456140351,0.0,0.1370073656534182,0.2719298245614035,0.043859649122807015,0.8103610553992133,medium
sigmoid,0.7,0.85,27,0.6666666666666666,0.0,0.3943778937667226,0.30701754385964913,0.02631578947368421,0.5529905272859089,medium
sigmoid,0.7,0.85,28,0.631578947368421,0.0,0.1293506339506716,0.3508771929824561,0.03508771929824561,0.8180177871019599,medium
sigmoid,0.7,0.85,29,0.7719298245614035,0.0,0.06618302896577455,0.21929824561403508,0.043859649122807015,0.881185392086857,medium
sigmoid,0.7,1.0,0,0.6228070175438597,0.0,0.2261240697522514,0.35964912280701755,0.03508771929824561,0.7212443513003801,medium
sigmoid,0.7,1.0,1,0.6973684210526315,0.0,0.05183705782144177,0.2850877192982456,0.03508771929824561,0.8955313632311898,medium
sigmoid,0.7,1.0,2,0.7105263157894737,0.0,0.27442435301417245,0.2719298245614035,0.03508771929824561,0.6729440680384591,medium
sigmoid,0.7,1.0,3,0.7236842105263158,0.0,0.15824223966971596,0.25877192982456143,0.03508771929824561,0.7891261813829156,medium
sigmoid,0.7,1.0,4,0.6622807017543859,0.0,0.5785255407982336,0.3157894736842105,0.03070175438596491,0.36884288025439793,medium
sigmoid,0.7,1.0,5,0.7105263157894737,0.0,0.3247764329136943,0.27631578947368424,0.039473684210526314,0.6225919881389372,medium
sigmoid,0.7,1.0,6,0.6622807017543859,0.0,0.12989002518887505,0.32456140350877194,0.039473684210526314,0.8174783958637565,medium
sigmoid,0.7,1.0,7,0.6754385964912281,0.0,0.26973134510811614,0.30701754385964913,0.03508771929824561,0.6776370759445154,medium
sigmoid,0.7,1.0,8,0.7236842105263158,0.0,0.2900505663828937,0.2543859649122807,0.03070175438596491,0.6573178546697378,medium
sigmoid,0.7,1.0,9,0.7149122807017544,0.0,0.1284079700416596,0.25877192982456143,0.02631578947368421,0.8189604510109719,medium
sigmoid,0.7,1.0,10,0.7236842105263158,0.0,0.17827820453343546,0.2543859649122807,0.03070175438596491,0.7690902165191961,medium
sigmoid,0.7,1.0,11,0.7631578947368421,0.0,0.05677974799945473,0.21052631578947367,0.02631578947368421,0.8905886730531768,medium
sigmoid,0.7,1.0,12,0.6842105263157895,0.0,0.4907150499712628,0.2894736842105263,0.02631578947368421,0.4566533710813687,medium
sigmoid,0.7,1.0,13,0.6929824561403509,0.0,0.015247963932088937,0.27631578947368424,0.021929824561403508,0.9626163849847205,medium
sigmoid,0.7,1.0,14,0.706140350877193,0.0,0.22033780244167878,0.2807017543859649,0.039473684210526314,0.7270306186109528,medium
sigmoid,0.7,1.0,15,0.6622807017543859,0.0,0.4335869348580317,0.3157894736842105,0.03070175438596491,0.5137814861945998,medium
sigmoid,0.7,1.0,16,0.7280701754385965,0.0,0.017882217823191326,0.2543859649122807,0.03508771929824561,0.9294862032294402,medium
sigmoid,0.7,1.0,17,0.7368421052631579,0.0,0.013307148831612214,0.25,0.039473684210526314,0.9606755698842437,medium
sigmoid,0.7,1.0,18,0.6798245614035088,0.0,0.37852290399524424,0.3026315789473684,0.03508771929824561,0.5688455170573873,medium
sigmoid,0.7,1.0,19,0.7017543859649122,0.0,0.20049807905100359,0.27631578947368424,0.03070175438596491,0.7468703420016279,medium
sigmoid,0.7,1.0,20,0.7368421052631579,0.0,0.23649410544791327,0.2543859649122807,0.043859649122807015,0.7108743156047183,medium
sigmoid,0.7,1.0,21,0.7149122807017544,0.0,0.27247805417925464,0.25877192982456143,0.02631578947368421,0.6748903668733769,medium
sigmoid,0.7,1.0,22,0.7456140350877193,0.0,0.08201693688127809,0.2324561403508772,0.03070175438596491,0.8653514841713534,medium
sigmoid,0.7,1.0,23,0.706140350877193,0.0,0.25025774943354784,0.2675438596491228,0.02631578947368421,0.6971106716190837,medium
sigmoid,0.7,1.0,24,0.7105263157894737,0.0,0.4148304075190449,0.2894736842105263,0.05263157894736842,0.5325380135335867,medium
sigmoid,0.7,1.0,25,0.7236842105263158,0.0,0.42895414614935734,0.2631578947368421,0.039473684210526314,0.5184142749032742,medium
sigmoid,0.7,1.0,26,0.7192982456140351,0.0,0.1370073656534182,0.2719298245614035,0.043859649122807015,0.8103610553992133,medium
sigmoid,0.7,1.0,27,0.6666666666666666,0.0,0.3943778937667226,0.30701754385964913,0.02631578947368421,0.5529905272859089,medium
sigmoid,0.7,1.0,28,0.631578947368421,0.0,0.1293506339506716,0.3508771929824561,0.03508771929824561,0.8180177871019599,medium
sigmoid,0.7,1.0,29,0.7719298245614035,0.0,0.06618302896577455,0.21929824561403508,0.043859649122807015,0.881185392086857,medium
sigmoid,0.85,0.0,0,0.9429824561403509,0.03508771929824561,0.05143755067996891,0.0,0.0,0.9988059717326004,high
sigmoid,0.85,0.0,1,0.9517543859649122,0.03508771929824561,0.051437550686336375,0.0,0.0,0.9988059717389679,high
sigmoid,0.85,0.0,2,0.9429824561403509,0.03508771929824561,0.015118246188663531,0.0,0.0,0.932250174863968,high
sigmoid,0.85,0.0,3,0.9473684210526315,0.03070175438596491,0.05143755068635447,0.0,0.0,0.998805971738986,high
sigmoid,0.85,0.0,4,0.9429824561403509,0.03070175438596491,0.05143755068634215,0.0,0.0,0.9988059717389737,high
sigmoid,0.85,0.0,5,0.9473684210526315,0.03508771929824561,0.051437400475975004,0.0,0.0,0.9988058215286065,high
sigmoid,0.85,0.0,6,0.9473684210526315,0.043859649122807015,0.05143755068633571,0.0,0.0,0.9988059717389672,high
sigmoid,0.85,0.0,7,0.9342105263157895,0.039473684210526314,0.05143665756448024,0.0,0.0,0.9988050786171118,high
sigmoid,0.85,0.0,8,0.956140350877193,0.021929824561403508,0.05143755068633804,0.0,0.0,0.9988059717389696,high
sigmoid,0.85,0.0,9,0.9254385964912281,0.03070175438596491,0.05143755068303635,0.0,0.0,0.9988059717356679,high
sigmoid,0.85,0.0,10,0.9517543859649122,0.03070175438596491,0.05143755068633671,0.0,0.0,0.9988059717389682,high
sigmoid,0.85,0.0,11,0.9473684210526315,0.03070175438596491,0.05143755068629585,0.0,0.0,0.9988059717389274,high
sigmoid,0.85,0.0,12,0.9385964912280702,0.021929824561403508,0.0514375506862379,0.0,0.0,0.9988059717388694,high
sigmoid,0.85,0.0,13,0.9254385964912281,0.03508771929824561,0.05143755068595979,0.0,0.0,0.9988059717385913,high
sigmoid,0.85,0.0,14,0.9517543859649122,0.039473684210526314,0.051437550686336375,0.0,0.0,0.9988059717389679,high
sigmoid,0.85,0.0,15,0.9254385964912281,0.03508771929824561,0.051437550493193096,0.0,0.0,0.9988059715458246,high
sigmoid,0.85,0.0,16,0.9429824561403509,0.02631578947368421,0.051437306093819135,0.0,0.0,0.9988057271464507,high
sigmoid,0.85,0.0,17,0.956140350877193,0.03070175438596491,0.0514375506863427,0.0,0.0,0.9988059717389742,high
sigmoid,0.85,0.0,18,0.9298245614035088,0.043859649122807015,0.05143750253232893,0.0,0.0,0.9988059235849605,high
sigmoid,0.85,0.0,19,0.956140350877193,0.021929824561403508,0.05143755068633671,0.0,0.0,0.9988059717389682,high
sigmoid,0.85,0.0,20,0.9473684210526315,0.04824561403508772,0.051437550686336375,0.0,0.0,0.9988059717389679,high
sigmoid,0.85,0.0,21,0.9517543859649122,0.021929824561403508,0.051437550686338485,0.0,0.0,0.99880597173897,high
sigmoid,0.85,0.0,22,0.9429824561403509,0.039473684210526314,0.051431240173516635,0.0,0.0,0.9987996612261482,high
sigmoid,0.85,0.0,23,0.9429824561403509,0.03508771929824561,0.05143755068631506,0.0,0.0,0.9988059717389466,high
sigmoid,0.85,0.0,24,0.9517543859649122,0.039473684210526314,0.05143755068634315,0.0,0.0,0.9988059717389747,high
sigmoid,0.85,0.0,25,0.9473684210526315,0.02631578947368421,0.04029997999557944,0.0,0.0,0.987668401048211,high
sigmoid,0.85,0.0,26,0.956140350877193,0.03070175438596491,0.05143755068635569,0.0,0.0,0.9988059717389872,high
sigmoid,0.85,0.0,27,0.9429824561403509,0.039473684210526314,0.051437550686336264,0.0,0.0,0.9988059717389678,high
sigmoid,0.85,0.0,28,0.9298245614035088,0.02631578947368421,0.05143755068628619,0.0,0.0,0.9988059717389177,high
sigmoid,0.85,0.0,29,0.9473684210526315,0.03508771929824561,0.05143755068633671,0.0,0.0,0.9988059717389682,high
sigmoid,0.85,0.1,0,0.9385964912280702,0.03070175438596491,0.051437550679969246,0.0043859649122807015,0.0,0.9988059717326008,high
sigmoid,0.85,0.1,1,0.9473684210526315,0.03508771929824561,0.051437550680965005,0.0043859649122807015,0.0,0.9988059717335965,high
sigmoid,0.85,0.1,2,0.9429824561403509,0.03508771929824561,0.015118246188663531,0.0,0.0,0.932250174863968,high
sigmoid,0.85,0.1,3,0.9429824561403509,0.03070175438596491,0.0514375506809831,0.0043859649122807015,0.0,0.9988059717336146,high
sigmoid,0.85,0.1,4,0.9385964912280702,0.03070175438596491,0.051437550680970556,0.0043859649122807015,0.0,0.9988059717336021,high
sigmoid,0.85,0.1,5,0.9473684210526315,0.03508771929824561,0.051437400475975004,0.0,0.0,0.9988058215286065,high
sigmoid,0.85,0.1,6,0.9429824561403509,0.043859649122807015,0.05143755068096445,0.0043859649122807015,0.0,0.998805971733596,high
sigmoid,0.85,0.1,7,0.9298245614035088,0.039473684210526314,0.05143665756448024,0.0043859649122807015,0.0,0.9988050786171118,high
sigmoid,0.85,0.1,8,0.9517543859649122,0.021929824561403508,0.05143755068096656,0.0043859649122807015,0.0,0.9988059717335981,high
sigmoid,0.85,0.1,9,0.9254385964912281,0.03070175438596491,0.05143755068303635,0.0043859649122807015,0.0,0.9988059717356679,high
sigmoid,0.85,0.1,10,0.9473684210526315,0.03070175438596491,0.05143755068633671,0.0043859649122807015,0.0,0.9988059717389682,high
sigmoid,0.85,0.1,11,0.9473684210526315,0.03070175438596491,0.05143755068629585,0.0,0.0,0.9988059717389274,high
sigmoid,0.85,0.1,12,0.9385964912280702,0.021929824561403508,0.0514375506862379,0.0,0.0,0.9988059717388694,high
sigmoid,0.85,0.1,13,0.9254385964912281,0.03508771929824561,0.05143755068595979,0.0,0.0,0.9988059717385913,high
sigmoid,0.85,0.1,14,0.9473684210526315,0.039473684210526314,0.051437550686336375,0.0043859649122807015,0.0,0.9988059717389679,high
sigmoid,0.85,0.1,15,0.9254385964912281,0.03508771929824561,0.051437550493193096,0.0,0.0,0.9988059715458246,high
sigmoid,0.85,0.1,16,0.9429824561403509,0.02631578947368421,0.051437306093819135,0.0043859649122807015,0.0,0.9988057271464507,high
sigmoid,0.85,0.1,17,0.956140350877193,0.03070175438596491,0.0514375506863427,0.0,0.0,0.9988059717389742,high
sigmoid,0.85,0.1,18,0.9298245614035088,0.043859649122807015,0.05143750253232893,0.0,0.0,0.9988059235849605,high
sigmoid,0.85,0.1,19,0.956140350877193,0.021929824561403508,0.05143755068633671,0.0,0.0,0.9988059717389682,high
sigmoid,0.85,0.1,20,0.9429824561403509,0.04824561403508772,0.051437550686336375,0.0043859649122807015,0.0,0.9988059717389679,high
sigmoid,0.85,0.1,21,0.9517543859649122,0.021929824561403508,0.051437550686338485,0.0,0.0,0.99880597173897,high
sigmoid,0.85,0.1,22,0.9385964912280702,0.039473684210526314,0.051431240173516524,0.0043859649122807015,0.0,0.998799661226148,high
sigmoid,0.85,0.1,23,0.9429824561403509,0.03508771929824561,0.05143755068631506,0.0,0.0,0.9988059717389466,high
sigmoid,0.85,0.1,24,0.9473684210526315,0.039473684210526314,0.05143755068097178,0.0043859649122807015,0.0,0.9988059717336033,high
sigmoid,0.85,0.1,25,0.9385964912280702,0.02631578947368421,0.04029997999020796,0.008771929824561403,0.0,0.9876684010428395,high
sigmoid,0.85,0.1,26,0.9517543859649122,0.03070175438596491,0.05143755068098421,0.0043859649122807015,0.0,0.9988059717336157,high
sigmoid,0.85,0.1,27,0.9429824561403509,0.039473684210526314,0.051437550686336264,0.0,0.0,0.9988059717389678,high
sigmoid,0.85,0.1,28,0.9254385964912281,0.02631578947368421,0.05143755068091471,0.008771929824561403,0.0,0.9988059717335462,high
sigmoid,0.85,0.1,29,0.9473684210526315,0.03508771929824561,0.05143755068633671,0.0,0.0,0.9988059717389682,high
sigmoid,0.85,0.2,0,0.9385964912280702,0.03070175438596491,0.051437550679969246,0.0043859649122807015,0.0,0.9988059717326008,high
sigmoid,0.85,0.2,1,0.9517543859649122,0.03070175438596491,0.05143755068097089,0.0043859649122807015,0.0043859649122807015,0.9988059717336024,high
sigmoid,0.85,0.2,2,0.9473684210526315,0.03070175438596491,0.015118246188657647,0.0,0.0043859649122807015,0.9322501748639739,high
sigmoid,0.85,0.2,3,0.9429824561403509,0.03070175438596491,0.0514375506809831,0.0043859649122807015,0.0,0.9988059717336146,high
sigmoid,0.85,0.2,4,0.9385964912280702,0.03070175438596491,0.051437550680970556,0.0043859649122807015,0.0043859649122807015,0.9988059717336021,high
sigmoid,0.85,0.2,5,0.9473684210526315,0.03508771929824561,0.05143740047596279,0.0,0.0043859649122807015,0.9988058215285943,high
sigmoid,0.85,0.2,6,0.9473684210526315,0.039473684210526314,0.05143755068097022,0.0043859649122807015,0.0043859649122807015,0.9988059717336017,high
sigmoid,0.85,0.2,7,0.9342105263157895,0.03508771929824561,0.0514366575644859,0.0043859649122807015,0.0043859649122807015,0.9988050786171174,high
sigmoid,0.85,0.2,8,0.9517543859649122,0.021929824561403508,0.05143755068096656,0.0043859649122807015,0.0,0.9988059717335981,high
sigmoid,0.85,0.2,9,0.9254385964912281,0.03070175438596491,0.05143755068303635,0.0043859649122807015,0.0,0.9988059717356679,high
sigmoid,0.85,0.2,10,0.9517543859649122,0.02631578947368421,0.05143755068634248,0.0043859649122807015,0.0043859649122807015,0.998805971738974,high
sigmoid,0.85,0.2,11,0.9517543859649122,0.02631578947368421,0.051437550686301625,0.0,0.0043859649122807015,0.9988059717389332,high
sigmoid,0.85,0.2,12,0.9385964912280702,0.021929824561403508,0.0514375506862379,0.0,0.0,0.9988059717388694,high
sigmoid,0.85,0.2,13,0.9385964912280702,0.03070175438596491,0.0514375506860032,0.0,0.0043859649122807015,0.9988059717386347,high
sigmoid,0.85,0.2,14,0.9517543859649122,0.03508771929824561,0.05143755068634226,0.0043859649122807015,0.0043859649122807015,0.9988059717389738,high
sigmoid,0.85,0.2,15,0.9298245614035088,0.03070175438596491,0.05143755049319898,0.0,0.0043859649122807015,0.9988059715458305,high
sigmoid,0.85,0.2,16,0.9429824561403509,0.02631578947368421,0.051437306093819135,0.0043859649122807015,0.0,0.9988057271464507,high
sigmoid,0.85,0.2,17,0.956140350877193,0.03070175438596491,0.0514375506863427,0.0,0.0043859649122807015,0.9988059717389742,high
sigmoid,0.85,0.2,18,0.9342105263157895,0.039473684210526314,0.0514375025323347,0.0,0.0043859649122807015,0.9988059235849662,high
sigmoid,0.85,0.2,19,0.956140350877193,0.021929824561403508,0.05143755068633671,0.0,0.0,0.9988059717389682,high
sigmoid,0.85,0.2,20,0.9473684210526315,0.043859649122807015,0.05143755068634226,0.0043859649122807015,0.0043859649122807015,0.9988059717389738,high
sigmoid,0.85,0.2,21,0.956140350877193,0.017543859649122806,0.05143755068634426,0.0,0.0043859649122807015,0.9988059717389758,high
sigmoid,0.85,0.2,22,0.9429824561403509,0.03508771929824561,0.05143124017352241,0.0043859649122807015,0.0043859649122807015,0.9987996612261539,high
sigmoid,0.85,0.2,23,0.9473684210526315,0.03070175438596491,0.05143755068632094,0.0,0.0043859649122807015,0.9988059717389525,high
sigmoid,0.85,0.2,24,0.9473684210526315,0.039473684210526314,0.05143755068097178,0.0043859649122807015,0.0043859649122807015,0.9988059717336033,high
sigmoid,0.85,0.2,25,0.9429824561403509,0.021929824561403508,0.04029997999021384,0.008771929824561403,0.0043859649122807015,0.9876684010428454,high
sigmoid,0.85,0.2,26,0.956140350877193,0.02631578947368421,0.051437550680990096,0.0043859649122807015,0.0043859649122807015,0.9988059717336216,high
sigmoid,0.85,0.2,27,0.9473684210526315,0.03508771929824561,0.05143755068634226,0.0,0.0043859649122807015,0.9988059717389738,high
sigmoid,0.85,0.2,28,0.9298245614035088,0.021929824561403508,0.051437550680920485,0.008771929824561403,0.0043859649122807015,0.998805971733552,high
sigmoid,0.85,0.2,29,0.9517543859649122,0.03070175438596491,0.0514375506863427,0.0,0.0043859649122807015,0.9988059717389742,high
sigmoid,0.85,0.3,0,0.9429824561403509,0.02631578947368421,0.052264534251054595,0.0043859649122807015,0.0043859649122807015,0.9996329553036861,high
sigmoid,0.85,0.3,1,0.956140350877193,0.02631578947368421,0.05226453425205613,0.0043859649122807015,0.008771929824561403,0.9996329553046877,high
sigmoid,0.85,0.3,2,0.9473684210526315,0.03070175438596491,0.015118246188657647,0.0,0.0043859649122807015,0.9322501748639739,high
sigmoid,0.85,0.3,3,0.9473684210526315,0.02631578947368421,0.05226453425206845,0.0043859649122807015,0.0043859649122807015,0.9996329553047,high
sigmoid,0.85,0.3,4,0.9429824561403509,0.02631578947368421,0.052264534252055905,0.0043859649122807015,0.008771929824561403,0.9996329553046874,high
sigmoid,0.85,0.3,5,0.9517543859649122,0.03070175438596491,0.05226438404704792,0.0,0.008771929824561403,0.9996328050996794,high
sigmoid,0.85,0.3,6,0.9517543859649122,0.03508771929824561,0.05226453425205546,0.0043859649122807015,0.008771929824561403,0.999632955304687,high
sigmoid,0.85,0.3,7,0.9385964912280702,0.03070175438596491,0.05226364113557136,0.0043859649122807015,0.008771929824561403,0.9996320621882029,high
sigmoid,0.85,0.3,8,0.956140350877193,0.017543859649122806,0.05226453425205191,0.0043859649122807015,0.0043859649122807015,0.9996329553046834,high
sigmoid,0.85,0.3,9,0.9254385964912281,0.03070175438596491,0.05143755068303635,0.0043859649122807015,0.0,0.9988059717356679,high
sigmoid,0.85,0.3,10,0.956140350877193,0.021929824561403508,0.05226453425742783,0.0043859649122807015,0.008771929824561403,0.9996329553100594,high
sigmoid,0.85,0.3,11,0.9517543859649122,0.02631578947368421,0.051437550686301625,0.0,0.0043859649122807015,0.9988059717389332,high
sigmoid,0.85,0.3,12,0.9385964912280702,0.021929824561403508,0.0514375506862379,0.0,0.0,0.9988059717388694,high
sigmoid,0.85,0.3,13,0.9429824561403509,0.02631578947368421,0.052264534257088546,0.0,0.008771929824561403,0.9996329553097201,high
sigmoid,0.85,0.3,14,0.956140350877193,0.03070175438596491,0.05226453425742761,0.0043859649122807015,0.008771929824561403,0.9996329553100591,high
sigmoid,0.85,0.3,15,0.9342105263157895,0.02631578947368421,0.05226453406428433,0.0,0.008771929824561403,0.9996329551169159,high
sigmoid,0.85,0.3,16,0.9473684210526315,0.021929824561403508,0.052264289664904484,0.0043859649122807015,0.0043859649122807015,0.999632710717536,high
sigmoid,0.85,0.3,17,0.9605263157894737,0.02631578947368421,0.05226453425742794,0.0,0.008771929824561403,0.9996329553100595,high
sigmoid,0.85,0.3,18,0.9385964912280702,0.03508771929824561,0.05226448610342016,0.0,0.008771929824561403,0.9996329071560517,high
sigmoid,0.85,0.3,19,0.9605263157894737,0.017543859649122806,0.05226453425742206,0.0,0.0043859649122807015,0.9996329553100536,high
sigmoid,0.85,0.3,20,0.9517543859649122,0.039473684210526314,0.0522645342574275,0.0043859649122807015,0.008771929824561403,0.999632955310059,high
sigmoid,0.85,0.3,21,0.9605263157894737,0.013157894736842105,0.05226453425742961,0.0,0.008771929824561403,0.9996329553100611,high
sigmoid,0.85,0.3,22,0.9473684210526315,0.03070175438596491,0.052258223744607646,0.0043859649122807015,0.008771929824561403,0.9996266447972392,high
sigmoid,0.85,0.3,23,0.9517543859649122,0.02631578947368421,0.05226453425740618,0.0,0.008771929824561403,0.9996329553100377,high
sigmoid,0.85,0.3,24,0.9517543859649122,0.03508771929824561,0.05226453425205713,0.0043859649122807015,0.008771929824561403,0.9996329553046887,high
sigmoid,0.85,0.3,25,0.9429824561403509,0.021929824561403508,0.04029997999021384,0.008771929824561403,0.0043859649122807015,0.9876684010428454,high
sigmoid,0.85,0.3,26,0.9605263157894737,0.021929824561403508,0.052264534252075334,0.0043859649122807015,0.008771929824561403,0.9996329553047069,high
sigmoid,0.85,0.3,27,0.9517543859649122,0.03070175438596491,0.0522645342574275,0.0,0.008771929824561403,0.999632955310059,high
sigmoid,0.85,0.3,28,0.9298245614035088,0.021929824561403508,0.051437550680920485,0.008771929824561403,0.0043859649122807015,0.998805971733552,high
sigmoid,0.85,0.3,29,0.956140350877193,0.02631578947368421,0.05226453425742794,0.0,0.008771929824561403,0.9996329553100595,high
sigmoid,0.85,0.4,0,0.9473684210526315,0.021929824561403508,0.05226454968812555,0.0043859649122807015,0.008771929824561403,0.9996329707407571,high
sigmoid,0.85,0.4,1,0.9605263157894737,0.021929824561403508,0.052264549689127304,0.0043859649122807015,0.013157894736842105,0.9996329707417588,high
sigmoid,0.85,0.4,2,0.9429824561403509,0.03070175438596491,0.01517965061711013,0.0043859649122807015,0.0043859649122807015,0.9321887704355214,high
sigmoid,0.85,0.4,3,0.9473684210526315,0.021929824561403508,0.052264545482684,0.008771929824561403,0.008771929824561403,0.9996329665353155,high
sigmoid,0.85,0.4,4,0.9473684210526315,0.021929824561403508,0.05226454968912708,0.0043859649122807015,0.013157894736842105,0.9996329707417586,high
sigmoid,0.85,0.4,5,0.9473684210526315,0.03070175438596491,0.0522643798405924,0.0043859649122807015,0.008771929824561403,0.9996328008932239,high
sigmoid,0.85,0.4,6,0.956140350877193,0.03070175438596491,0.05226454968912653,0.0043859649122807015,0.013157894736842105,0.999632970741758,high
sigmoid,0.85,0.4,7,0.9429824561403509,0.02631578947368421,0.052263656572642425,0.0043859649122807015,0.013157894736842105,0.999632077625274,high
sigmoid,0.85,0.4,8,0.956140350877193,0.017543859649122806,0.05226453425205191,0.0043859649122807015,0.0043859649122807015,0.9996329553046834,high
sigmoid,0.85,0.4,9,0.9298245614035088,0.02631578947368421,0.05143756612010719,0.0043859649122807015,0.0043859649122807015,0.9988059871727387,high
sigmoid,0.85,0.4,10,0.9517543859649122,0.021929824561403508,0.05220312982897535,0.008771929824561403,0.008771929824561403,0.9995715508816069,high
sigmoid,0.85,0.4,11,0.956140350877193,0.021929824561403508,0.05143756612337291,0.0,0.008771929824561403,0.9988059871760044,high
sigmoid,0.85,0.4,12,0.9342105263157895,0.021929824561403508,0.05137614625778553,0.0043859649122807015,0.0,0.998744567310417,high
sigmoid,0.85,0.4,13,0.9429824561403509,0.02631578947368421,0.052264534257088546,0.0,0.008771929824561403,0.9996329553097201,high
sigmoid,0.85,0.4,14,0.956140350877193,0.02631578947368421,0.052264545488042935,0.008771929824561403,0.013157894736842105,0.9996329665406745,high
sigmoid,0.85,0.4,15,0.9342105263157895,0.02631578947368421,0.05226453406428433,0.0,0.008771929824561403,0.9996329551169159,high
sigmoid,0.85,0.4,16,0.9429824561403509,0.021929824561403508,0.052264285458448856,0.008771929824561403,0.0043859649122807015,0.9996327065110804,high
sigmoid,0.85,0.4,17,0.9605263157894737,0.021929824561403508,0.052203145266046636,0.0043859649122807015,0.013157894736842105,0.9995715663186782,high
sigmoid,0.85,0.4,18,0.9473684210526315,0.03070175438596491,0.05226454969449745,0.0,0.013157894736842105,0.999632970747129,high
sigmoid,0.85,0.4,19,0.9649122807017544,0.013157894736842105,0.05226454969449312,0.0,0.008771929824561403,0.9996329707471246,high
sigmoid,0.85,0.4,20,0.956140350877193,0.03508771929824561,0.052264549694498674,0.0043859649122807015,0.013157894736842105,0.9996329707471302,high
sigmoid,0.85,0.4,21,0.9605263157894737,0.013157894736842105,0.05226453425742961,0.0,0.008771929824561403,0.9996329553100611,high
sigmoid,0.85,0.4,22,0.9517543859649122,0.02631578947368421,0.052258239181678934,0.0043859649122807015,0.013157894736842105,0.9996266602343105,high
sigmoid,0.85,0.4,23,0.9517543859649122,0.02631578947368421,0.05226453425740618,0.0,0.008771929824561403,0.9996329553100377,high
sigmoid,0.85,0.4,24,0.956140350877193,0.03070175438596491,0.05226454968912819,0.0043859649122807015,0.013157894736842105,0.9996329707417597,high
sigmoid,0.85,0.4,25,0.9429824561403509,0.021929824561403508,0.040299903179335295,0.008771929824561403,0.008771929824561403,0.9876683242319668,high
sigmoid,0.85,0.4,26,0.9649122807017544,0.013157894736842105,0.052570082264534856,0.008771929824561403,0.013157894736842105,0.9999385033171664,high
sigmoid,0.85,0.4,27,0.9473684210526315,0.03070175438596491,0.052203129828975015,0.0043859649122807015,0.008771929824561403,0.9995715508816065,high
sigmoid,0.85,0.4,28,0.9298245614035088,0.021929824561403508,0.051437550680920485,0.008771929824561403,0.0043859649122807015,0.998805971733552,high
sigmoid,0.85,0.4,29,0.9605263157894737,0.021929824561403508,0.052264549694498896,0.0,0.013157894736842105,0.9996329707471304,high
sigmoid,0.85,0.45,0,0.9517543859649122,0.013157894736842105,0.05226454968795724,0.008771929824561403,0.021929824561403508,0.9996329707405888,high
sigmoid,0.85,0.45,1,0.9692982456140351,0.013157894736842105,0.052264549689145845,0.0043859649122807015,0.021929824561403508,0.9996329707417774,high
sigmoid,0.85,0.45,2,0.9473684210526315,0.021929824561403508,0.015179650617101026,0.008771929824561403,0.013157894736842105,0.9321887704355305,high
sigmoid,0.85,0.45,3,0.9385964912280702,0.021929824561403508,0.052264545479976166,0.013157894736842105,0.013157894736842105,0.9996329665326077,high
sigmoid,0.85,0.45,4,0.9473684210526315,0.017543859649122806,0.04421758821831179,0.008771929824561403,0.017543859649122806,0.9915860092709433,high
sigmoid,0.85,0.45,5,0.9517543859649122,0.021929824561403508,0.044217418370834705,0.008771929824561403,0.021929824561403508,0.9915858394234662,high
sigmoid,0.85,0.45,6,0.9649122807017544,0.021929824561403508,0.05226454968790184,0.008771929824561403,0.021929824561403508,0.9996329707405334,high
sigmoid,0.85,0.45,7,0.956140350877193,0.013157894736842105,0.052263656572495876,0.008771929824561403,0.02631578947368421,0.9996320776251274,high
sigmoid,0.85,0.45,8,0.956140350877193,0.008771929824561403,0.052264534250816896,0.013157894736842105,0.013157894736842105,0.9996329553034484,high
sigmoid,0.85,0.45,9,0.9429824561403509,0.017543859649122806,0.05143756612446404,0.0043859649122807015,0.013157894736842105,0.9988059871770956,high
sigmoid,0.85,0.45,10,0.956140350877193,0.013157894736842105,0.05220312982898445,0.013157894736842105,0.017543859649122806,0.999571550881616,high
sigmoid,0.85,0.45,11,0.956140350877193,0.017543859649122806,0.051437566123186174,0.0043859649122807015,0.017543859649122806,0.9988059871758177,high
sigmoid,0.85,0.45,12,0.9342105263157895,0.017543859649122806,0.056998853741156985,0.008771929824561403,0.0043859649122807015,0.8903695673114745,high
sigmoid,0.85,0.45,13,0.956140350877193,0.013157894736842105,0.052264534258164574,0.0,0.021929824561403508,0.9996329553107961,high
sigmoid,0.85,0.45,14,0.9692982456140351,0.013157894736842105,0.052264545489119185,0.008771929824561403,0.02631578947368421,0.9996329665417507,high
sigmoid,0.85,0.45,15,0.956140350877193,0.017543859649122806,0.05226453425725841,0.0043859649122807015,0.017543859649122806,0.9996329553098899,high
sigmoid,0.85,0.45,16,0.9473684210526315,0.013157894736842105,0.052264285458280435,0.013157894736842105,0.017543859649122806,0.999632706510912,high
sigmoid,0.85,0.45,17,0.9692982456140351,0.013157894736842105,0.05220314526712233,0.0043859649122807015,0.02631578947368421,0.9995715663197539,high
sigmoid,0.85,0.45,18,0.956140350877193,0.021929824561403508,0.052264549693272655,0.0043859649122807015,0.021929824561403508,0.9996329707459042,high
sigmoid,0.85,0.45,19,0.9692982456140351,0.0043859649122807015,0.05226454969326766,0.0043859649122807015,0.017543859649122806,0.9996329707458992,high
sigmoid,0.85,0.45,20,0.9692982456140351,0.021929824561403508,0.0522645496955747,0.0043859649122807015,0.02631578947368421,0.9996329707482062,high
sigmoid,0.85,0.45,21,0.9649122807017544,0.008771929824561403,0.0522645342574477,0.0,0.017543859649122806,0.9996329553100792,high
sigmoid,0.85,0.45,22,0.9649122807017544,0.013157894736842105,0.05225823918275485,0.0043859649122807015,0.02631578947368421,0.9996266602353864,high
sigmoid,0.85,0.45,23,0.9605263157894737,0.013157894736842105,0.05611046574274037,0.008771929824561403,0.021929824561403508,0.8912579553098912,high
sigmoid,0.85,0.45,24,0.9605263157894737,0.017543859649122806,0.04421758821812671,0.013157894736842105,0.02631578947368421,0.9915860092707582,high
sigmoid,0.85,0.45,25,0.9429824561403509,0.017543859649122806,0.03225294170851878,0.013157894736842105,0.017543859649122806,0.9796213627611503,high
sigmoid,0.85,0.45,26,0.9692982456140351,0.008771929824561403,0.052570082265592344,0.008771929824561403,0.021929824561403508,0.9999385033182239,high
sigmoid,0.85,0.45,27,0.9517543859649122,0.017543859649122806,0.044156168357973646,0.013157894736842105,0.021929824561403508,0.9915245894106052,high
sigmoid,0.85,0.45,28,0.9385964912280702,0.008771929824561403,0.0433905892099673,0.017543859649122806,0.017543859649122806,0.9907590102625988,high
sigmoid,0.85,0.45,29,0.9649122807017544,0.021929824561403508,0.05226454969449845,0.0,0.017543859649122806,0.99963297074713,high
sigmoid,0.85,0.5,0,0.8464912280701754,0.0,0.0038463068775563825,0.14035087719298245,0.039473684210526314,0.9435221141750751,high
sigmoid,0.85,0.5,1,0.8640350877192983,0.0,0.011950305720742072,0.12280701754385964,0.039473684210526314,0.9593187267733736,high
sigmoid,0.85,0.5,2,0.868421052631579,0.0,0.032581891535451435,0.11403508771929824,0.03508771929824561,0.9147865295171801,high
sigmoid,0.85,0.5,3,0.8596491228070176,0.0,0.024140805118478714,0.12280701754385964,0.03508771929824561,0.9715092261711102,high
sigmoid,0.85,0.5,4,0.8333333333333334,0.0,0.21039689447705323,0.14912280701754385,0.03508771929824561,0.7369715265755783,high
sigmoid,0.85,0.5,5,0.8508771929824561,0.0,0.037404497785973434,0.14035087719298245,0.043859649122807015,0.9099639232666581,high
sigmoid,0.85,0.5,6,0.8596491228070176,0.0,0.01585641759752754,0.13596491228070176,0.04824561403508772,0.931512003455104,high
sigmoid,0.85,0.5,7,0.8728070175438597,0.0,0.002878806746568263,0.11842105263157894,0.043859649122807015,0.9502472277991998,high
sigmoid,0.85,0.5,8,0.8508771929824561,0.0,0.20385763642755828,0.12719298245614036,0.03070175438596491,0.7435107846250733,high
sigmoid,0.85,0.5,9,0.8289473684210527,0.0,0.12495577143662284,0.15350877192982457,0.03508771929824561,0.8224126496160087,high
sigmoid,0.85,0.5,10,0.8508771929824561,0.0,0.1409704954830362,0.13157894736842105,0.03508771929824561,0.8063979255695953,high
sigmoid,0.85,0.5,11,0.8991228070175439,0.0,0.03210287457738603,0.08333333333333333,0.03508771929824561,0.9794712956300176,high
sigmoid,0.85,0.5,12,0.8289473684210527,0.0,0.25253134326183957,0.14912280701754385,0.03070175438596491,0.694837077790792,high
sigmoid,0.85,0.5,13,0.8333333333333334,0.0,0.04494586043915205,0.14473684210526316,0.03508771929824561,0.9923142814917836,high
sigmoid,0.85,0.5,14,0.8728070175438597,0.0,0.042778015460543384,0.11842105263157894,0.043859649122807015,0.9901464365131749,high
sigmoid,0.85,0.5,15,0.8377192982456141,0.0,0.1623793361575847,0.14035087719298245,0.03508771929824561,0.7849890848950468,high
sigmoid,0.85,0.5,16,0.8464912280701754,0.0,0.052530844205132765,0.13596491228070176,0.03508771929824561,0.9998992652577643,high
sigmoid,0.85,0.5,17,0.8640350877192983,0.0,0.02571505524452211,0.12280701754385964,0.039473684210526314,0.9730834762971536,high
sigmoid,0.85,0.5,18,0.8333333333333334,0.0,0.15981218425210886,0.15789473684210525,0.043859649122807015,0.7875562368005227,high
sigmoid,0.85,0.5,19,0.8596491228070176,0.0,0.11354508865053448,0.11842105263157894,0.03070175438596491,0.833823332402097,high
sigmoid,0.85,0.5,20,0.9166666666666666,0.0,0.056726484760933005,0.07894736842105263,0.04824561403508772,0.8906419362916985,high
sigmoid,0.85,0.5,21,0.8728070175438597,0.0,0.00019266945453322304,0.10526315789473684,0.03070175438596491,0.9475610905071647,high
sigmoid,0.85,0.5,22,0.881578947368421,0.0,0.0438218334858248,0.10526315789473684,0.039473684210526314,0.9911902545384563,high
sigmoid,0.85,0.5,23,0.8640350877192983,0.0,0.07796059333441474,0.12280701754385964,0.039473684210526314,0.8694078277182168,high
sigmoid,0.85,0.5,24,0.8771929824561403,0.0,0.013123944758382411,0.12280701754385964,0.05263157894736842,0.9342444762942491,high
sigmoid,0.85,0.5,25,0.8728070175438597,0.0,0.1888223690222468,0.11403508771929824,0.039473684210526314,0.7585460520303847,high
sigmoid,0.85,0.5,26,0.868421052631579,0.0,0.041165793361794156,0.12280701754385964,0.043859649122807015,0.9885342144144257,high
sigmoid,0.85,0.5,27,0.868421052631579,0.0,0.17896502927039803,0.11842105263157894,0.039473684210526314,0.7684033917822335,high
sigmoid,0.85,0.5,28,0.8026315789473685,0.0,0.020732689961926898,0.17982456140350878,0.03508771929824561,0.9681011110145584,high
sigmoid,0.85,0.5,29,0.8859649122807017,0.0,0.06475217472673123,0.10526315789473684,0.043859649122807015,0.8826162463259003,high
sigmoid,0.85,0.55,0,0.8464912280701754,0.0,0.0038463068775563825,0.14035087719298245,0.039473684210526314,0.9435221141750751,high
sigmoid,0.85,0.55,1,0.8640350877192983,0.0,0.011950305720742072,0.12280701754385964,0.039473684210526314,0.9593187267733736,high
sigmoid,0.85,0.55,2,0.868421052631579,0.0,0.032581891535451435,0.11403508771929824,0.03508771929824561,0.9147865295171801,high
sigmoid,0.85,0.55,3,0.8596491228070176,0.0,0.024140805118478714,0.12280701754385964,0.03508771929824561,0.9715092261711102,high
sigmoid,0.85,0.55,4,0.8333333333333334,0.0,0.21039689447705323,0.14912280701754385,0.03508771929824561,0.7369715265755783,high
sigmoid,0.85,0.55,5,0.8464912280701754,0.0,0.037404497977785556,0.14473684210526316,0.043859649122807015,0.909963923074846,high
sigmoid,0.85,0.55,6,0.8596491228070176,0.0,0.01585641759752754,0.13596491228070176,0.04824561403508772,0.931512003455104,high
sigmoid,0.85,0.55,7,0.8728070175438597,0.0,0.002878806746568263,0.11842105263157894,0.043859649122807015,0.9502472277991998,high
sigmoid,0.85,0.55,8,0.8508771929824561,0.0,0.20385763642755828,0.12719298245614036,0.03070175438596491,0.7435107846250733,high
sigmoid,0.85,0.55,9,0.8289473684210527,0.0,0.12495577143662284,0.15350877192982457,0.03508771929824561,0.8224126496160087,high
sigmoid,0.85,0.55,10,0.8464912280701754,0.0,0.14097049567484843,0.13596491228070176,0.03508771929824561,0.8063979253777831,high
sigmoid,0.85,0.55,11,0.8991228070175439,0.0,0.03210287457738603,0.08333333333333333,0.03508771929824561,0.9794712956300176,high
sigmoid,0.85,0.55,12,0.8289473684210527,0.0,0.25253134326183957,0.14912280701754385,0.03070175438596491,0.694837077790792,high
sigmoid,0.85,0.55,13,0.8333333333333334,0.0,0.04494586043915205,0.14912280701754385,0.03508771929824561,0.9923142814917836,high
sigmoid,0.85,0.55,14,0.8728070175438597,0.0,0.042778015460543384,0.11842105263157894,0.043859649122807015,0.9901464365131749,high
sigmoid,0.85,0.55,15,0.8377192982456141,0.0,0.1623793361575847,0.14473684210526316,0.03508771929824561,0.7849890848950468,high
sigmoid,0.85,0.55,16,0.8464912280701754,0.0,0.052530844205132765,0.13596491228070176,0.03508771929824561,0.9998992652577643,high
sigmoid,0.85,0.55,17,0.8640350877192983,0.0,0.02571505524452211,0.12280701754385964,0.039473684210526314,0.9730834762971536,high
sigmoid,0.85,0.55,18,0.8333333333333334,0.0,0.15981218425210886,0.15789473684210525,0.043859649122807015,0.7875562368005227,high
sigmoid,0.85,0.55,19,0.8596491228070176,0.0,0.11354508865053448,0.11842105263157894,0.03070175438596491,0.833823332402097,high
sigmoid,0.85,0.55,20,0.9122807017543859,0.0,0.056726484952745126,0.08333333333333333,0.04824561403508772,0.8906419360998864,high
sigmoid,0.85,0.55,21,0.8728070175438597,0.0,0.00019266945453322304,0.10526315789473684,0.03070175438596491,0.9475610905071647,high
sigmoid,0.85,0.55,22,0.881578947368421,0.0,0.0438218334858248,0.10526315789473684,0.039473684210526314,0.9911902545384563,high
sigmoid,0.85,0.55,23,0.8640350877192983,0.0,0.07796059333441474,0.12280701754385964,0.039473684210526314,0.8694078277182168,high
sigmoid,0.85,0.55,24,0.8771929824561403,0.0,0.013123944758382411,0.12280701754385964,0.05263157894736842,0.9342444762942491,high
sigmoid,0.85,0.55,25,0.8728070175438597,0.0,0.1888223690222468,0.11403508771929824,0.039473684210526314,0.7585460520303847,high
sigmoid,0.85,0.55,26,0.8640350877192983,0.0,0.041165793169982146,0.12719298245614036,0.043859649122807015,0.9885342142226137,high
sigmoid,0.85,0.55,27,0.868421052631579,0.0,0.17896502927039803,0.11842105263157894,0.039473684210526314,0.7684033917822335,high
sigmoid,0.85,0.55,28,0.8026315789473685,0.0,0.020732689961926898,0.17982456140350878,0.03508771929824561,0.9681011110145584,high
sigmoid,0.85,0.55,29,0.881578947368421,0.0,0.06475217491854335,0.10964912280701754,0.043859649122807015,0.8826162461340882,high
sigmoid,0.85,0.6,0,0.8464912280701754,0.0,0.0038463068775563825,0.14035087719298245,0.039473684210526314,0.9435221141750751,high
sigmoid,0.85,0.6,1,0.8640350877192983,0.0,0.011950305720742072,0.12280701754385964,0.039473684210526314,0.9593187267733736,high
sigmoid,0.85,0.6,2,0.868421052631579,0.0,0.032581891535451435,0.11403508771929824,0.03508771929824561,0.9147865295171801,high
sigmoid,0.85,0.6,3,0.8596491228070176,0.0,0.024140805118478714,0.12280701754385964,0.03508771929824561,0.9715092261711102,high
sigmoid,0.85,0.6,4,0.8333333333333334,0.0,0.21039689447705323,0.14912280701754385,0.03508771929824561,0.7369715265755783,high
sigmoid,0.85,0.6,5,0.8464912280701754,0.0,0.037404497977785556,0.14473684210526316,0.043859649122807015,0.909963923074846,high
sigmoid,0.85,0.6,6,0.8596491228070176,0.0,0.01585641759752754,0.13596491228070176,0.04824561403508772,0.931512003455104,high
sigmoid,0.85,0.6,7,0.8728070175438597,0.0,0.002878806746568263,0.11842105263157894,0.043859649122807015,0.9502472277991998,high
sigmoid,0.85,0.6,8,0.8508771929824561,0.0,0.20385763642755828,0.12719298245614036,0.03070175438596491,0.7435107846250733,high
sigmoid,0.85,0.6,9,0.8289473684210527,0.0,0.12495577143662284,0.15350877192982457,0.03508771929824561,0.8224126496160087,high
sigmoid,0.85,0.6,10,0.8464912280701754,0.0,0.14097049567484843,0.13596491228070176,0.03508771929824561,0.8063979253777831,high
sigmoid,0.85,0.6,11,0.8991228070175439,0.0,0.03210287457738603,0.08333333333333333,0.03508771929824561,0.9794712956300176,high
sigmoid,0.85,0.6,12,0.8289473684210527,0.0,0.25253134326183957,0.14912280701754385,0.03070175438596491,0.694837077790792,high
sigmoid,0.85,0.6,13,0.8333333333333334,0.0,0.04494586043915205,0.14912280701754385,0.03508771929824561,0.9923142814917836,high
sigmoid,0.85,0.6,14,0.8728070175438597,0.0,0.042778015460543384,0.11842105263157894,0.043859649122807015,0.9901464365131749,high
sigmoid,0.85,0.6,15,0.8377192982456141,0.0,0.1623793361575847,0.14473684210526316,0.03508771929824561,0.7849890848950468,high
sigmoid,0.85,0.6,16,0.8464912280701754,0.0,0.052530844205132765,0.13596491228070176,0.03508771929824561,0.9998992652577643,high
sigmoid,0.85,0.6,17,0.8640350877192983,0.0,0.02571505524452211,0.12280701754385964,0.039473684210526314,0.9730834762971536,high
sigmoid,0.85,0.6,18,0.8333333333333334,0.0,0.15981218425210886,0.15789473684210525,0.043859649122807015,0.7875562368005227,high
sigmoid,0.85,0.6,19,0.8596491228070176,0.0,0.11354508865053448,0.11842105263157894,0.03070175438596491,0.833823332402097,high
sigmoid,0.85,0.6,20,0.9122807017543859,0.0,0.056726484952745126,0.08333333333333333,0.04824561403508772,0.8906419360998864,high
sigmoid,0.85,0.6,21,0.8728070175438597,0.0,0.00019266945453322304,0.10526315789473684,0.03070175438596491,0.9475610905071647,high
sigmoid,0.85,0.6,22,0.881578947368421,0.0,0.0438218334858248,0.10526315789473684,0.039473684210526314,0.9911902545384563,high
sigmoid,0.85,0.6,23,0.8640350877192983,0.0,0.07796059333441474,0.12280701754385964,0.039473684210526314,0.8694078277182168,high
sigmoid,0.85,0.6,24,0.8771929824561403,0.0,0.013123944758382411,0.12280701754385964,0.05263157894736842,0.9342444762942491,high
sigmoid,0.85,0.6,25,0.8728070175438597,0.0,0.1888223690222468,0.11403508771929824,0.039473684210526314,0.7585460520303847,high
sigmoid,0.85,0.6,26,0.8640350877192983,0.0,0.041165793169982146,0.12719298245614036,0.043859649122807015,0.9885342142226137,high
sigmoid,0.85,0.6,27,0.868421052631579,0.0,0.17896502927039803,0.11842105263157894,0.039473684210526314,0.7684033917822335,high
sigmoid,0.85,0.6,28,0.8026315789473685,0.0,0.020732689961926898,0.17982456140350878,0.03508771929824561,0.9681011110145584,high
sigmoid,0.85,0.6,29,0.881578947368421,0.0,0.06475217491854335,0.10964912280701754,0.043859649122807015,0.8826162461340882,high
sigmoid,0.85,0.7,0,0.8464912280701754,0.0,0.0038463068775563825,0.14035087719298245,0.039473684210526314,0.9435221141750751,high
sigmoid,0.85,0.7,1,0.8640350877192983,0.0,0.011950305720742072,0.12280701754385964,0.039473684210526314,0.9593187267733736,high
sigmoid,0.85,0.7,2,0.868421052631579,0.0,0.032581891535451435,0.11403508771929824,0.03508771929824561,0.9147865295171801,high
sigmoid,0.85,0.7,3,0.8596491228070176,0.0,0.024140805118478714,0.12280701754385964,0.03508771929824561,0.9715092261711102,high
sigmoid,0.85,0.7,4,0.8333333333333334,0.0,0.21039689447705323,0.14912280701754385,0.03508771929824561,0.7369715265755783,high
sigmoid,0.85,0.7,5,0.8464912280701754,0.0,0.037404497977785556,0.14473684210526316,0.043859649122807015,0.909963923074846,high
sigmoid,0.85,0.7,6,0.8596491228070176,0.0,0.01585641759752754,0.13596491228070176,0.04824561403508772,0.931512003455104,high
sigmoid,0.85,0.7,7,0.8728070175438597,0.0,0.002878806746568263,0.11842105263157894,0.043859649122807015,0.9502472277991998,high
sigmoid,0.85,0.7,8,0.8508771929824561,0.0,0.20385763642755828,0.12719298245614036,0.03070175438596491,0.7435107846250733,high
sigmoid,0.85,0.7,9,0.8289473684210527,0.0,0.12495577143662284,0.15350877192982457,0.03508771929824561,0.8224126496160087,high
sigmoid,0.85,0.7,10,0.8464912280701754,0.0,0.14097049567484843,0.13596491228070176,0.03508771929824561,0.8063979253777831,high
sigmoid,0.85,0.7,11,0.8991228070175439,0.0,0.03210287457738603,0.08333333333333333,0.03508771929824561,0.9794712956300176,high
sigmoid,0.85,0.7,12,0.8289473684210527,0.0,0.25253134326183957,0.14912280701754385,0.03070175438596491,0.694837077790792,high
sigmoid,0.85,0.7,13,0.8333333333333334,0.0,0.04494586043915205,0.14912280701754385,0.03508771929824561,0.9923142814917836,high
sigmoid,0.85,0.7,14,0.8728070175438597,0.0,0.042778015460543384,0.11842105263157894,0.043859649122807015,0.9901464365131749,high
sigmoid,0.85,0.7,15,0.8377192982456141,0.0,0.1623793361575847,0.14473684210526316,0.03508771929824561,0.7849890848950468,high
sigmoid,0.85,0.7,16,0.8464912280701754,0.0,0.052530844205132765,0.13596491228070176,0.03508771929824561,0.9998992652577643,high
sigmoid,0.85,0.7,17,0.8640350877192983,0.0,0.02571505524452211,0.12280701754385964,0.039473684210526314,0.9730834762971536,high
sigmoid,0.85,0.7,18,0.8333333333333334,0.0,0.15981218425210886,0.15789473684210525,0.043859649122807015,0.7875562368005227,high
sigmoid,0.85,0.7,19,0.8596491228070176,0.0,0.11354508865053448,0.11842105263157894,0.03070175438596491,0.833823332402097,high
sigmoid,0.85,0.7,20,0.9122807017543859,0.0,0.056726484952745126,0.08333333333333333,0.04824561403508772,0.8906419360998864,high
sigmoid,0.85,0.7,21,0.8728070175438597,0.0,0.00019266945453322304,0.10526315789473684,0.03070175438596491,0.9475610905071647,high
sigmoid,0.85,0.7,22,0.881578947368421,0.0,0.0438218334858248,0.10526315789473684,0.039473684210526314,0.9911902545384563,high
sigmoid,0.85,0.7,23,0.8640350877192983,0.0,0.07796059333441474,0.12280701754385964,0.039473684210526314,0.8694078277182168,high
sigmoid,0.85,0.7,24,0.8771929824561403,0.0,0.013123944758382411,0.12280701754385964,0.05263157894736842,0.9342444762942491,high
sigmoid,0.85,0.7,25,0.8728070175438597,0.0,0.1888223690222468,0.11403508771929824,0.039473684210526314,0.7585460520303847,high
sigmoid,0.85,0.7,26,0.8640350877192983,0.0,0.041165793169982146,0.12719298245614036,0.043859649122807015,0.9885342142226137,high
sigmoid,0.85,0.7,27,0.868421052631579,0.0,0.17896502927039803,0.11842105263157894,0.039473684210526314,0.7684033917822335,high
sigmoid,0.85,0.7,28,0.8026315789473685,0.0,0.020732689961926898,0.17982456140350878,0.03508771929824561,0.9681011110145584,high
sigmoid,0.85,0.7,29,0.881578947368421,0.0,0.06475217491854335,0.10964912280701754,0.043859649122807015,0.8826162461340882,high
sigmoid,0.85,0.85,0,0.8464912280701754,0.0,0.0038463068775563825,0.14035087719298245,0.039473684210526314,0.9435221141750751,high
sigmoid,0.85,0.85,1,0.8640350877192983,0.0,0.011950305720742072,0.12280701754385964,0.039473684210526314,0.9593187267733736,high
sigmoid,0.85,0.85,2,0.868421052631579,0.0,0.032581891535451435,0.11403508771929824,0.03508771929824561,0.9147865295171801,high
sigmoid,0.85,0.85,3,0.8596491228070176,0.0,0.024140805118478714,0.12280701754385964,0.03508771929824561,0.9715092261711102,high
sigmoid,0.85,0.85,4,0.8333333333333334,0.0,0.21039689447705323,0.14912280701754385,0.03508771929824561,0.7369715265755783,high
sigmoid,0.85,0.85,5,0.8464912280701754,0.0,0.037404497977785556,0.14473684210526316,0.043859649122807015,0.909963923074846,high
sigmoid,0.85,0.85,6,0.8596491228070176,0.0,0.01585641759752754,0.13596491228070176,0.04824561403508772,0.931512003455104,high
sigmoid,0.85,0.85,7,0.8728070175438597,0.0,0.002878806746568263,0.11842105263157894,0.043859649122807015,0.9502472277991998,high
sigmoid,0.85,0.85,8,0.8508771929824561,0.0,0.20385763642755828,0.12719298245614036,0.03070175438596491,0.7435107846250733,high
sigmoid,0.85,0.85,9,0.8289473684210527,0.0,0.12495577143662284,0.15350877192982457,0.03508771929824561,0.8224126496160087,high
sigmoid,0.85,0.85,10,0.8464912280701754,0.0,0.14097049567484843,0.13596491228070176,0.03508771929824561,0.8063979253777831,high
sigmoid,0.85,0.85,11,0.8991228070175439,0.0,0.03210287457738603,0.08333333333333333,0.03508771929824561,0.9794712956300176,high
sigmoid,0.85,0.85,12,0.8289473684210527,0.0,0.25253134326183957,0.14912280701754385,0.03070175438596491,0.694837077790792,high
sigmoid,0.85,0.85,13,0.8333333333333334,0.0,0.04494586043915205,0.14912280701754385,0.03508771929824561,0.9923142814917836,high
sigmoid,0.85,0.85,14,0.8728070175438597,0.0,0.042778015460543384,0.11842105263157894,0.043859649122807015,0.9901464365131749,high
sigmoid,0.85,0.85,15,0.8377192982456141,0.0,0.1623793361575847,0.14473684210526316,0.03508771929824561,0.7849890848950468,high
sigmoid,0.85,0.85,16,0.8464912280701754,0.0,0.052530844205132765,0.13596491228070176,0.03508771929824561,0.9998992652577643,high
sigmoid,0.85,0.85,17,0.8640350877192983,0.0,0.02571505524452211,0.12280701754385964,0.039473684210526314,0.9730834762971536,high
sigmoid,0.85,0.85,18,0.8333333333333334,0.0,0.15981218425210886,0.15789473684210525,0.043859649122807015,0.7875562368005227,high
sigmoid,0.85,0.85,19,0.8596491228070176,0.0,0.11354508865053448,0.11842105263157894,0.03070175438596491,0.833823332402097,high
sigmoid,0.85,0.85,20,0.9122807017543859,0.0,0.056726484952745126,0.08333333333333333,0.04824561403508772,0.8906419360998864,high
sigmoid,0.85,0.85,21,0.8728070175438597,0.0,0.00019266945453322304,0.10526315789473684,0.03070175438596491,0.9475610905071647,high
sigmoid,0.85,0.85,22,0.881578947368421,0.0,0.0438218334858248,0.10526315789473684,0.039473684210526314,0.9911902545384563,high
sigmoid,0.85,0.85,23,0.8640350877192983,0.0,0.07796059333441474,0.12280701754385964,0.039473684210526314,0.8694078277182168,high
sigmoid,0.85,0.85,24,0.8771929824561403,0.0,0.013123944758382411,0.12280701754385964,0.05263157894736842,0.9342444762942491,high
sigmoid,0.85,0.85,25,0.8728070175438597,0.0,0.1888223690222468,0.11403508771929824,0.039473684210526314,0.7585460520303847,high
sigmoid,0.85,0.85,26,0.8640350877192983,0.0,0.041165793169982146,0.12719298245614036,0.043859649122807015,0.9885342142226137,high
sigmoid,0.85,0.85,27,0.868421052631579,0.0,0.17896502927039803,0.11842105263157894,0.039473684210526314,0.7684033917822335,high
sigmoid,0.85,0.85,28,0.8026315789473685,0.0,0.020732689961926898,0.17982456140350878,0.03508771929824561,0.9681011110145584,high
sigmoid,0.85,0.85,29,0.881578947368421,0.0,0.06475217491854335,0.10964912280701754,0.043859649122807015,0.8826162461340882,high
sigmoid,0.85,1.0,0,0.8464912280701754,0.0,0.0038463068775563825,0.14035087719298245,0.039473684210526314,0.9435221141750751,high
sigmoid,0.85,1.0,1,0.8640350877192983,0.0,0.011950305720742072,0.12280701754385964,0.039473684210526314,0.9593187267733736,high
sigmoid,0.85,1.0,2,0.868421052631579,0.0,0.032581891535451435,0.11403508771929824,0.03508771929824561,0.9147865295171801,high
sigmoid,0.85,1.0,3,0.8596491228070176,0.0,0.024140805118478714,0.12280701754385964,0.03508771929824561,0.9715092261711102,high
sigmoid,0.85,1.0,4,0.8333333333333334,0.0,0.21039689447705323,0.14912280701754385,0.03508771929824561,0.7369715265755783,high
sigmoid,0.85,1.0,5,0.8464912280701754,0.0,0.037404497977785556,0.14473684210526316,0.043859649122807015,0.909963923074846,high
sigmoid,0.85,1.0,6,0.8596491228070176,0.0,0.01585641759752754,0.13596491228070176,0.04824561403508772,0.931512003455104,high
sigmoid,0.85,1.0,7,0.8728070175438597,0.0,0.002878806746568263,0.11842105263157894,0.043859649122807015,0.9502472277991998,high
sigmoid,0.85,1.0,8,0.8508771929824561,0.0,0.20385763642755828,0.12719298245614036,0.03070175438596491,0.7435107846250733,high
sigmoid,0.85,1.0,9,0.8289473684210527,0.0,0.12495577143662284,0.15350877192982457,0.03508771929824561,0.8224126496160087,high
sigmoid,0.85,1.0,10,0.8464912280701754,0.0,0.14097049567484843,0.13596491228070176,0.03508771929824561,0.8063979253777831,high
sigmoid,0.85,1.0,11,0.8991228070175439,0.0,0.03210287457738603,0.08333333333333333,0.03508771929824561,0.9794712956300176,high
sigmoid,0.85,1.0,12,0.8289473684210527,0.0,0.25253134326183957,0.14912280701754385,0.03070175438596491,0.694837077790792,high
sigmoid,0.85,1.0,13,0.8333333333333334,0.0,0.04494586043915205,0.14912280701754385,0.03508771929824561,0.9923142814917836,high
sigmoid,0.85,1.0,14,0.8728070175438597,0.0,0.042778015460543384,0.11842105263157894,0.043859649122807015,0.9901464365131749,high
sigmoid,0.85,1.0,15,0.8377192982456141,0.0,0.1623793361575847,0.14473684210526316,0.03508771929824561,0.7849890848950468,high
sigmoid,0.85,1.0,16,0.8464912280701754,0.0,0.052530844205132765,0.13596491228070176,0.03508771929824561,0.9998992652577643,high
sigmoid,0.85,1.0,17,0.8640350877192983,0.0,0.02571505524452211,0.12280701754385964,0.039473684210526314,0.9730834762971536,high
sigmoid,0.85,1.0,18,0.8333333333333334,0.0,0.15981218425210886,0.15789473684210525,0.043859649122807015,0.7875562368005227,high
sigmoid,0.85,1.0,19,0.8596491228070176,0.0,0.11354508865053448,0.11842105263157894,0.03070175438596491,0.833823332402097,high
sigmoid,0.85,1.0,20,0.9122807017543859,0.0,0.056726484952745126,0.08333333333333333,0.04824561403508772,0.8906419360998864,high
sigmoid,0.85,1.0,21,0.8728070175438597,0.0,0.00019266945453322304,0.10526315789473684,0.03070175438596491,0.9475610905071647,high
sigmoid,0.85,1.0,22,0.881578947368421,0.0,0.0438218334858248,0.10526315789473684,0.039473684210526314,0.9911902545384563,high
sigmoid,0.85,1.0,23,0.8640350877192983,0.0,0.07796059333441474,0.12280701754385964,0.039473684210526314,0.8694078277182168,high
sigmoid,0.85,1.0,24,0.8771929824561403,0.0,0.013123944758382411,0.12280701754385964,0.05263157894736842,0.9342444762942491,high
sigmoid,0.85,1.0,25,0.8728070175438597,0.0,0.1888223690222468,0.11403508771929824,0.039473684210526314,0.7585460520303847,high
sigmoid,0.85,1.0,26,0.8640350877192983,0.0,0.041165793169982146,0.12719298245614036,0.043859649122807015,0.9885342142226137,high
sigmoid,0.85,1.0,27,0.868421052631579,0.0,0.17896502927039803,0.11842105263157894,0.039473684210526314,0.7684033917822335,high
sigmoid,0.85,1.0,28,0.8026315789473685,0.0,0.020732689961926898,0.17982456140350878,0.03508771929824561,0.9681011110145584,high
sigmoid,0.85,1.0,29,0.881578947368421,0.0,0.06475217491854335,0.10964912280701754,0.043859649122807015,0.8826162461340882,high
continuous,0.55,0.0,0,0.9210526315789473,0.02631578947368421,0.04180632333349921,0.0,0.0,0.9891747443861307,low
continuous,0.55,0.0,1,0.9035087719298246,0.02631578947368421,0.04249326611357607,0.0,0.0,0.9898616871662076,low
continuous,0.55,0.0,2,0.8947368421052632,0.017543859649122806,0.051436743539387875,0.0,0.0,0.9988051645920194,low
continuous,0.55,0.0,3,0.9078947368421053,0.017543859649122806,0.0472972761474969,0.0,0.0,0.9946656972001284,low
continuous,0.55,0.0,4,0.8903508771929824,0.02631578947368421,0.04459763343611223,0.0,0.0,0.9919660544887438,low
continuous,0.55,0.0,5,0.9385964912280702,0.02631578947368421,0.051437423007512195,0.0,0.0,0.9988058440601437,low
continuous,0.55,0.0,6,0.8859649122807017,0.03508771929824561,0.08085263590959357,0.0,0.0,0.866515785143038,low
continuous,0.55,0.0,7,0.9254385964912281,0.021929824561403508,0.051437314480513696,0.0,0.0,0.9988057355331452,low
continuous,0.55,0.0,8,0.9166666666666666,0.017543859649122806,0.014984807935944033,0.0,0.0,0.9623532289885756,low
continuous,0.55,0.0,9,0.881578947368421,0.021929824561403508,0.050839810461556834,0.0,0.0,0.9982082315141884,low
continuous,0.55,0.0,10,0.9122807017543859,0.017543859649122806,0.051437550686262434,0.0,0.0,0.998805971738894,low
continuous,0.55,0.0,11,0.9385964912280702,0.021929824561403508,0.05143755068507094,0.0,0.0,0.9988059717377025,low
continuous,0.55,0.0,12,0.8640350877192983,0.02631578947368421,0.03305295272746245,0.0,0.0,0.9143154683251691,low
continuous,0.55,0.0,13,0.9035087719298246,0.013157894736842105,0.04606401987866804,0.0,0.0,0.9934324409312996,low
continuous,0.55,0.0,14,0.881578947368421,0.02631578947368421,0.13106203554213114,0.0,0.0,0.8163063855105004,low
continuous,0.55,0.0,15,0.9166666666666666,0.017543859649122806,0.05100586009357844,0.0,0.0,0.99837428114621,low
continuous,0.55,0.0,16,0.9122807017543859,0.021929824561403508,0.0514375506732182,0.0,0.0,0.9988059717258497,low
continuous,0.55,0.0,17,0.8552631578947368,0.039473684210526314,0.042313162517924274,0.0,0.0,0.9896815835705558,low
continuous,0.55,0.0,18,0.9166666666666666,0.02631578947368421,0.051437400474677486,0.0,0.0,0.998805821527309,low
continuous,0.55,0.0,19,0.9166666666666666,0.021929824561403508,0.02055978536417391,0.0,0.0,0.9679282064168054,low
continuous,0.55,0.0,20,0.8947368421052632,0.03508771929824561,0.016091905116103034,0.0,0.0,0.9312765159365285,low
continuous,0.55,0.0,21,0.9035087719298246,0.017543859649122806,0.025326473674596173,0.0,0.0,0.9220419473780354,low
continuous,0.55,0.0,22,0.9122807017543859,0.02631578947368421,0.04029988774707105,0.0,0.0,0.9876683087997026,low
continuous,0.55,0.0,23,0.9078947368421053,0.017543859649122806,0.05143231378756441,0.0,0.0,0.9988007348401959,low
continuous,0.55,0.0,24,0.881578947368421,0.043859649122807015,0.03572784346675051,0.0,0.0,0.983096264519382,low
continuous,0.55,0.0,25,0.9210526315789473,0.02631578947368421,0.0495733988553837,0.0,0.0,0.9969418199080152,low
continuous,0.55,0.0,26,0.9035087719298246,0.043859649122807015,0.05143755068421574,0.0,0.0,0.9988059717368473,low
continuous,0.55,0.0,27,0.868421052631579,0.02631578947368421,0.12906670855564306,0.0,0.0,0.8183017124969885,low
continuous,0.55,0.0,28,0.9122807017543859,0.021929824561403508,0.051437564513036604,0.0,0.0,0.9988059855656681,low
continuous,0.55,0.0,29,0.8903508771929824,0.043859649122807015,0.05013696880998875,0.0,0.0,0.9975053898626203,low
continuous,0.55,0.1,0,0.9166666666666666,0.02631578947368421,0.041806323333499096,0.0043859649122807015,0.0,0.9891747443861306,low
continuous,0.55,0.1,1,0.9035087719298246,0.02631578947368421,0.04249326611357607,0.0043859649122807015,0.0043859649122807015,0.9898616871662076,low
continuous,0.55,0.1,2,0.8947368421052632,0.017543859649122806,0.051436743539387875,0.0043859649122807015,0.0,0.9988051645920194,low
continuous,0.55,0.1,3,0.9035087719298246,0.017543859649122806,0.04729727614212542,0.0043859649122807015,0.0,0.994665697194757,low
continuous,0.55,0.1,4,0.8859649122807017,0.02631578947368421,0.04459763343074097,0.0043859649122807015,0.0,0.9919660544833725,low
continuous,0.55,0.1,5,0.9385964912280702,0.02631578947368421,0.051437423007512195,0.0,0.0,0.9988058440601437,low
continuous,0.55,0.1,6,0.881578947368421,0.03508771929824561,0.08085263591496505,0.0043859649122807015,0.0,0.8665157851376665,low
continuous,0.55,0.1,7,0.9298245614035088,0.017543859649122806,0.05143731448051958,0.0043859649122807015,0.0043859649122807015,0.9988057355331511,low
continuous,0.55,0.1,8,0.9429824561403509,0.013157894736842105,0.051756662970373735,0.0,0.0043859649122807015,0.9991250840230053,low
continuous,0.55,0.1,9,0.881578947368421,0.021929824561403508,0.050839810461556834,0.0043859649122807015,0.0,0.9982082315141884,low
continuous,0.55,0.1,10,0.9122807017543859,0.017543859649122806,0.051437550686262434,0.0043859649122807015,0.0,0.998805971738894,low
continuous,0.55,0.1,11,0.9429824561403509,0.017543859649122806,0.05143755068507683,0.0,0.0043859649122807015,0.9988059717377084,low
continuous,0.55,0.1,12,0.8640350877192983,0.02631578947368421,0.03305295272746245,0.0,0.0,0.9143154683251691,low
continuous,0.55,0.1,13,0.9035087719298246,0.013157894736842105,0.04606401987866804,0.0,0.0,0.9934324409312996,low
continuous,0.55,0.1,14,0.8771929824561403,0.02631578947368421,0.13106203554213114,0.0043859649122807015,0.0,0.8163063855105004,low
continuous,0.55,0.1,15,0.9210526315789473,0.013157894736842105,0.05100586009358421,0.0,0.0043859649122807015,0.9983742811462157,low
continuous,0.55,0.1,16,0.9122807017543859,0.021929824561403508,0.0514375506732182,0.0,0.0,0.9988059717258497,low
continuous,0.55,0.1,17,0.8728070175438597,0.03508771929824561,0.04231316251802264,0.0043859649122807015,0.0043859649122807015,0.9896815835706542,low
continuous,0.55,0.1,18,0.9122807017543859,0.02631578947368421,0.051437400474677486,0.0043859649122807015,0.0,0.998805821527309,low
continuous,0.55,0.1,19,0.9122807017543859,0.021929824561403508,0.02055978535880232,0.008771929824561403,0.0,0.9679282064114338,low
continuous,0.55,0.1,20,0.8947368421052632,0.03508771929824561,0.016091905116103034,0.0043859649122807015,0.0,0.9312765159365285,low
continuous,0.55,0.1,21,0.9078947368421053,0.013157894736842105,0.02532647367459029,0.0,0.0043859649122807015,0.9220419473780412,low
continuous,0.55,0.1,22,0.9078947368421053,0.021929824561403508,0.0411268713181554,0.0043859649122807015,0.0043859649122807015,0.9884952923707869,low
continuous,0.55,0.1,23,0.9122807017543859,0.013157894736842105,0.051432313787570294,0.0,0.0043859649122807015,0.9988007348402018,low
continuous,0.55,0.1,24,0.868421052631579,0.039473684210526314,0.03572784343024238,0.0043859649122807015,0.0043859649122807015,0.9830962644828739,low
continuous,0.55,0.1,25,0.9122807017543859,0.02631578947368421,0.04957339885001222,0.008771929824561403,0.0,0.9969418199026437,low
continuous,0.55,0.1,26,0.8991228070175439,0.039473684210526314,0.052264534243610106,0.0043859649122807015,0.0043859649122807015,0.9996329552962416,low
continuous,0.55,0.1,27,0.868421052631579,0.02631578947368421,0.12906670855564306,0.0,0.0,0.8183017124969885,low
continuous,0.55,0.1,28,0.9035087719298246,0.021929824561403508,0.05143756450766512,0.008771929824561403,0.0,0.9988059855602966,low
continuous,0.55,0.1,29,0.881578947368421,0.039473684210526314,0.05096395222682826,0.0043859649122807015,0.0043859649122807015,0.9983323732794598,low
continuous,0.55,0.2,0,0.9166666666666666,0.02631578947368421,0.041806323333499096,0.0043859649122807015,0.0,0.9891747443861306,low
continuous,0.55,0.2,1,0.9166666666666666,0.021929824561403508,0.05183256945202841,0.0043859649122807015,0.008771929824561403,0.9992009905046599,low
continuous,0.55,0.2,2,0.8947368421052632,0.017543859649122806,0.051436743539387875,0.0043859649122807015,0.0,0.9988051645920194,low
continuous,0.55,0.2,3,0.9035087719298246,0.017543859649122806,0.04729727614212542,0.0043859649122807015,0.0,0.994665697194757,low
continuous,0.55,0.2,4,0.8947368421052632,0.021929824561403508,0.05226453425203448,0.0043859649122807015,0.0043859649122807015,0.999632955304666,low
continuous,0.55,0.2,5,0.9429824561403509,0.021929824561403508,0.05143742300751797,0.0,0.0043859649122807015,0.9988058440601495,low
continuous,0.55,0.2,6,0.8859649122807017,0.03070175438596491,0.08085263591495928,0.0043859649122807015,0.0043859649122807015,0.8665157851376722,low
continuous,0.55,0.2,7,0.9298245614035088,0.017543859649122806,0.05143731448051958,0.0043859649122807015,0.0043859649122807015,0.9988057355331511,low
continuous,0.55,0.2,8,0.9385964912280702,0.013157894736842105,0.051756662965002365,0.0043859649122807015,0.0043859649122807015,0.9991250840176339,low
continuous,0.55,0.2,9,0.868421052631579,0.021929824561403508,0.05083981041971741,0.008771929824561403,0.0,0.9982082314723489,low
continuous,0.55,0.2,10,0.9210526315789473,0.008771929824561403,0.052264534257353557,0.0043859649122807015,0.008771929824561403,0.9996329553099851,low
continuous,0.55,0.2,11,0.9429824561403509,0.017543859649122806,0.05143755068507683,0.0,0.0043859649122807015,0.9988059717377084,low
continuous,0.55,0.2,12,0.8640350877192983,0.02631578947368421,0.03305295272746245,0.0,0.0,0.9143154683251691,low
continuous,0.55,0.2,13,0.9035087719298246,0.013157894736842105,0.04606401987866804,0.0,0.0,0.9934324409312996,low
continuous,0.55,0.2,14,0.9210526315789473,0.021929824561403508,0.052264534250736516,0.0043859649122807015,0.0043859649122807015,0.999632955303368,low
continuous,0.55,0.2,15,0.9210526315789473,0.013157894736842105,0.05100586009358421,0.0,0.0043859649122807015,0.9983742811462157,low
continuous,0.55,0.2,16,0.9122807017543859,0.017543859649122806,0.05226453424430333,0.008771929824561403,0.0043859649122807015,0.9996329552969349,low
continuous,0.55,0.2,17,0.8903508771929824,0.03070175438596491,0.05111767177287174,0.0043859649122807015,0.008771929824561403,0.9984860928255033,low
continuous,0.55,0.2,18,0.9210526315789473,0.017543859649122806,0.0522643840457685,0.0043859649122807015,0.008771929824561403,0.9996328050984,low
continuous,0.55,0.2,19,0.9254385964912281,0.017543859649122806,0.052264534215370695,0.008771929824561403,0.0043859649122807015,0.9996329552680022,low
continuous,0.55,0.2,20,0.9078947368421053,0.03070175438596491,0.05226379717831808,0.0043859649122807015,0.008771929824561403,0.9996322182309496,low
continuous,0.55,0.2,21,0.9078947368421053,0.013157894736842105,0.02532647367459029,0.0,0.0043859649122807015,0.9220419473780412,low
continuous,0.55,0.2,22,0.9078947368421053,0.021929824561403508,0.0411268713181554,0.0043859649122807015,0.008771929824561403,0.9884952923707869,low
continuous,0.55,0.2,23,0.9122807017543859,0.013157894736842105,0.051432313787570294,0.0,0.0043859649122807015,0.9988007348402018,low
continuous,0.55,0.2,24,0.9035087719298246,0.03508771929824561,0.05226446757145464,0.0043859649122807015,0.008771929824561403,0.9996328886240862,low
continuous,0.55,0.2,25,0.9122807017543859,0.02631578947368421,0.04957339885001222,0.008771929824561403,0.0,0.9969418199026437,low
continuous,0.55,0.2,26,0.8991228070175439,0.039473684210526314,0.052264534243610106,0.0043859649122807015,0.0043859649122807015,0.9996329552962416,low
continuous,0.55,0.2,27,0.8903508771929824,0.017543859649122806,0.052264357514892,0.0,0.008771929824561403,0.9996327785675235,low
continuous,0.55,0.2,28,0.9166666666666666,0.021929824561403508,0.05143756451097581,0.008771929824561403,0.0043859649122807015,0.9988059855636073,low
continuous,0.55,0.2,29,0.8859649122807017,0.03508771929824561,0.05096395222683403,0.0043859649122807015,0.008771929824561403,0.9983323732794656,low
continuous,0.55,0.3,0,0.9254385964912281,0.021929824561403508,0.041806363907262445,0.0043859649122807015,0.0043859649122807015,0.989174784959894,low
continuous,0.55,0.3,1,0.9254385964912281,0.017543859649122806,0.05183261446167875,0.0043859649122807015,0.013157894736842105,0.9992010355143103,low
continuous,0.55,0.3,2,0.8947368421052632,0.017543859649122806,0.051436743539387875,0.0043859649122807015,0.0,0.9988051645920194,low
continuous,0.55,0.3,3,0.9078947368421053,0.013157894736842105,0.04729729157919649,0.0043859649122807015,0.0043859649122807015,0.994665712631828,low
continuous,0.55,0.3,4,0.8947368421052632,0.021929824561403508,0.05226453425203448,0.0043859649122807015,0.0043859649122807015,0.999632955304666,low
continuous,0.55,0.3,5,0.9429824561403509,0.021929824561403508,0.05143742300751797,0.0,0.0043859649122807015,0.9988058440601495,low
continuous,0.55,0.3,6,0.9166666666666666,0.02631578947368421,0.051832757433622256,0.0043859649122807015,0.008771929824561403,0.9992011784862538,low
continuous,0.55,0.3,7,0.9298245614035088,0.017543859649122806,0.05143731448051958,0.0043859649122807015,0.0043859649122807015,0.9988057355331511,low
continuous,0.55,0.3,8,0.9385964912280702,0.013157894736842105,0.051756662965002365,0.0043859649122807015,0.0043859649122807015,0.9991250840176339,low
continuous,0.55,0.3,9,0.868421052631579,0.021929824561403508,0.05083981041971741,0.008771929824561403,0.0,0.9982082314723489,low
continuous,0.55,0.3,10,0.9210526315789473,0.008771929824561403,0.052264534257353557,0.0043859649122807015,0.008771929824561403,0.9996329553099851,low
continuous,0.55,0.3,11,0.9473684210526315,0.013157894736842105,0.05143756612214778,0.0,0.008771929824561403,0.9988059871747793,low
continuous,0.55,0.3,12,0.8640350877192983,0.02631578947368421,0.03305295272746245,0.0,0.0,0.9143154683251691,low
continuous,0.55,0.3,13,0.9035087719298246,0.013157894736842105,0.04606401987866804,0.0,0.0,0.9934324409312996,low
continuous,0.55,0.3,14,0.9342105263157895,0.017543859649122806,0.05226453425077904,0.0043859649122807015,0.008771929824561403,0.9996329553034106,low
continuous,0.55,0.3,15,0.9210526315789473,0.013157894736842105,0.05100586009358421,0.0,0.0043859649122807015,0.9983742811462157,low
continuous,0.55,0.3,16,0.9122807017543859,0.017543859649122806,0.05226453424430333,0.008771929824561403,0.0043859649122807015,0.9996329552969349,low
continuous,0.55,0.3,17,0.8903508771929824,0.03070175438596491,0.05111767177287174,0.0043859649122807015,0.008771929824561403,0.9984860928255033,low
continuous,0.55,0.3,18,0.9210526315789473,0.017543859649122806,0.0522643840457685,0.0043859649122807015,0.008771929824561403,0.9996328050984,low
continuous,0.55,0.3,19,0.9254385964912281,0.017543859649122806,0.052264534215370695,0.008771929824561403,0.0043859649122807015,0.9996329552680022,low
continuous,0.55,0.3,20,0.9122807017543859,0.02631578947368421,0.05226381261538904,0.0043859649122807015,0.013157894736842105,0.9996322336680206,low
continuous,0.55,0.3,21,0.9078947368421053,0.013157894736842105,0.02532647367459029,0.0,0.0043859649122807015,0.9220419473780412,low
continuous,0.55,0.3,22,0.9078947368421053,0.017543859649122806,0.041126886749854985,0.008771929824561403,0.013157894736842105,0.9884953078024865,low
continuous,0.55,0.3,23,0.9122807017543859,0.013157894736842105,0.051432313787570294,0.0,0.0043859649122807015,0.9988007348402018,low
continuous,0.55,0.3,24,0.9122807017543859,0.03070175438596491,0.052264549657669246,0.0043859649122807015,0.013157894736842105,0.9996329707103008,low
continuous,0.55,0.3,25,0.9122807017543859,0.02631578947368421,0.04957339885001222,0.008771929824561403,0.0,0.9969418199026437,low
continuous,0.55,0.3,26,0.8991228070175439,0.039473684210526314,0.052264534243610106,0.0043859649122807015,0.0043859649122807015,0.9996329552962416,low
continuous,0.55,0.3,27,0.8903508771929824,0.017543859649122806,0.052264357514892,0.0,0.008771929824561403,0.9996327785675235,low
continuous,0.55,0.3,28,0.9166666666666666,0.021929824561403508,0.05143756451097581,0.008771929824561403,0.0043859649122807015,0.9988059855636073,low
continuous,0.55,0.3,29,0.8859649122807017,0.03508771929824561,0.05096395222683403,0.0043859649122807015,0.008771929824561403,0.9983323732794656,low
continuous,0.55,0.4,0,0.9254385964912281,0.017543859649122806,0.04180636390601877,0.013157894736842105,0.008771929824561403,0.9891747849586503,low
continuous,0.55,0.4,1,0.9122807017543859,0.017543859649122806,0.05654241931735593,0.013157894736842105,0.013157894736842105,0.8908260017352756,low
continuous,0.55,0.4,2,0.8947368421052632,0.017543859649122806,0.051436743539387875,0.0043859649122807015,0.0,0.9988051645920194,low
continuous,0.55,0.4,3,0.8859649122807017,0.013157894736842105,0.047235887139133625,0.017543859649122806,0.0043859649122807015,0.9946043081917652,low
continuous,0.55,0.4,4,0.8947368421052632,0.017543859649122806,0.05226453425204325,0.008771929824561403,0.008771929824561403,0.9996329553046748,low
continuous,0.55,0.4,5,0.9473684210526315,0.017543859649122806,0.05226440657860332,0.0,0.008771929824561403,0.9996328276312348,low
continuous,0.55,0.4,6,0.9166666666666666,0.02631578947368421,0.051832757433622256,0.0043859649122807015,0.008771929824561403,0.9992011784862538,low
continuous,0.55,0.4,7,0.9342105263157895,0.013157894736842105,0.05143732991759076,0.0043859649122807015,0.008771929824561403,0.9988057509702223,low
continuous,0.55,0.4,8,0.9254385964912281,0.008771929824561403,0.01860821073426211,0.017543859649122806,0.008771929824561403,0.9659766317868936,low
continuous,0.55,0.4,9,0.881578947368421,0.017543859649122806,0.05083981044220931,0.008771929824561403,0.0043859649122807015,0.9982082314948408,low
continuous,0.55,0.4,10,0.9210526315789473,0.008771929824561403,0.052264534257353557,0.008771929824561403,0.013157894736842105,0.9996329553099851,low
continuous,0.55,0.4,11,0.9429824561403509,0.013157894736842105,0.05693743387785222,0.0043859649122807015,0.008771929824561403,0.8904309871747793,low
continuous,0.55,0.4,12,0.8596491228070176,0.02631578947368421,0.03311435715591493,0.0043859649122807015,0.0,0.9142540638967166,low
continuous,0.55,0.4,13,0.8991228070175439,0.013157894736842105,0.038017058407834536,0.0043859649122807015,0.0,0.9853854794604661,low
continuous,0.55,0.4,14,0.9473684210526315,0.008771929824561403,0.05220314106065049,0.013157894736842105,0.017543859649122806,0.999571562113282,low
continuous,0.55,0.4,15,0.9166666666666666,0.013157894736842105,0.05100585588712847,0.0043859649122807015,0.0043859649122807015,0.99837427693976,low
continuous,0.55,0.4,16,0.9122807017543859,0.017543859649122806,0.05226453424430333,0.008771929824561403,0.0043859649122807015,0.9996329552969349,low
continuous,0.55,0.4,17,0.881578947368421,0.02631578947368421,0.05086641068115472,0.008771929824561403,0.013157894736842105,0.9982348317337862,low
continuous,0.55,0.4,18,0.9166666666666666,0.017543859649122806,0.0561106159542315,0.008771929824561403,0.008771929824561403,0.8912578050984,low
continuous,0.55,0.4,19,0.9342105263157895,0.008771929824561403,0.052264549652442205,0.008771929824561403,0.013157894736842105,0.9996329707050737,low
continuous,0.55,0.4,20,0.9166666666666666,0.021929824561403508,0.052263812615407246,0.0043859649122807015,0.017543859649122806,0.9996322336680388,low
continuous,0.55,0.4,21,0.9078947368421053,0.013157894736842105,0.02532647367459029,0.0,0.0043859649122807015,0.9220419473780412,low
continuous,0.55,0.4,22,0.9035087719298246,0.017543859649122806,0.04112688254339947,0.013157894736842105,0.013157894736842105,0.988495303596031,low
continuous,0.55,0.4,23,0.9078947368421053,0.008771929824561403,0.05137090515371978,0.008771929824561403,0.008771929824561403,0.9987393262063513,low
continuous,0.55,0.4,24,0.9166666666666666,0.02631578947368421,0.056110450343243246,0.013157894736842105,0.017543859649122806,0.8912579707093883,low
continuous,0.55,0.4,25,0.9166666666666666,0.021929824561403508,0.04951199442159937,0.013157894736842105,0.0043859649122807015,0.9968804154742309,low
continuous,0.55,0.4,26,0.8947368421052632,0.03508771929824561,0.05220314104577317,0.013157894736842105,0.008771929824561403,0.9995715620984047,low
continuous,0.55,0.4,27,0.8903508771929824,0.017543859649122806,0.052264357514892,0.0,0.008771929824561403,0.9996327785675235,low
continuous,0.55,0.4,28,0.9254385964912281,0.013157894736842105,0.0433906030401906,0.013157894736842105,0.013157894736842105,0.9907590240928221,low
continuous,0.55,0.4,29,0.8903508771929824,0.03070175438596491,0.05096396766390532,0.0043859649122807015,0.013157894736842105,0.9983323887165368,low
continuous,0.55,0.45,0,0.9254385964912281,0.013157894736842105,0.06656854384603161,0.021929824561403508,0.017543859649122806,0.8807998772065999,low
continuous,0.55,0.45,1,0.9035087719298246,0.017543859649122806,0.056542419317406334,0.021929824561403508,0.013157894736842105,0.8908260017352252,low
continuous,0.55,0.45,2,0.8947368421052632,0.017543859649122806,0.051436743539387875,0.008771929824561403,0.0,0.9988051645920194,low
continuous,0.55,0.45,3,0.8947368421052632,0.0043859649122807015,0.04680419654646617,0.021929824561403508,0.013157894736842105,0.9941726175990977,low
continuous,0.55,0.45,4,0.9122807017543859,0.0043859649122807015,0.05226454968911953,0.008771929824561403,0.02631578947368421,0.9996329707417511,low
continuous,0.55,0.45,5,0.9517543859649122,0.013157894736842105,0.052264406579660916,0.0,0.013157894736842105,0.9996328276322924,low
continuous,0.55,0.45,6,0.9342105263157895,0.008771929824561403,0.05183295126757914,0.008771929824561403,0.02631578947368421,0.9992013723202107,low
continuous,0.55,0.45,7,0.9210526315789473,0.008771929824561403,0.050953445248131835,0.021929824561403508,0.013157894736842105,0.9983218663007634,low
continuous,0.55,0.45,8,0.9254385964912281,0.008771929824561403,0.01860821073426211,0.017543859649122806,0.013157894736842105,0.9659766317868936,low
continuous,0.55,0.45,9,0.8771929824561403,0.017543859649122806,0.04925556969588629,0.013157894736842105,0.0043859649122807015,0.9966239907485178,low
continuous,0.55,0.45,10,0.9210526315789473,0.008771929824561403,0.052264534257353557,0.008771929824561403,0.013157894736842105,0.9996329553099851,low
continuous,0.55,0.45,11,0.9385964912280702,0.013157894736842105,0.0569374338783214,0.008771929824561403,0.008771929824561403,0.8904309871743101,low
continuous,0.55,0.45,12,0.8552631578947368,0.02631578947368421,0.03311435715638411,0.013157894736842105,0.0,0.9142540638962474,low
continuous,0.55,0.45,13,0.9254385964912281,0.0043859649122807015,0.038017058409497095,0.0043859649122807015,0.008771929824561403,0.9853854794621286,low
continuous,0.55,0.45,14,0.9473684210526315,0.008771929824561403,0.05220314106065049,0.013157894736842105,0.021929824561403508,0.999571562113282,low
continuous,0.55,0.45,15,0.9166666666666666,0.013157894736842105,0.05100585588712847,0.0043859649122807015,0.0043859649122807015,0.99837427693976,low
continuous,0.55,0.45,16,0.9122807017543859,0.017543859649122806,0.05226453424430333,0.013157894736842105,0.0043859649122807015,0.9996329552969349,low
continuous,0.55,0.45,17,0.868421052631579,0.017543859649122806,0.05086640065252446,0.017543859649122806,0.021929824561403508,0.998234821705156,low
continuous,0.55,0.45,18,0.9122807017543859,0.013157894736842105,0.05769484126377156,0.017543859649122806,0.013157894736842105,0.88967357978886,low
continuous,0.55,0.45,19,0.9385964912280702,0.0043859649122807015,0.05226454965244354,0.008771929824561403,0.017543859649122806,0.9996329707050751,low
continuous,0.55,0.45,20,0.9210526315789473,0.017543859649122806,0.05226381261540891,0.0043859649122807015,0.021929824561403508,0.9996322336680404,low
continuous,0.55,0.45,21,0.8991228070175439,0.013157894736842105,0.13375366743877481,0.008771929824561403,0.0043859649122807015,0.8136147536138567,low
continuous,0.55,0.45,22,0.9122807017543859,0.013157894736842105,0.04112688254340091,0.013157894736842105,0.017543859649122806,0.9884953035960324,low
continuous,0.55,0.45,23,0.8859649122807017,0.008771929824561403,0.18450409486205477,0.02631578947368421,0.008771929824561403,0.7628643261905768,low
continuous,0.55,0.45,24,0.8991228070175439,0.02631578947368421,0.06493016289211662,0.021929824561403508,0.021929824561403508,0.8824382581605149,low
continuous,0.55,0.45,25,0.9122807017543859,0.017543859649122806,0.03988079220444318,0.021929824561403508,0.008771929824561403,0.9872492132570747,low
continuous,0.55,0.45,26,0.8947368421052632,0.03070175438596491,0.05220314104573387,0.017543859649122806,0.013157894736842105,0.9995715620983654,low
continuous,0.55,0.45,27,0.8859649122807017,0.013157894736842105,0.05256988977794652,0.008771929824561403,0.008771929824561403,0.999938310830578,low
continuous,0.55,0.45,28,0.9385964912280702,0.008771929824561403,0.06498439695160096,0.017543859649122806,0.017543859649122806,0.8823840241010306,low
continuous,0.55,0.45,29,0.8903508771929824,0.03070175438596491,0.05096396766390532,0.0043859649122807015,0.013157894736842105,0.9983323887165368,low
continuous,0.55,0.5,0,0.8771929824561403,0.008771929824561403,0.1169468171972522,0.07017543859649122,0.021929824561403508,0.8304216038553793,low
continuous,0.55,0.5,1,0.8596491228070176,0.013157894736842105,0.1658899558284147,0.06578947368421052,0.017543859649122806,0.7814784652242168,low
continuous,0.55,0.5,2,0.8245614035087719,0.017543859649122806,0.0014909082786119798,0.05701754385964912,0.0,0.9458775127740195,low
continuous,0.55,0.5,3,0.8464912280701754,0.0043859649122807015,0.22925998440032236,0.05701754385964912,0.013157894736842105,0.7181084366523092,low
continuous,0.55,0.5,4,0.8377192982456141,0.0043859649122807015,0.032743781976896535,0.06578947368421052,0.02631578947368421,0.9801122030295281,low
continuous,0.55,0.5,5,0.9210526315789473,0.013157894736842105,0.030870550736332603,0.021929824561403508,0.013157894736842105,0.9782389717889641,low
continuous,0.55,0.5,6,0.8640350877192983,0.0043859649122807015,0.08175867287511973,0.05263157894736842,0.03070175438596491,0.8656097481775118,low
continuous,0.55,0.5,7,0.8771929824561403,0.008771929824561403,0.009482306062354007,0.06140350877192982,0.013157894736842105,0.9568507271149855,low
continuous,0.55,0.5,8,0.8377192982456141,0.008771929824561403,0.028873595013529152,0.07894736842105263,0.013157894736842105,0.9184948260391024,low
continuous,0.55,0.5,9,0.8596491228070176,0.013157894736842105,0.04881659729052745,0.043859649122807015,0.008771929824561403,0.996185018343159,low
continuous,0.55,0.5,10,0.8859649122807017,0.008771929824561403,0.022556094797059,0.043859649122807015,0.013157894736842105,0.9699245158496905,low
continuous,0.55,0.5,11,0.8508771929824561,0.0043859649122807015,0.06304867987035345,0.07017543859649122,0.017543859649122806,0.8843197411822781,low
continuous,0.55,0.5,12,0.8245614035087719,0.017543859649122806,0.0868105479198229,0.06140350877192982,0.008771929824561403,0.8605578731328086,low
continuous,0.55,0.5,13,0.8771929824561403,0.0043859649122807015,0.03653588300262167,0.043859649122807015,0.008771929824561403,0.9839043040552532,low
continuous,0.55,0.5,14,0.7982456140350878,0.0043859649122807015,0.4169429432983549,0.07017543859649122,0.03070175438596491,0.5304254777542766,low
continuous,0.55,0.5,15,0.8508771929824561,0.0043859649122807015,0.10219968357357989,0.05701754385964912,0.008771929824561403,0.8451687374790516,low
continuous,0.55,0.5,16,0.8728070175438597,0.013157894736842105,0.05231950685676612,0.039473684210526314,0.013157894736842105,0.9996879279093976,low
continuous,0.55,0.5,17,0.7894736842105263,0.017543859649122806,0.06527730857257008,0.07456140350877193,0.021929824561403508,0.8820911124800614,low
continuous,0.55,0.5,18,0.8333333333333334,0.0043859649122807015,0.13330321389791666,0.07017543859649122,0.017543859649122806,0.8140652071547149,low
continuous,0.55,0.5,19,0.8289473684210527,0.0043859649122807015,0.08121057680242239,0.06578947368421052,0.017543859649122806,0.8661578442502091,low
continuous,0.55,0.5,20,0.8859649122807017,0.008771929824561403,0.05097040429717181,0.05263157894736842,0.02631578947368421,0.8963980167554597,low
continuous,0.55,0.5,21,0.8289473684210527,0.013157894736842105,0.1348277603623883,0.06578947368421052,0.0043859649122807015,0.8125406606902432,low
continuous,0.55,0.5,22,0.8464912280701754,0.008771929824561403,0.05322018825037833,0.06578947368421052,0.021929824561403508,0.8941482328022532,low
continuous,0.55,0.5,23,0.8552631578947368,0.0043859649122807015,0.26637526948753265,0.06140350877192982,0.013157894736842105,0.6809931515650989,low
continuous,0.55,0.5,24,0.8508771929824561,0.021929824561403508,0.16959769874023622,0.06578947368421052,0.021929824561403508,0.7777707223123953,low
continuous,0.55,0.5,25,0.8640350877192983,0.013157894736842105,0.037192535044096586,0.05701754385964912,0.013157894736842105,0.9845609560967281,low
continuous,0.55,0.5,26,0.8552631578947368,0.017543859649122806,0.09926526621777831,0.07894736842105263,0.02631578947368421,0.8481031548348532,low
continuous,0.55,0.5,27,0.8333333333333334,0.008771929824561403,0.13389050065610342,0.05701754385964912,0.013157894736842105,0.8134779203965281,low
continuous,0.55,0.5,28,0.8421052631578947,0.008771929824561403,0.0650885905941816,0.06578947368421052,0.017543859649122806,0.8822798304584499,low
continuous,0.55,0.5,29,0.8640350877192983,0.02631578947368421,0.015803368544264562,0.03508771929824561,0.017543859649122806,0.931565052508367,low
continuous,0.55,0.55,0,0.7894736842105263,0.008771929824561403,0.1969156006951156,0.14473684210526316,0.021929824561403508,0.7504528203575159,low
continuous,0.55,0.55,1,0.793859649122807,0.008771929824561403,0.20983730720678617,0.11403508771929824,0.021929824561403508,0.7375311138458454,low
continuous,0.55,0.55,2,0.7105263157894737,0.013157894736842105,0.08351655756219667,0.14035087719298245,0.0043859649122807015,0.8638518634904349,low
continuous,0.55,0.55,3,0.7807017543859649,0.0,0.34306540907339356,0.11842105263157894,0.017543859649122806,0.604303011979238,low
continuous,0.55,0.55,4,0.793859649122807,0.0043859649122807015,0.07574186109277992,0.12280701754385964,0.02631578947368421,0.8716265599598516,low
continuous,0.55,0.55,5,0.8377192982456141,0.0,0.16659988837139994,0.10526315789473684,0.02631578947368421,0.7807685326812316,low
continuous,0.55,0.55,6,0.7456140350877193,0.0043859649122807015,0.10697528134581624,0.12719298245614036,0.03070175438596491,0.8403931397068153,low
continuous,0.55,0.55,7,0.7894736842105263,0.0043859649122807015,0.17214449820676592,0.13157894736842105,0.017543859649122806,0.7752239228458656,low
continuous,0.55,0.55,8,0.75,0.0043859649122807015,0.37337588768041297,0.13596491228070176,0.021929824561403508,0.5739925333722186,low
continuous,0.55,0.55,9,0.7719298245614035,0.0,0.03617456566507826,0.11403508771929824,0.021929824561403508,0.9835429867177098,low
continuous,0.55,0.55,10,0.8377192982456141,0.0043859649122807015,0.28032527056152634,0.08333333333333333,0.02631578947368421,0.6670431504911052,low
continuous,0.55,0.55,11,0.8201754385964912,0.0043859649122807015,0.11135971377724341,0.10964912280701754,0.017543859649122806,0.8360087072753881,low
continuous,0.55,0.55,12,0.7631578947368421,0.008771929824561403,0.0868297277779414,0.12719298245614036,0.017543859649122806,0.8605386932746901,low
continuous,0.55,0.55,13,0.7894736842105263,0.0,0.014687997790064689,0.11842105263157894,0.017543859649122806,0.9620564188426962,low
continuous,0.55,0.55,14,0.7236842105263158,0.0043859649122807015,0.434456921856481,0.14473684210526316,0.03070175438596491,0.5129114991961505,low
continuous,0.55,0.55,15,0.7280701754385965,0.0043859649122807015,0.29123991329847854,0.13596491228070176,0.008771929824561403,0.656128507754153,low
continuous,0.55,0.55,16,0.7982456140350878,0.008771929824561403,0.004269188163369186,0.09210526315789473,0.017543859649122806,0.9430992328892623,low
continuous,0.55,0.55,17,0.7631578947368421,0.013157894736842105,0.06885992759728932,0.11403508771929824,0.02631578947368421,0.8785084934553422,low
continuous,0.55,0.55,18,0.7543859649122807,0.0043859649122807015,0.13650278381418246,0.12280701754385964,0.017543859649122806,0.8108656372384491,low
continuous,0.55,0.55,19,0.7675438596491229,0.0043859649122807015,0.09662635137289965,0.14035087719298245,0.017543859649122806,0.8507420696797319,low
continuous,0.55,0.55,20,0.7456140350877193,0.0043859649122807015,0.277624673492076,0.14473684210526316,0.03070175438596491,0.6697437475605555,low
continuous,0.55,0.55,21,0.7631578947368421,0.0043859649122807015,0.15502409483719648,0.14035087719298245,0.008771929824561403,0.792344326215435,low
continuous,0.55,0.55,22,0.7982456140350878,0.008771929824561403,0.07066066737833276,0.12280701754385964,0.021929824561403508,0.8767077536742988,low
continuous,0.55,0.55,23,0.793859649122807,0.0043859649122807015,0.3241635875027321,0.11842105263157894,0.013157894736842105,0.6232048335498994,low
continuous,0.55,0.55,24,0.8026315789473685,0.013157894736842105,0.22258472500806203,0.11842105263157894,0.02631578947368421,0.7247836960445695,low
continuous,0.55,0.55,25,0.8201754385964912,0.013157894736842105,0.036456643537635225,0.09649122807017543,0.013157894736842105,0.9838250645902668,low
continuous,0.55,0.55,26,0.7850877192982456,0.017543859649122806,0.17198471395370107,0.14912280701754385,0.02631578947368421,0.7753837070989305,low
continuous,0.55,0.55,27,0.7149122807017544,0.008771929824561403,0.17932468557966152,0.15350877192982457,0.017543859649122806,0.76804373547297,low
continuous,0.55,0.55,28,0.7368421052631579,0.008771929824561403,0.14385419406853406,0.12719298245614036,0.017543859649122806,0.8035142269840975,low
continuous,0.55,0.55,29,0.8201754385964912,0.017543859649122806,0.07765287051711411,0.09649122807017543,0.02631578947368421,0.8697155505355174,low
continuous,0.55,0.6,0,0.6929824561403509,0.0043859649122807015,0.1970460516588156,0.21052631578947367,0.02631578947368421,0.7503223693938159,low
continuous,0.55,0.6,1,0.7280701754385965,0.0043859649122807015,0.231317088690547,0.19298245614035087,0.02631578947368421,0.7160513323620845,low
continuous,0.55,0.6,2,0.6578947368421053,0.008771929824561403,0.08440759417001376,0.21052631578947367,0.0043859649122807015,0.8629608268826178,low
continuous,0.55,0.6,3,0.7280701754385965,0.0,0.35984390829198665,0.18421052631578946,0.017543859649122806,0.5875245127606449,low
continuous,0.55,0.6,4,0.6973684210526315,0.0,0.22729246446471552,0.18859649122807018,0.03070175438596491,0.720075956587916,low
continuous,0.55,0.6,5,0.7543859649122807,0.0,0.199847829766998,0.18859649122807018,0.02631578947368421,0.7475205912856335,low
continuous,0.55,0.6,6,0.6842105263157895,0.0043859649122807015,0.1284295394429601,0.2149122807017544,0.03070175438596491,0.8189388816096714,low
continuous,0.55,0.6,7,0.6842105263157895,0.0043859649122807015,0.2715810510844431,0.20614035087719298,0.017543859649122806,0.6757873699681884,low
continuous,0.55,0.6,8,0.7017543859649122,0.0043859649122807015,0.47914995319327214,0.19736842105263158,0.021929824561403508,0.4682184678593594,low
continuous,0.55,0.6,9,0.7149122807017544,0.0,0.027973263635074908,0.17982456140350878,0.021929824561403508,0.9753416846877064,low
continuous,0.55,0.6,10,0.7543859649122807,0.0043859649122807015,0.29366613944902786,0.14912280701754385,0.02631578947368421,0.6537022816036037,low
continuous,0.55,0.6,11,0.7543859649122807,0.0,0.11164999047656232,0.17543859649122806,0.021929824561403508,0.8357184305760692,low
continuous,0.55,0.6,12,0.6842105263157895,0.0043859649122807015,0.13172440220858128,0.21052631578947367,0.021929824561403508,0.8156440188440502,low
continuous,0.55,0.6,13,0.7105263157894737,0.0,0.007268800523519747,0.19298245614035087,0.017543859649122806,0.9546372215761513,low
continuous,0.55,0.6,14,0.6666666666666666,0.0043859649122807015,0.4394007851400986,0.21052631578947367,0.03070175438596491,0.5079676359125329,low
continuous,0.55,0.6,15,0.6578947368421053,0.0043859649122807015,0.37967174818261074,0.21052631578947367,0.013157894736842105,0.5676966728700208,low
continuous,0.55,0.6,16,0.7368421052631579,0.0,0.004323210036304315,0.14473684210526316,0.021929824561403508,0.9430452110163272,low
continuous,0.55,0.6,17,0.75,0.013157894736842105,0.08428516832240562,0.14912280701754385,0.02631578947368421,0.8630832527302259,low
continuous,0.55,0.6,18,0.7149122807017544,0.0,0.16063397421625258,0.16228070175438597,0.021929824561403508,0.7867344468363789,low
continuous,0.55,0.6,19,0.7236842105263158,0.0043859649122807015,0.09779967252280264,0.18859649122807018,0.017543859649122806,0.8495687485298289,low
continuous,0.55,0.6,20,0.7149122807017544,0.0043859649122807015,0.2887625168789645,0.19736842105263158,0.03070175438596491,0.658605904173667,low
continuous,0.55,0.6,21,0.6929824561403509,0.0043859649122807015,0.26289653220583575,0.2236842105263158,0.008771929824561403,0.6844718888467958,low
continuous,0.55,0.6,22,0.7456140350877193,0.0043859649122807015,0.07106417095286965,0.18859649122807018,0.02631578947368421,0.8763042500997619,low
continuous,0.55,0.6,23,0.6929824561403509,0.0043859649122807015,0.4022260135540676,0.19736842105263158,0.013157894736842105,0.5451424074985639,low
continuous,0.55,0.6,24,0.7149122807017544,0.008771929824561403,0.34411967315780245,0.21052631578947367,0.03070175438596491,0.6032487478948291,low
continuous,0.55,0.6,25,0.7368421052631579,0.008771929824561403,0.07295344966417527,0.16228070175438597,0.021929824561403508,0.8744149713884563,low
continuous,0.55,0.6,26,0.7017543859649122,0.017543859649122806,0.26843359960499014,0.21929824561403508,0.02631578947368421,0.6789348214476414,low
continuous,0.55,0.6,27,0.6359649122807017,0.008771929824561403,0.44284607323029057,0.2324561403508772,0.017543859649122806,0.504522347822341,low
continuous,0.55,0.6,28,0.6798245614035088,0.0043859649122807015,0.15982044158217246,0.20175438596491227,0.021929824561403508,0.7875479794704591,low
continuous,0.55,0.6,29,0.7149122807017544,0.013157894736842105,0.12603481203640932,0.19736842105263158,0.03070175438596491,0.8213336090162222,low
continuous,0.55,0.7,0,0.5789473684210527,0.0,0.32063142024528035,0.33771929824561403,0.02631578947368421,0.6267370008073512,low
continuous,0.55,0.7,1,0.6359649122807017,0.0,0.2317305491866143,0.32894736842105265,0.03508771929824561,0.7156378718660172,low
continuous,0.55,0.7,2,0.6271929824561403,0.0,0.22570808475954907,0.2982456140350877,0.017543859649122806,0.7216603362930825,low
continuous,0.55,0.7,3,0.5833333333333334,0.0,0.3912021289024026,0.3508771929824561,0.017543859649122806,0.556166292150229,low
continuous,0.55,0.7,4,0.5789473684210527,0.0,0.31140732177653496,0.35526315789473684,0.03070175438596491,0.6359610992760966,low
continuous,0.55,0.7,5,0.6885964912280702,0.0,0.2008211115336952,0.2719298245614035,0.03070175438596491,0.7465473095189363,low
continuous,0.55,0.7,6,0.5789473684210527,0.0,0.22399217238212554,0.32456140350877194,0.03508771929824561,0.723376248670506,low
continuous,0.55,0.7,7,0.5833333333333334,0.0043859649122807015,0.5914146509635352,0.32894736842105265,0.017543859649122806,0.3559537700890963,low
continuous,0.55,0.7,8,0.6403508771929824,0.0043859649122807015,0.5314464754357702,0.30701754385964913,0.021929824561403508,0.41592194561686135,low
continuous,0.55,0.7,9,0.5877192982456141,0.0,0.05037269088688323,0.3201754385964912,0.021929824561403508,0.8969957301657483,low
continuous,0.55,0.7,10,0.6885964912280702,0.0,0.30541628932742637,0.25,0.03070175438596491,0.6419521317252052,low
continuous,0.55,0.7,11,0.6622807017543859,0.0,0.11323226382044738,0.2894736842105263,0.021929824561403508,0.8341361572321841,low
continuous,0.55,0.7,12,0.6140350877192983,0.0,0.5177465422152048,0.30701754385964913,0.02631578947368421,0.4296218788374267,low
continuous,0.55,0.7,13,0.631578947368421,0.0,0.007233720083859918,0.3026315789473684,0.017543859649122806,0.9546021411364914,low
continuous,0.55,0.7,14,0.5789473684210527,0.0,0.43934771551730256,0.35526315789473684,0.03508771929824561,0.508020705535329,low
continuous,0.55,0.7,15,0.5789473684210527,0.0043859649122807015,0.4581101293791326,0.3333333333333333,0.017543859649122806,0.48925829167349894,low
continuous,0.55,0.7,16,0.6666666666666666,0.0,0.11014932085211926,0.2543859649122807,0.02631578947368421,0.8372191002005123,low
continuous,0.55,0.7,17,0.6491228070175439,0.008771929824561403,0.08488326677590097,0.2807017543859649,0.03070175438596491,0.8624851542767306,low
continuous,0.55,0.7,18,0.6447368421052632,0.0,0.2527399416510193,0.2807017543859649,0.02631578947368421,0.6946284794016122,low
continuous,0.55,0.7,19,0.6403508771929824,0.0,0.2402577913262608,0.30701754385964913,0.021929824561403508,0.7071106297263707,low
continuous,0.55,0.7,20,0.631578947368421,0.0,0.48087019975578876,0.32894736842105265,0.03508771929824561,0.46649822129684276,low
continuous,0.55,0.7,21,0.5921052631578947,0.0,0.29439514548828716,0.32894736842105265,0.013157894736842105,0.6529732755643444,low
continuous,0.55,0.7,22,0.6710526315789473,0.0043859649122807015,0.12768190654427147,0.27631578947368424,0.02631578947368421,0.81968651450836,low
continuous,0.55,0.7,23,0.631578947368421,0.0,0.4047507633882568,0.3026315789473684,0.017543859649122806,0.5426176576643748,low
continuous,0.55,0.7,24,0.5964912280701754,0.0043859649122807015,0.4927889567892381,0.3333333333333333,0.043859649122807015,0.4545794642633934,low
continuous,0.55,0.7,25,0.6666666666666666,0.0,0.3885151436420069,0.2807017543859649,0.03508771929824561,0.5588532774106246,low
continuous,0.55,0.7,26,0.6140350877192983,0.008771929824561403,0.3579934512487978,0.34210526315789475,0.03508771929824561,0.5893749698038337,low
continuous,0.55,0.7,27,0.5482456140350878,0.0043859649122807015,0.5130219063653233,0.36403508771929827,0.021929824561403508,0.4343465146873082,low
continuous,0.55,0.7,28,0.5745614035087719,0.0,0.19920868189863294,0.3333333333333333,0.03070175438596491,0.7481597391539986,low
continuous,0.55,0.7,29,0.6622807017543859,0.008771929824561403,0.12880439971425361,0.2807017543859649,0.03508771929824561,0.8185640213383779,low
continuous,0.55,0.85,0,0.5131578947368421,0.0,0.3256400517773256,0.45614035087719296,0.03070175438596491,0.621728369275306,low
continuous,0.55,0.85,1,0.5701754385964912,0.0,0.26506767271957277,0.41228070175438597,0.03508771929824561,0.6823007483330588,low
continuous,0.55,0.85,2,0.5526315789473685,0.0,0.4796888107020739,0.39473684210526316,0.021929824561403508,0.4676796103505576,low
continuous,0.55,0.85,3,0.5350877192982456,0.0,0.39146761291079046,0.4166666666666667,0.017543859649122806,0.5559008081418411,low
continuous,0.55,0.85,4,0.5087719298245614,0.0,0.4875586694253761,0.45614035087719296,0.03070175438596491,0.4598097516272554,low
continuous,0.55,0.85,5,0.6096491228070176,0.0,0.36920503532339544,0.36403508771929827,0.03070175438596491,0.5781633857292361,low
continuous,0.55,0.85,6,0.5307017543859649,0.0,0.26486703702175507,0.42543859649122806,0.03508771929824561,0.6825013840308765,low
continuous,0.55,0.85,7,0.5350877192982456,0.0,0.6668973193879348,0.42543859649122806,0.021929824561403508,0.28047110166469663,low
continuous,0.55,0.85,8,0.5921052631578947,0.0,0.5880191113906282,0.37280701754385964,0.02631578947368421,0.3593493096620033,low
continuous,0.55,0.85,9,0.5394736842105263,0.0,0.2964774997552736,0.42105263157894735,0.021929824561403508,0.6508909212973579,low
continuous,0.55,0.85,10,0.631578947368421,0.0,0.3076752846096966,0.32456140350877194,0.03070175438596491,0.6396931364429349,low
continuous,0.55,0.85,11,0.6271929824561403,0.0,0.11739618332535384,0.33771929824561403,0.021929824561403508,0.8299722377272777,low
continuous,0.55,0.85,12,0.5482456140350878,0.0,0.6791684645002938,0.40789473684210525,0.02631578947368421,0.26819995655233775,low
continuous,0.55,0.85,13,0.5789473684210527,0.0,0.007156703000720133,0.37280701754385964,0.017543859649122806,0.9545251240533517,low
continuous,0.55,0.85,14,0.5526315789473685,0.0,0.44042870373402776,0.42105263157894735,0.03508771929824561,0.5069397173186038,low
continuous,0.55,0.85,15,0.543859649122807,0.0,0.46168125810725547,0.4166666666666667,0.021929824561403508,0.48568716294537606,low
continuous,0.55,0.85,16,0.6140350877192983,0.0,0.11146768356718306,0.3508771929824561,0.03070175438596491,0.8359007374854485,low
continuous,0.55,0.85,17,0.6052631578947368,0.0043859649122807015,0.08704609897656668,0.36403508771929827,0.03508771929824561,0.8603223220760648,low
continuous,0.55,0.85,18,0.5570175438596491,0.0,0.45770222385980985,0.40350877192982454,0.02631578947368421,0.4896661971928217,low
continuous,0.55,0.85,19,0.5789473684210527,0.0,0.3914757013852216,0.39035087719298245,0.021929824561403508,0.5558927196674099,low
continuous,0.55,0.85,20,0.5745614035087719,0.0,0.4809442476020094,0.40350877192982454,0.03508771929824561,0.46642417345062215,low
continuous,0.55,0.85,21,0.5701754385964912,0.0,0.2944093714163285,0.39035087719298245,0.017543859649122806,0.652959049636303,low
continuous,0.55,0.85,22,0.6008771929824561,0.0,0.2377938013749582,0.3684210526315789,0.03070175438596491,0.7095746196776733,low
continuous,0.55,0.85,23,0.5482456140350878,0.0,0.42097430298895944,0.41228070175438597,0.017543859649122806,0.5263941180636721,low
continuous,0.55,0.85,24,0.5657894736842105,0.0,0.49249814766524547,0.40789473684210525,0.04824561403508772,0.45487027338738606,low
continuous,0.55,0.85,25,0.6052631578947368,0.0,0.46710320443644643,0.36403508771929827,0.03508771929824561,0.4802652166161851,low
continuous,0.55,0.85,26,0.5833333333333334,0.0043859649122807015,0.3606075408804048,0.40350877192982454,0.039473684210526314,0.5867608801722267,low
continuous,0.55,0.85,27,0.5263157894736842,0.0,0.5263901514815994,0.4298245614035088,0.02631578947368421,0.42097826957103207,low
continuous,0.55,0.85,28,0.49122807017543857,0.0,0.2968642928520705,0.45614035087719296,0.03070175438596491,0.650504128200561,low
continuous,0.55,0.85,29,0.618421052631579,0.0043859649122807015,0.28303121286351685,0.3508771929824561,0.039473684210526314,0.6643372081891147,low
continuous,0.55,1.0,0,0.49122807017543857,0.0,0.3422001241640781,0.4868421052631579,0.03070175438596491,0.6051682968885534,low
continuous,0.55,1.0,1,0.5526315789473685,0.0,0.2653317967558152,0.4298245614035088,0.03508771929824561,0.6820366242968163,low
continuous,0.55,1.0,2,0.543859649122807,0.0,0.4796888107024131,0.42543859649122806,0.021929824561403508,0.46767961035021843,low
continuous,0.55,1.0,3,0.5263157894736842,0.0,0.3914739234237873,0.43859649122807015,0.017543859649122806,0.5558944976288442,low
continuous,0.55,1.0,4,0.49122807017543857,0.0,0.6380849923908691,0.4868421052631579,0.03070175438596491,0.3092834286617624,low
continuous,0.55,1.0,5,0.5877192982456141,0.0,0.3692050447226184,0.39035087719298245,0.03070175438596491,0.5781633763300131,low
continuous,0.55,1.0,6,0.5131578947368421,0.0,0.26486712061325435,0.4692982456140351,0.03508771929824561,0.6825013004393772,low
continuous,0.55,1.0,7,0.5219298245614035,0.0,0.6670357095389617,0.4473684210526316,0.021929824561403508,0.2803327115136698,low
continuous,0.55,1.0,8,0.5701754385964912,0.0,0.5880635587328287,0.40350877192982454,0.02631578947368421,0.3593048623198029,low
continuous,0.55,1.0,9,0.5263157894736842,0.0,0.38859624975551854,0.4473684210526316,0.02631578947368421,0.558772171297113,low
continuous,0.55,1.0,10,0.6140350877192983,0.0,0.30827558445432435,0.36403508771929827,0.03070175438596491,0.6390928365983072,low
continuous,0.55,1.0,11,0.5921052631578947,0.0,0.1728996401519265,0.37719298245614036,0.021929824561403508,0.774468780900705,low
continuous,0.55,1.0,12,0.543859649122807,0.0,0.6791684645002941,0.4298245614035088,0.02631578947368421,0.2681999565523374,low
continuous,0.55,1.0,13,0.5570175438596491,0.0,0.007154321635075345,0.40789473684210525,0.017543859649122806,0.9545227426877069,low
continuous,0.55,1.0,14,0.5482456140350878,0.0,0.4404483885869087,0.4342105263157895,0.03508771929824561,0.5069200324657228,low
continuous,0.55,1.0,15,0.5350877192982456,0.0,0.46168125810738336,0.4342105263157895,0.021929824561403508,0.48568716294524816,low
continuous,0.55,1.0,16,0.5964912280701754,0.0,0.11146773768164131,0.3815789473684211,0.03070175438596491,0.8359006833709902,low
continuous,0.55,1.0,17,0.5877192982456141,0.0,0.08706709306796978,0.3991228070175439,0.039473684210526314,0.8603013279846617,low
continuous,0.55,1.0,18,0.5350877192982456,0.0,0.4609624766684487,0.43859649122807015,0.02631578947368421,0.48640594438418283,low
continuous,0.55,1.0,19,0.5614035087719298,0.0,0.39170111107513816,0.40789473684210525,0.021929824561403508,0.5556673099774934,low
continuous,0.55,1.0,20,0.5657894736842105,0.0,0.48094704762217805,0.42105263157894735,0.039473684210526314,0.4664213734304535,low
continuous,0.55,1.0,21,0.5482456140350878,0.0,0.2974444292480669,0.4166666666666667,0.017543859649122806,0.6499239918045646,low
continuous,0.55,1.0,22,0.5789473684210527,0.0,0.23779400936445672,0.3991228070175439,0.03070175438596491,0.7095744116881748,low
continuous,0.55,1.0,23,0.5307017543859649,0.0,0.42098303726324926,0.4342105263157895,0.017543859649122806,0.5263853837893823,low
continuous,0.55,1.0,24,0.5526315789473685,0.0,0.49249814823612575,0.44298245614035087,0.04824561403508772,0.45487027281650577,low
continuous,0.55,1.0,25,0.5789473684210527,0.0,0.4922167803185882,0.40350877192982454,0.03508771929824561,0.45515164073404335,low
continuous,0.55,1.0,26,0.5701754385964912,0.0,0.3611282709514506,0.42105263157894735,0.043859649122807015,0.5862401501011809,low
continuous,0.55,1.0,27,0.5,0.0,0.5276328368434682,0.47368421052631576,0.02631578947368421,0.4197355842091634,low
continuous,0.55,1.0,28,0.4780701754385965,0.0,0.3122797672311811,0.5,0.03070175438596491,0.6350886538214504,low
continuous,0.55,1.0,29,0.5964912280701754,0.0,0.2831283437548897,0.39473684210526316,0.043859649122807015,0.6642400772977418,low
continuous,0.7,0.0,0,0.9429824561403509,0.03070175438596491,0.05143755068735745,0.0,0.0,0.998805971739989,medium
continuous,0.7,0.0,1,0.9254385964912281,0.02631578947368421,0.05143727647370022,0.0,0.0,0.9988056975263317,medium
continuous,0.7,0.0,2,0.9385964912280702,0.03070175438596491,0.051436743587539024,0.0,0.0,0.9988051646401706,medium
continuous,0.7,0.0,3,0.9210526315789473,0.03508771929824561,0.05092967939858384,0.0,0.0,0.9982981004512154,medium
continuous,0.7,0.0,4,0.9078947368421053,0.02631578947368421,0.04459763343612411,0.0,0.0,0.9919660544887556,medium
continuous,0.7,0.0,5,0.9429824561403509,0.03508771929824561,0.051437550686335265,0.0,0.0,0.9988059717389668,medium
continuous,0.7,0.0,6,0.9035087719298246,0.039473684210526314,0.023822062307285008,0.0,0.0,0.9235463587453465,medium
continuous,0.7,0.0,7,0.9385964912280702,0.03070175438596491,0.05143755068633793,0.0,0.0,0.9988059717389695,medium
continuous,0.7,0.0,8,0.9254385964912281,0.02631578947368421,0.04227901524553579,0.0,0.0,0.9896474362981673,medium
continuous,0.7,0.0,9,0.9166666666666666,0.021929824561403508,0.05083981046361996,0.0,0.0,0.9982082315162515,medium
continuous,0.7,0.0,10,0.9254385964912281,0.021929824561403508,0.051437550686277644,0.0,0.0,0.9988059717389092,medium
continuous,0.7,0.0,11,0.9385964912280702,0.02631578947368421,0.05143755068507094,0.0,0.0,0.9988059717377025,medium
continuous,0.7,0.0,12,0.8947368421052632,0.02631578947368421,0.032080030878714805,0.0,0.0,0.9152883901739167,medium
continuous,0.7,0.0,13,0.9298245614035088,0.017543859649122806,0.05100586009358743,0.0,0.0,0.998374281146219,medium
continuous,0.7,0.0,14,0.8991228070175439,0.03508771929824561,0.009036845867936627,0.0,0.0,0.9564052669205682,medium
continuous,0.7,0.0,15,0.9342105263157895,0.021929824561403508,0.051005860093597866,0.0,0.0,0.9983742811462294,medium
continuous,0.7,0.0,16,0.9385964912280702,0.03070175438596491,0.051437550686318945,0.0,0.0,0.9988059717389505,medium
continuous,0.7,0.0,17,0.8947368421052632,0.039473684210526314,0.050292039108954634,0.0,0.0,0.9976604601615862,medium
continuous,0.7,0.0,18,0.9254385964912281,0.03070175438596491,0.05143740047467815,0.0,0.0,0.9988058215273097,medium
continuous,0.7,0.0,19,0.9342105263157895,0.03070175438596491,0.051437550649661046,0.0,0.0,0.9988059717022926,medium
continuous,0.7,0.0,20,0.9122807017543859,0.039473684210526314,0.01609150667498782,0.0,0.0,0.9312769143776437,medium
continuous,0.7,0.0,21,0.9166666666666666,0.021929824561403508,0.02418185973535769,0.0,0.0,0.9231865613172738,medium
continuous,0.7,0.0,22,0.9342105263157895,0.03070175438596491,0.051437550684872435,0.0,0.0,0.998805971737504,medium
continuous,0.7,0.0,23,0.9385964912280702,0.02631578947368421,0.05143755068633338,0.0,0.0,0.9988059717389649,medium
continuous,0.7,0.0,24,0.8991228070175439,0.05263157894736842,0.04409231987218887,0.0,0.0,0.9914607409248204,medium
continuous,0.7,0.0,25,0.9385964912280702,0.03070175438596491,0.04957370325230093,0.0,0.0,0.9969421243049325,medium
continuous,0.7,0.0,26,0.9210526315789473,0.043859649122807015,0.051437550684308664,0.0,0.0,0.9988059717369402,medium
continuous,0.7,0.0,27,0.8947368421052632,0.02631578947368421,0.129066708534605,0.0,0.0,0.8183017125180265,medium
continuous,0.7,0.0,28,0.9166666666666666,0.02631578947368421,0.05143756451691761,0.0,0.0,0.9988059855695491,medium
continuous,0.7,0.0,29,0.9166666666666666,0.043859649122807015,0.05073461465076723,0.0,0.0,0.9981030357033988,medium
continuous,0.7,0.1,0,0.9429824561403509,0.02631578947368421,0.052264534258442796,0.0043859649122807015,0.0043859649122807015,0.9996329553110743,medium
continuous,0.7,0.1,1,0.9254385964912281,0.02631578947368421,0.05143727647370022,0.0043859649122807015,0.0043859649122807015,0.9988056975263317,medium
continuous,0.7,0.1,2,0.9385964912280702,0.03070175438596491,0.051436743587539024,0.0,0.0,0.9988051646401706,medium
continuous,0.7,0.1,3,0.9166666666666666,0.03508771929824561,0.05092967939321247,0.0043859649122807015,0.0,0.998298100445844,medium
continuous,0.7,0.1,4,0.9035087719298246,0.02631578947368421,0.04459763343075274,0.0043859649122807015,0.0,0.9919660544833843,medium
continuous,0.7,0.1,5,0.9429824561403509,0.03508771929824561,0.051437550686335265,0.0,0.0,0.9988059717389668,medium
continuous,0.7,0.1,6,0.8991228070175439,0.039473684210526314,0.02382206231265649,0.0043859649122807015,0.0,0.923546358739975,medium
continuous,0.7,0.1,7,0.9429824561403509,0.02631578947368421,0.0514375506863437,0.0043859649122807015,0.0043859649122807015,0.9988059717389752,medium
continuous,0.7,0.1,8,0.9429824561403509,0.021929824561403508,0.05175666297036685,0.0,0.0043859649122807015,0.9991250840229984,medium
continuous,0.7,0.1,9,0.9166666666666666,0.021929824561403508,0.05083981046361996,0.0043859649122807015,0.0,0.9982082315162515,medium
continuous,0.7,0.1,10,0.9254385964912281,0.021929824561403508,0.051437550686277644,0.0043859649122807015,0.0,0.9988059717389092,medium
continuous,0.7,0.1,11,0.9429824561403509,0.021929824561403508,0.05143755068507683,0.0,0.0043859649122807015,0.9988059717377084,medium
continuous,0.7,0.1,12,0.8947368421052632,0.02631578947368421,0.032080030878714805,0.0,0.0,0.9152883901739167,medium
continuous,0.7,0.1,13,0.9298245614035088,0.017543859649122806,0.05100586009358743,0.0,0.0,0.998374281146219,medium
continuous,0.7,0.1,14,0.8947368421052632,0.03508771929824561,0.009036845867936627,0.0043859649122807015,0.0,0.9564052669205682,medium
continuous,0.7,0.1,15,0.9342105263157895,0.021929824561403508,0.05100586009358543,0.0,0.0043859649122807015,0.998374281146217,medium
continuous,0.7,0.1,16,0.9385964912280702,0.03070175438596491,0.051437550686318945,0.0,0.0,0.9988059717389505,medium
continuous,0.7,0.1,17,0.8991228070175439,0.03508771929824561,0.05029203910896041,0.0043859649122807015,0.0043859649122807015,0.9976604601615919,medium
continuous,0.7,0.1,18,0.9254385964912281,0.03070175438596491,0.05143740047467815,0.0,0.0,0.9988058215273097,medium
continuous,0.7,0.1,19,0.9342105263157895,0.03070175438596491,0.051437550649661046,0.0,0.0,0.9988059717022926,medium
continuous,0.7,0.1,20,0.9122807017543859,0.039473684210526314,0.01609150667498782,0.0043859649122807015,0.0,0.9312769143776437,medium
continuous,0.7,0.1,21,0.9166666666666666,0.021929824561403508,0.024181859735369904,0.0,0.0043859649122807015,0.9231865613172616,medium
continuous,0.7,0.1,22,0.9342105263157895,0.02631578947368421,0.05226453425595767,0.0043859649122807015,0.0043859649122807015,0.9996329553085892,medium
continuous,0.7,0.1,23,0.9429824561403509,0.021929824561403508,0.05143755068633915,0.0,0.0043859649122807015,0.9988059717389707,medium
continuous,0.7,0.1,24,0.8859649122807017,0.04824561403508772,0.04409231983568074,0.0043859649122807015,0.0043859649122807015,0.9914607408883123,medium
continuous,0.7,0.1,25,0.9298245614035088,0.03070175438596491,0.049573703246929446,0.008771929824561403,0.0,0.996942124299561,medium
continuous,0.7,0.1,26,0.9166666666666666,0.039473684210526314,0.05226453424370314,0.0043859649122807015,0.0043859649122807015,0.9996329552963347,medium
continuous,0.7,0.1,27,0.8947368421052632,0.02631578947368421,0.129066708534605,0.0,0.0,0.8183017125180265,medium
continuous,0.7,0.1,28,0.9078947368421053,0.02631578947368421,0.05143756451154613,0.008771929824561403,0.0,0.9988059855641777,medium
continuous,0.7,0.1,29,0.9210526315789473,0.039473684210526314,0.05156159822185258,0.0,0.0043859649122807015,0.9989300192744841,medium
continuous,0.7,0.2,0,0.9429824561403509,0.02631578947368421,0.052264534258442796,0.0043859649122807015,0.0043859649122807015,0.9996329553110743,medium
continuous,0.7,0.2,1,0.9298245614035088,0.021929824561403508,0.05226426004478546,0.0043859649122807015,0.008771929824561403,0.999632681097417,medium
continuous,0.7,0.2,2,0.9385964912280702,0.03070175438596491,0.051436743587539024,0.0,0.0,0.9988051646401706,medium
continuous,0.7,0.2,3,0.9210526315789473,0.03070175438596491,0.05175666296429793,0.0043859649122807015,0.0043859649122807015,0.9991250840169295,medium
continuous,0.7,0.2,4,0.9122807017543859,0.021929824561403508,0.05226453425204636,0.0043859649122807015,0.0043859649122807015,0.9996329553046779,medium
continuous,0.7,0.2,5,0.9473684210526315,0.03070175438596491,0.05143755068634104,0.0,0.0043859649122807015,0.9988059717389726,medium
continuous,0.7,0.2,6,0.9035087719298246,0.03508771929824561,0.023822062312650827,0.0043859649122807015,0.0043859649122807015,0.9235463587399807,medium
continuous,0.7,0.2,7,0.9429824561403509,0.02631578947368421,0.0514375506863437,0.0043859649122807015,0.0043859649122807015,0.9988059717389752,medium
continuous,0.7,0.2,8,0.9385964912280702,0.021929824561403508,0.05175666296499537,0.0043859649122807015,0.0043859649122807015,0.9991250840176269,medium
continuous,0.7,0.2,9,0.9166666666666666,0.021929824561403508,0.05083981046361996,0.0043859649122807015,0.0,0.9982082315162515,medium
continuous,0.7,0.2,10,0.9429824561403509,0.013157894736842105,0.052264534257433604,0.0043859649122807015,0.008771929824561403,0.9996329553100651,medium
continuous,0.7,0.2,11,0.9429824561403509,0.021929824561403508,0.05143755068507683,0.0,0.0043859649122807015,0.9988059717377084,medium
continuous,0.7,0.2,12,0.8947368421052632,0.02631578947368421,0.032080030878714805,0.0,0.0,0.9152883901739167,medium
continuous,0.7,0.2,13,0.9342105263157895,0.013157894736842105,0.05183284366467267,0.0,0.0043859649122807015,0.9992012647173042,medium
continuous,0.7,0.2,14,0.9254385964912281,0.03070175438596491,0.05226453425353961,0.0043859649122807015,0.0043859649122807015,0.9996329553061711,medium
continuous,0.7,0.2,15,0.9342105263157895,0.021929824561403508,0.05100586009358543,0.0,0.0043859649122807015,0.998374281146217,medium
continuous,0.7,0.2,16,0.9385964912280702,0.02631578947368421,0.05226453425740407,0.0043859649122807015,0.0043859649122807015,0.9996329553100356,medium
continuous,0.7,0.2,17,0.9035087719298246,0.03070175438596491,0.051119022680045756,0.0043859649122807015,0.008771929824561403,0.9984874437326773,medium
continuous,0.7,0.2,18,0.9342105263157895,0.021929824561403508,0.052264384045769496,0.0,0.008771929824561403,0.999632805098401,medium
continuous,0.7,0.2,19,0.9385964912280702,0.02631578947368421,0.052264534220746395,0.0,0.0043859649122807015,0.9996329552733779,medium
continuous,0.7,0.2,20,0.9254385964912281,0.03508771929824561,0.052264195619433074,0.0043859649122807015,0.008771929824561403,0.9996326166720646,medium
continuous,0.7,0.2,21,0.9166666666666666,0.021929824561403508,0.024181859735369904,0.0,0.0043859649122807015,0.9231865613172616,medium
continuous,0.7,0.2,22,0.9385964912280702,0.021929824561403508,0.05226453425596356,0.0043859649122807015,0.008771929824561403,0.9996329553085951,medium
continuous,0.7,0.2,23,0.9429824561403509,0.021929824561403508,0.05143755068633915,0.0,0.0043859649122807015,0.9988059717389707,medium
continuous,0.7,0.2,24,0.9078947368421053,0.043859649122807015,0.05226446757145453,0.0043859649122807015,0.008771929824561403,0.9996328886240861,medium
continuous,0.7,0.2,25,0.9342105263157895,0.02631578947368421,0.04957370324693533,0.008771929824561403,0.0043859649122807015,0.9969421242995669,medium
continuous,0.7,0.2,26,0.9166666666666666,0.039473684210526314,0.05226453424370314,0.0043859649122807015,0.0043859649122807015,0.9996329552963347,medium
continuous,0.7,0.2,27,0.9166666666666666,0.017543859649122806,0.05226435753593017,0.0,0.008771929824561403,0.9996327785885617,medium
continuous,0.7,0.2,28,0.9210526315789473,0.02631578947368421,0.051437564514856704,0.008771929824561403,0.0043859649122807015,0.9988059855674882,medium
continuous,0.7,0.2,29,0.9254385964912281,0.03508771929824561,0.05156159822185846,0.0,0.008771929824561403,0.99893001927449,medium
continuous,0.7,0.3,0,0.9473684210526315,0.021929824561403508,0.05226454969551375,0.0043859649122807015,0.008771929824561403,0.9996329707481453,medium
continuous,0.7,0.3,1,0.9385964912280702,0.017543859649122806,0.05226430505443569,0.0043859649122807015,0.013157894736842105,0.9996327261070672,medium
continuous,0.7,0.3,2,0.9385964912280702,0.03070175438596491,0.051436743587539024,0.0,0.0,0.9988051646401706,medium
continuous,0.7,0.3,3,0.9254385964912281,0.02631578947368421,0.05175667840136888,0.0043859649122807015,0.008771929824561403,0.9991250994540004,medium
continuous,0.7,0.3,4,0.9122807017543859,0.021929824561403508,0.05226453425204636,0.0043859649122807015,0.0043859649122807015,0.9996329553046779,medium
continuous,0.7,0.3,5,0.9473684210526315,0.03070175438596491,0.05143755068634104,0.0,0.0043859649122807015,0.9988059717389726,medium
continuous,0.7,0.3,6,0.9210526315789473,0.03070175438596491,0.05226444802637609,0.0043859649122807015,0.008771929824561403,0.9996328690790076,medium
continuous,0.7,0.3,7,0.9429824561403509,0.02631578947368421,0.0514375506863437,0.0043859649122807015,0.0043859649122807015,0.9988059717389752,medium
continuous,0.7,0.3,8,0.9385964912280702,0.021929824561403508,0.05175666296499537,0.0043859649122807015,0.0043859649122807015,0.9991250840176269,medium
continuous,0.7,0.3,9,0.9166666666666666,0.021929824561403508,0.05083981046361996,0.0043859649122807015,0.0,0.9982082315162515,medium
continuous,0.7,0.3,10,0.9429824561403509,0.013157894736842105,0.052264534257433604,0.0043859649122807015,0.008771929824561403,0.9996329553100651,medium
continuous,0.7,0.3,11,0.9473684210526315,0.017543859649122806,0.05143756612214778,0.0,0.008771929824561403,0.9988059871747793,medium
continuous,0.7,0.3,12,0.8947368421052632,0.02631578947368421,0.032080030878714805,0.0,0.0,0.9152883901739167,medium
continuous,0.7,0.3,13,0.9342105263157895,0.013157894736842105,0.05183284366467267,0.0,0.0043859649122807015,0.9992012647173042,medium
continuous,0.7,0.3,14,0.9385964912280702,0.02631578947368421,0.05226453425358191,0.0043859649122807015,0.008771929824561403,0.9996329553062134,medium
continuous,0.7,0.3,15,0.9342105263157895,0.021929824561403508,0.05100586009358543,0.0,0.0043859649122807015,0.998374281146217,medium
continuous,0.7,0.3,16,0.9385964912280702,0.02631578947368421,0.05226453425740407,0.0043859649122807015,0.0043859649122807015,0.9996329553100356,medium
continuous,0.7,0.3,17,0.9035087719298246,0.03070175438596491,0.051119022680045756,0.0043859649122807015,0.008771929824561403,0.9984874437326773,medium
continuous,0.7,0.3,18,0.9342105263157895,0.021929824561403508,0.052264384045769496,0.0,0.008771929824561403,0.999632805098401,medium
continuous,0.7,0.3,19,0.9385964912280702,0.02631578947368421,0.052264534220746395,0.0,0.0043859649122807015,0.9996329552733779,medium
continuous,0.7,0.3,20,0.9298245614035088,0.03070175438596491,0.05226421105650425,0.0043859649122807015,0.013157894736842105,0.9996326321091358,medium
continuous,0.7,0.3,21,0.9166666666666666,0.021929824561403508,0.024181859735369904,0.0,0.0043859649122807015,0.9231865613172616,medium
continuous,0.7,0.3,22,0.9385964912280702,0.017543859649122806,0.05226454968766314,0.008771929824561403,0.013157894736842105,0.9996329707402947,medium
continuous,0.7,0.3,23,0.9429824561403509,0.021929824561403508,0.05143755068633915,0.0,0.0043859649122807015,0.9988059717389707,medium
continuous,0.7,0.3,24,0.9166666666666666,0.039473684210526314,0.052264549657669246,0.0043859649122807015,0.013157894736842105,0.9996329707103008,medium
continuous,0.7,0.3,25,0.9342105263157895,0.02631578947368421,0.04957370324693533,0.008771929824561403,0.0043859649122807015,0.9969421242995669,medium
continuous,0.7,0.3,26,0.9166666666666666,0.039473684210526314,0.05226453424370314,0.0043859649122807015,0.0043859649122807015,0.9996329552963347,medium
continuous,0.7,0.3,27,0.9166666666666666,0.017543859649122806,0.05226435753593017,0.0,0.008771929824561403,0.9996327785885617,medium
continuous,0.7,0.3,28,0.9210526315789473,0.02631578947368421,0.051437564514856704,0.008771929824561403,0.0043859649122807015,0.9988059855674882,medium
continuous,0.7,0.3,29,0.9254385964912281,0.03508771929824561,0.05156159822185846,0.0,0.008771929824561403,0.99893001927449,medium
continuous,0.7,0.4,0,0.9429824561403509,0.017543859649122806,0.0442175882234368,0.013157894736842105,0.013157894736842105,0.9915860092760683,medium
continuous,0.7,0.4,1,0.9385964912280702,0.017543859649122806,0.05226430505443569,0.0043859649122807015,0.013157894736842105,0.9996327261070672,medium
continuous,0.7,0.4,2,0.9429824561403509,0.02631578947368421,0.05143674358754491,0.0,0.0043859649122807015,0.9988051646401764,medium
continuous,0.7,0.4,3,0.9035087719298246,0.02631578947368421,0.05169527396130602,0.017543859649122806,0.008771929824561403,0.9990636950139375,medium
continuous,0.7,0.4,4,0.9122807017543859,0.017543859649122806,0.05226453425205524,0.008771929824561403,0.008771929824561403,0.9996329553046868,medium
continuous,0.7,0.4,5,0.9517543859649122,0.02631578947368421,0.05226453425742639,0.0,0.008771929824561403,0.9996329553100579,medium
continuous,0.7,0.4,6,0.9210526315789473,0.03070175438596491,0.05226444802637609,0.0043859649122807015,0.008771929824561403,0.9996328690790076,medium
continuous,0.7,0.4,7,0.9473684210526315,0.021929824561403508,0.05143756612341499,0.0043859649122807015,0.008771929824561403,0.9988059871760465,medium
continuous,0.7,0.4,8,0.9429824561403509,0.013157894736842105,0.051756662965004585,0.008771929824561403,0.008771929824561403,0.9991250840176361,medium
continuous,0.7,0.4,9,0.9210526315789473,0.017543859649122806,0.05083981046467745,0.0043859649122807015,0.0043859649122807015,0.998208231517309,medium
continuous,0.7,0.4,10,0.9429824561403509,0.013157894736842105,0.052264534257433604,0.008771929824561403,0.013157894736842105,0.9996329553100651,medium
continuous,0.7,0.4,11,0.9473684210526315,0.017543859649122806,0.05143756612214778,0.0,0.008771929824561403,0.9988059871747793,medium
continuous,0.7,0.4,12,0.8903508771929824,0.02631578947368421,0.0321414353071674,0.0043859649122807015,0.0,0.9152269857454641,medium
continuous,0.7,0.4,13,0.9298245614035088,0.013157894736842105,0.04378588219383939,0.0043859649122807015,0.0043859649122807015,0.9911543032464709,medium
continuous,0.7,0.4,14,0.9473684210526315,0.017543859649122806,0.05220314106064938,0.013157894736842105,0.017543859649122806,0.9995715621132809,medium
continuous,0.7,0.4,15,0.9342105263157895,0.021929824561403508,0.05100586009358543,0.0,0.0043859649122807015,0.998374281146217,medium
continuous,0.7,0.4,16,0.9385964912280702,0.02631578947368421,0.05226453425740407,0.0043859649122807015,0.0043859649122807015,0.9996329553100356,medium
continuous,0.7,0.4,17,0.8991228070175439,0.02631578947368421,0.05098539318460271,0.008771929824561403,0.013157894736842105,0.9983538142372342,medium
continuous,0.7,0.4,18,0.9298245614035088,0.021929824561403508,0.056110615954230614,0.0043859649122807015,0.008771929824561403,0.8912578050984009,medium
continuous,0.7,0.4,19,0.9473684210526315,0.017543859649122806,0.052264549657817905,0.0,0.013157894736842105,0.9996329707104494,medium
continuous,0.7,0.4,20,0.9342105263157895,0.02631578947368421,0.05226421105652246,0.0043859649122807015,0.017543859649122806,0.999632632109154,medium
continuous,0.7,0.4,21,0.9166666666666666,0.021929824561403508,0.024181859735369904,0.0,0.0043859649122807015,0.9231865613172616,medium
continuous,0.7,0.4,22,0.9342105263157895,0.017543859649122806,0.052264545481207625,0.013157894736842105,0.013157894736842105,0.9996329665338392,medium
continuous,0.7,0.4,23,0.9385964912280702,0.017543859649122806,0.05137614205248853,0.008771929824561403,0.008771929824561403,0.99874456310512,medium
continuous,0.7,0.4,24,0.9210526315789473,0.03508771929824561,0.05611045034324336,0.013157894736842105,0.017543859649122806,0.8912579707093882,medium
continuous,0.7,0.4,25,0.9385964912280702,0.021929824561403508,0.04951229881852237,0.013157894736842105,0.008771929824561403,0.9968807198711539,medium
continuous,0.7,0.4,26,0.9166666666666666,0.03508771929824561,0.052203145252321725,0.008771929824561403,0.008771929824561403,0.9995715663049533,medium
continuous,0.7,0.4,27,0.9166666666666666,0.017543859649122806,0.05226435753593017,0.0,0.008771929824561403,0.9996327785885617,medium
continuous,0.7,0.4,28,0.9298245614035088,0.017543859649122806,0.043390603044071496,0.013157894736842105,0.013157894736842105,0.990759024096703,medium
continuous,0.7,0.4,29,0.9298245614035088,0.03070175438596491,0.05156161365892942,0.0,0.013157894736842105,0.9989300347115609,medium
continuous,0.7,0.45,0,0.9473684210526315,0.013157894736842105,0.0442176804713863,0.013157894736842105,0.021929824561403508,0.9915861015240178,medium
continuous,0.7,0.45,1,0.9342105263157895,0.017543859649122806,0.05226430505439461,0.008771929824561403,0.013157894736842105,0.9996327261070261,medium
continuous,0.7,0.45,2,0.9429824561403509,0.02631578947368421,0.05143674358754491,0.0,0.0043859649122807015,0.9988051646401764,medium
continuous,0.7,0.45,3,0.9210526315789473,0.013157894736842105,0.05169527396139251,0.017543859649122806,0.021929824561403508,0.999063695014024,medium
continuous,0.7,0.45,4,0.9298245614035088,0.0043859649122807015,0.05226454968913141,0.008771929824561403,0.02631578947368421,0.9996329707417629,medium
continuous,0.7,0.45,5,0.956140350877193,0.021929824561403508,0.052264534258483875,0.0,0.013157894736842105,0.9996329553111154,medium
continuous,0.7,0.45,6,0.9385964912280702,0.013157894736842105,0.05226464186033297,0.008771929824561403,0.02631578947368421,0.9996330629129645,medium
continuous,0.7,0.45,7,0.9429824561403509,0.017543859649122806,0.051437565810894315,0.013157894736842105,0.013157894736842105,0.9988059868635258,medium
continuous,0.7,0.45,8,0.9429824561403509,0.013157894736842105,0.051756662965004585,0.008771929824561403,0.013157894736842105,0.9991250840176361,medium
continuous,0.7,0.45,9,0.9166666666666666,0.017543859649122806,0.04925556971835443,0.008771929824561403,0.0043859649122807015,0.996623990770986,medium
continuous,0.7,0.45,10,0.9429824561403509,0.013157894736842105,0.052264534257433604,0.008771929824561403,0.013157894736842105,0.9996329553100651,medium
continuous,0.7,0.45,11,0.9473684210526315,0.017543859649122806,0.05143756612214778,0.0,0.008771929824561403,0.9988059871747793,medium
continuous,0.7,0.45,12,0.8903508771929824,0.02631578947368421,0.0321414353071674,0.008771929824561403,0.0,0.9152269857454641,medium
continuous,0.7,0.45,13,0.9342105263157895,0.008771929824561403,0.043785882193857595,0.0043859649122807015,0.013157894736842105,0.9911543032464891,medium
continuous,0.7,0.45,14,0.9473684210526315,0.017543859649122806,0.05220314106064938,0.013157894736842105,0.021929824561403508,0.9995715621132809,medium
continuous,0.7,0.45,15,0.9385964912280702,0.017543859649122806,0.05100586009360364,0.0,0.008771929824561403,0.9983742811462352,medium
continuous,0.7,0.45,16,0.9342105263157895,0.02631578947368421,0.052264534256159956,0.008771929824561403,0.0043859649122807015,0.9996329553087915,medium
continuous,0.7,0.45,17,0.8991228070175439,0.017543859649122806,0.05098538315606482,0.013157894736842105,0.021929824561403508,0.9983538042086963,medium
continuous,0.7,0.45,18,0.9342105263157895,0.013157894736842105,0.05611060051744743,0.008771929824561403,0.021929824561403508,0.8912578205351841,medium
continuous,0.7,0.45,19,0.9517543859649122,0.013157894736842105,0.05226454965781924,0.0,0.017543859649122806,0.9996329707104508,medium
continuous,0.7,0.45,20,0.9385964912280702,0.021929824561403508,0.05226421105652401,0.0043859649122807015,0.021929824561403508,0.9996326321091555,medium
continuous,0.7,0.45,21,0.9078947368421053,0.021929824561403508,0.13260905349955465,0.008771929824561403,0.0043859649122807015,0.8147593675530769,medium
continuous,0.7,0.45,22,0.9385964912280702,0.013157894736842105,0.05226454548120807,0.013157894736842105,0.017543859649122806,0.9996329665338396,medium
continuous,0.7,0.45,23,0.9298245614035088,0.013157894736842105,0.05699885794904336,0.021929824561403508,0.013157894736842105,0.8903695631035882,medium
continuous,0.7,0.45,24,0.9254385964912281,0.03070175438596491,0.05611045034352924,0.017543859649122806,0.021929824561403508,0.8912579707091023,medium
continuous,0.7,0.45,25,0.9342105263157895,0.017543859649122806,0.039881096601366406,0.021929824561403508,0.013157894736842105,0.9872495176539979,medium
continuous,0.7,0.45,26,0.9210526315789473,0.03070175438596491,0.05220314525232339,0.008771929824561403,0.013157894736842105,0.9995715663049549,medium
continuous,0.7,0.45,27,0.9122807017543859,0.013157894736842105,0.05256988979898447,0.008771929824561403,0.008771929824561403,0.999938310851616,medium
continuous,0.7,0.45,28,0.9429824561403509,0.013157894736842105,0.043390603048399146,0.013157894736842105,0.017543859649122806,0.9907590241010307,medium
continuous,0.7,0.45,29,0.9298245614035088,0.03070175438596491,0.05156161365892942,0.0,0.013157894736842105,0.9989300347115609,medium
continuous,0.7,0.5,0,0.9122807017543859,0.008771929824561403,0.006042936119584619,0.04824561403508772,0.02631578947368421,0.9413254849330469,medium
continuous,0.7,0.5,1,0.9254385964912281,0.013157894736842105,0.04530585858948177,0.02631578947368421,0.017543859649122806,0.9926742796421133,medium
continuous,0.7,0.5,2,0.8991228070175439,0.02631578947368421,0.012120096510148781,0.03508771929824561,0.0043859649122807015,0.9594885175627803,medium
continuous,0.7,0.5,3,0.9035087719298246,0.013157894736842105,0.04364830666723729,0.03508771929824561,0.021929824561403508,0.9910167277198688,medium
continuous,0.7,0.5,4,0.8903508771929824,0.0043859649122807015,0.03306990101820195,0.04824561403508772,0.02631578947368421,0.9804383220708335,medium
continuous,0.7,0.5,5,0.9342105263157895,0.021929824561403508,0.03090248323178335,0.021929824561403508,0.013157894736842105,0.9782709042844149,medium
continuous,0.7,0.5,6,0.8947368421052632,0.008771929824561403,0.024394556380610943,0.039473684210526314,0.03070175438596491,0.9229738646720206,medium
continuous,0.7,0.5,7,0.9122807017543859,0.013157894736842105,0.010563922255273472,0.043859649122807015,0.017543859649122806,0.957932343307905,medium
continuous,0.7,0.5,8,0.8991228070175439,0.013157894736842105,0.03599950227105031,0.039473684210526314,0.013157894736842105,0.9833679233236818,medium
continuous,0.7,0.5,9,0.9122807017543859,0.013157894736842105,0.04882001911898626,0.02631578947368421,0.008771929824561403,0.9961884401716178,medium
continuous,0.7,0.5,10,0.9210526315789473,0.008771929824561403,0.022718906695096353,0.039473684210526314,0.013157894736842105,0.9700873277477279,medium
continuous,0.7,0.5,11,0.9254385964912281,0.0043859649122807015,0.05180441076958486,0.03508771929824561,0.021929824561403508,0.9991728318222164,medium
continuous,0.7,0.5,12,0.8947368421052632,0.017543859649122806,0.06073226403814713,0.03070175438596491,0.008771929824561403,0.8866361570144844,medium
continuous,0.7,0.5,13,0.9078947368421053,0.008771929824561403,0.04236557543362596,0.03508771929824561,0.013157894736842105,0.9897339964862575,medium
continuous,0.7,0.5,14,0.8728070175438597,0.008771929824561403,0.05148179540724551,0.06140350877192982,0.03070175438596491,0.895886625645386,medium
continuous,0.7,0.5,15,0.8991228070175439,0.008771929824561403,0.09823540396630537,0.039473684210526314,0.017543859649122806,0.8491330170863262,medium
continuous,0.7,0.5,16,0.9166666666666666,0.017543859649122806,0.0522644670550495,0.02631578947368421,0.017543859649122806,0.999632888107681,medium
continuous,0.7,0.5,17,0.8640350877192983,0.017543859649122806,0.03385244862461012,0.039473684210526314,0.021929824561403508,0.9812208696772416,medium
continuous,0.7,0.5,18,0.881578947368421,0.008771929824561403,0.059348901316078506,0.05263157894736842,0.02631578947368421,0.888019519736553,medium
continuous,0.7,0.5,19,0.9078947368421053,0.013157894736842105,0.04418876259936333,0.039473684210526314,0.017543859649122806,0.9915571836519949,medium
continuous,0.7,0.5,20,0.9078947368421053,0.017543859649122806,0.050954199278348655,0.04824561403508772,0.02631578947368421,0.8964142217742829,medium
continuous,0.7,0.5,21,0.881578947368421,0.021929824561403508,0.13341782602128605,0.043859649122807015,0.0043859649122807015,0.8139505950313455,medium
continuous,0.7,0.5,22,0.9078947368421053,0.008771929824561403,0.044272804457958004,0.04824561403508772,0.021929824561403508,0.9916412255105895,medium
continuous,0.7,0.5,23,0.9166666666666666,0.008771929824561403,0.13887042734770538,0.03508771929824561,0.017543859649122806,0.8084979937049261,medium
continuous,0.7,0.5,24,0.8991228070175439,0.03070175438596491,0.09505555952313882,0.039473684210526314,0.021929824561403508,0.8523128615294927,medium
continuous,0.7,0.5,25,0.8991228070175439,0.017543859649122806,0.037228984665464426,0.05263157894736842,0.017543859649122806,0.984597405718096,medium
continuous,0.7,0.5,26,0.8991228070175439,0.017543859649122806,0.057794187625134774,0.04824561403508772,0.02631578947368421,0.8895742334274968,medium
continuous,0.7,0.5,27,0.868421052631579,0.008771929824561403,0.1338901609626183,0.043859649122807015,0.013157894736842105,0.8134782600900132,medium
continuous,0.7,0.5,28,0.881578947368421,0.013157894736842105,0.04330063243652915,0.05701754385964912,0.017543859649122806,0.9906690534891607,medium
continuous,0.7,0.5,29,0.9166666666666666,0.02631578947368421,0.014995083873899695,0.017543859649122806,0.017543859649122806,0.9323733371787318,medium
continuous,0.7,0.55,0,0.8421052631578947,0.008771929824561403,0.08587332943182924,0.10964912280701754,0.02631578947368421,0.8614950916208023,medium
continuous,0.7,0.55,1,0.8771929824561403,0.008771929824561403,0.039140621606548964,0.06140350877192982,0.021929824561403508,0.9865090426591805,medium
continuous,0.7,0.55,2,0.8289473684210527,0.02631578947368421,0.0033226900331747578,0.09649122807017543,0.008771929824561403,0.9440457310194568,medium
continuous,0.7,0.55,3,0.8859649122807017,0.0043859649122807015,0.04373415164741545,0.06578947368421052,0.02631578947368421,0.991102572700047,medium
continuous,0.7,0.55,4,0.8596491228070176,0.0043859649122807015,0.07540545308806856,0.08333333333333333,0.02631578947368421,0.871962967964563,medium
continuous,0.7,0.55,5,0.8947368421052632,0.008771929824561403,0.056965832999522736,0.06578947368421052,0.02631578947368421,0.8904025880531088,medium
continuous,0.7,0.55,6,0.8333333333333334,0.008771929824561403,0.049496715883181275,0.09210526315789473,0.03070175438596491,0.8978717051694503,medium
continuous,0.7,0.55,7,0.8508771929824561,0.0043859649122807015,0.014031716397002514,0.09649122807017543,0.02631578947368421,0.933336704655629,medium
continuous,0.7,0.55,8,0.8596491228070176,0.008771929824561403,0.030712395694990735,0.07894736842105263,0.021929824561403508,0.9166560253576408,medium
continuous,0.7,0.55,9,0.881578947368421,0.0,0.04660736273034516,0.07017543859649122,0.021929824561403508,0.9939757837829767,medium
continuous,0.7,0.55,10,0.8947368421052632,0.0043859649122807015,0.018216979108751086,0.07017543859649122,0.02631578947368421,0.9291514419438804,medium
continuous,0.7,0.55,11,0.9035087719298246,0.0043859649122807015,0.003717602669394582,0.06140350877192982,0.021929824561403508,0.9510860237220261,medium
continuous,0.7,0.55,12,0.8333333333333334,0.008771929824561403,0.06073666896423946,0.07894736842105263,0.017543859649122806,0.8866317520883921,medium
continuous,0.7,0.55,13,0.8596491228070176,0.0,0.03932606011433182,0.08771929824561403,0.021929824561403508,0.9866944811669633,medium
continuous,0.7,0.55,14,0.8333333333333334,0.0043859649122807015,0.06097196755358103,0.11403508771929824,0.03508771929824561,0.8863964534990505,medium
continuous,0.7,0.55,15,0.8333333333333334,0.008771929824561403,0.144913847634756,0.09649122807017543,0.017543859649122806,0.8024545734178755,medium
continuous,0.7,0.55,16,0.881578947368421,0.013157894736842105,0.004323499935879216,0.06578947368421052,0.021929824561403508,0.9430449211167523,medium
continuous,0.7,0.55,17,0.8552631578947368,0.013157894736842105,0.033840358875322885,0.06140350877192982,0.02631578947368421,0.9812087799279544,medium
continuous,0.7,0.55,18,0.8421052631578947,0.008771929824561403,0.06335614779216348,0.08333333333333333,0.02631578947368421,0.884012273260468,medium
continuous,0.7,0.55,19,0.8552631578947368,0.013157894736842105,0.02877315872051478,0.09210526315789473,0.017543859649122806,0.9761415797731463,medium
continuous,0.7,0.55,20,0.8245614035087719,0.013157894736842105,0.11309703766423451,0.10964912280701754,0.03070175438596491,0.834271383388397,medium
continuous,0.7,0.55,21,0.8596491228070176,0.013157894736842105,0.15345034955380243,0.08333333333333333,0.013157894736842105,0.7939180714988291,medium
continuous,0.7,0.55,22,0.8859649122807017,0.008771929824561403,0.042250594079833115,0.07017543859649122,0.021929824561403508,0.9896190151324646,medium
continuous,0.7,0.55,23,0.8771929824561403,0.008771929824561403,0.1778404368696187,0.07017543859649122,0.017543859649122806,0.7695279841830128,medium
continuous,0.7,0.55,24,0.8508771929824561,0.02631578947368421,0.1480421011910279,0.08333333333333333,0.02631578947368421,0.7993263198616036,medium
continuous,0.7,0.55,25,0.881578947368421,0.017543859649122806,0.037090588791163004,0.07017543859649122,0.017543859649122806,0.9844590098437945,medium
continuous,0.7,0.55,26,0.8596491228070176,0.017543859649122806,0.05852565965395262,0.09210526315789473,0.02631578947368421,0.8888427613986789,medium
continuous,0.7,0.55,27,0.793859649122807,0.008771929824561403,0.13925670637403453,0.10964912280701754,0.017543859649122806,0.808111714678597,medium
continuous,0.7,0.55,28,0.8245614035087719,0.008771929824561403,0.032249173014997856,0.09649122807017543,0.017543859649122806,0.9796175940676294,medium
continuous,0.7,0.55,29,0.8947368421052632,0.017543859649122806,0.015307157953619255,0.05263157894736842,0.02631578947368421,0.9320612630990123,medium
continuous,0.7,0.6,0,0.793859649122807,0.0043859649122807015,0.08596017944284962,0.16228070175438597,0.03070175438596491,0.8614082416097819,medium
continuous,0.7,0.6,1,0.8421052631578947,0.0043859649122807015,0.021632283217671744,0.11403508771929824,0.02631578947368421,0.9257361378349598,medium
continuous,0.7,0.6,2,0.793859649122807,0.021929824561403508,0.0036339181958484623,0.14473684210526316,0.008771929824561403,0.9437345028567831,medium
continuous,0.7,0.6,3,0.8596491228070176,0.0,0.12429478704903885,0.09649122807017543,0.03508771929824561,0.8230736340035927,medium
continuous,0.7,0.6,4,0.8289473684210527,0.0,0.21832834725379313,0.11842105263157894,0.03070175438596491,0.7290400737988384,medium
continuous,0.7,0.6,5,0.8201754385964912,0.0043859649122807015,0.15673739008557797,0.14473684210526316,0.02631578947368421,0.7906310309670536,medium
continuous,0.7,0.6,6,0.7850877192982456,0.008771929824561403,0.07088518812784195,0.15350877192982457,0.03070175438596491,0.8764832329247896,medium
continuous,0.7,0.6,7,0.793859649122807,0.0043859649122807015,0.014201405371237485,0.14035087719298245,0.02631578947368421,0.933167015681394,medium
continuous,0.7,0.6,8,0.8157894736842105,0.008771929824561403,0.2703829267938249,0.11842105263157894,0.021929824561403508,0.6769854942588066,medium
continuous,0.7,0.6,9,0.8377192982456141,0.0,0.04645302404170615,0.11403508771929824,0.021929824561403508,0.9938214450943377,medium
continuous,0.7,0.6,10,0.8377192982456141,0.0043859649122807015,0.0257423943718873,0.11842105263157894,0.02631578947368421,0.9216260266807442,medium
continuous,0.7,0.6,11,0.8859649122807017,0.0,0.0036353298909254095,0.08771929824561403,0.02631578947368421,0.9510037509435569,medium
continuous,0.7,0.6,12,0.7807017543859649,0.0043859649122807015,0.105631337990709,0.13596491228070176,0.021929824561403508,0.8417370830619225,medium
continuous,0.7,0.6,13,0.8114035087719298,0.0,0.018088889293547905,0.12719298245614036,0.021929824561403508,0.9654573103461794,medium
continuous,0.7,0.6,14,0.7807017543859649,0.0043859649122807015,0.06960870218368675,0.14473684210526316,0.03508771929824561,0.8777597188689448,medium
continuous,0.7,0.6,15,0.7587719298245614,0.008771929824561403,0.2523601953025304,0.15789473684210525,0.021929824561403508,0.6950082257501011,medium
continuous,0.7,0.6,16,0.8508771929824561,0.008771929824561403,0.004324403387563569,0.09210526315789473,0.02631578947368421,0.943044017665068,medium
continuous,0.7,0.6,17,0.8377192982456141,0.013157894736842105,0.018415083358937268,0.09210526315789473,0.02631578947368421,0.9657835044115688,medium
continuous,0.7,0.6,18,0.8201754385964912,0.0043859649122807015,0.0787766119044323,0.10526315789473684,0.03070175438596491,0.8685918091481992,medium
continuous,0.7,0.6,19,0.8289473684210527,0.008771929824561403,0.02703104903332676,0.12280701754385964,0.021929824561403508,0.9743994700859583,medium
continuous,0.7,0.6,20,0.7982456140350878,0.013157894736842105,0.23261190039624435,0.14473684210526316,0.03070175438596491,0.7147565206563872,medium
continuous,0.7,0.6,21,0.8026315789473685,0.013157894736842105,0.26132268617702803,0.14035087719298245,0.013157894736842105,0.6860457348756035,medium
continuous,0.7,0.6,22,0.8508771929824561,0.0043859649122807015,0.02657003028900773,0.10964912280701754,0.02631578947368421,0.9739384513416393,medium
continuous,0.7,0.6,23,0.8201754385964912,0.008771929824561403,0.2412537621056674,0.11842105263157894,0.017543859649122806,0.7061146589469641,medium
continuous,0.7,0.6,24,0.8026315789473685,0.013157894736842105,0.1796180118477635,0.14473684210526316,0.03070175438596491,0.767750409204868,medium
continuous,0.7,0.6,25,0.8333333333333334,0.013157894736842105,0.004250064317691371,0.11403508771929824,0.02631578947368421,0.9431183567349402,medium
continuous,0.7,0.6,26,0.8333333333333334,0.017543859649122806,0.058669792538936894,0.11842105263157894,0.02631578947368421,0.8886986285136946,medium
continuous,0.7,0.6,27,0.7631578947368421,0.008771929824561403,0.25846895185576246,0.15350877192982457,0.017543859649122806,0.6888994691968691,medium
continuous,0.7,0.6,28,0.7807017543859649,0.0043859649122807015,0.027045064774453453,0.14473684210526316,0.02631578947368421,0.974413485827085,medium
continuous,0.7,0.6,29,0.8245614035087719,0.013157894736842105,0.06343643196332194,0.12719298245614036,0.03070175438596491,0.8839319890893096,medium
continuous,0.7,0.7,0,0.6885964912280702,0.0043859649122807015,0.20606759407601005,0.25877192982456143,0.03070175438596491,0.7413008269766215,medium
continuous,0.7,0.7,1,0.7631578947368421,0.0,0.04016990957558686,0.2149122807017544,0.03508771929824561,0.9071985114770447,medium
continuous,0.7,0.7,2,0.7631578947368421,0.008771929824561403,0.01048061618498941,0.20175438596491227,0.02631578947368421,0.9368878048676421,medium
continuous,0.7,0.7,3,0.7543859649122807,0.0,0.14710436541923,0.2149122807017544,0.03508771929824561,0.8002640556334015,medium
continuous,0.7,0.7,4,0.7456140350877193,0.0,0.25230315712599183,0.21929824561403508,0.03070175438596491,0.6950652639266397,medium
continuous,0.7,0.7,5,0.7807017543859649,0.0,0.15637079181919689,0.19736842105263158,0.03508771929824561,0.7909976292334346,medium
continuous,0.7,0.7,6,0.7324561403508771,0.0,0.08900968966314571,0.2149122807017544,0.039473684210526314,0.8583587313894858,medium
continuous,0.7,0.7,7,0.7280701754385965,0.0043859649122807015,0.19411902816119053,0.2236842105263158,0.02631578947368421,0.753249392891441,medium
continuous,0.7,0.7,8,0.7719298245614035,0.008771929824561403,0.2900059108619921,0.18421052631578946,0.021929824561403508,0.6573625101906394,medium
continuous,0.7,0.7,9,0.7587719298245614,0.0,0.045900745312309366,0.18859649122807018,0.021929824561403508,0.9932691663649409,medium
continuous,0.7,0.7,10,0.7850877192982456,0.0,0.025421672790536642,0.18421052631578946,0.03070175438596491,0.9219467482620949,medium
continuous,0.7,0.7,11,0.8245614035087719,0.0,0.002890707630861189,0.14473684210526316,0.02631578947368421,0.9502591286834927,medium
continuous,0.7,0.7,12,0.7324561403508771,0.0,0.21415347550261576,0.2149122807017544,0.02631578947368421,0.7332149455500158,medium
continuous,0.7,0.7,13,0.7543859649122807,0.0,0.016469586870173525,0.20175438596491227,0.021929824561403508,0.963838007922805,medium
continuous,0.7,0.7,14,0.7324561403508771,0.0,0.2192445603375568,0.22807017543859648,0.039473684210526314,0.7281238607150747,medium
continuous,0.7,0.7,15,0.7017543859649122,0.0043859649122807015,0.43001580656207694,0.24561403508771928,0.02631578947368421,0.5173526144905546,medium
continuous,0.7,0.7,16,0.793859649122807,0.0,0.017709154890340306,0.16228070175438597,0.03070175438596491,0.9296592661622912,medium
continuous,0.7,0.7,17,0.7894736842105263,0.008771929824561403,0.01361688739712974,0.16666666666666666,0.03070175438596491,0.9609853084497613,medium
continuous,0.7,0.7,18,0.7719298245614035,0.0,0.1705257141683475,0.18421052631578946,0.03508771929824561,0.776842706884284,medium
continuous,0.7,0.7,19,0.7543859649122807,0.0,0.04928749863460524,0.2149122807017544,0.03070175438596491,0.8980809224180263,medium
continuous,0.7,0.7,20,0.7587719298245614,0.0043859649122807015,0.23643055279520264,0.20614035087719298,0.03508771929824561,0.7109378682574289,medium
continuous,0.7,0.7,21,0.75,0.0043859649122807015,0.27246366860000615,0.19736842105263158,0.021929824561403508,0.6749047524526254,medium
continuous,0.7,0.7,22,0.8026315789473685,0.0043859649122807015,0.02652472319056154,0.16666666666666666,0.02631578947368421,0.9738931442431931,medium
continuous,0.7,0.7,23,0.7763157894736842,0.0,0.24512510369593332,0.18859649122807018,0.02631578947368421,0.7022433173566982,medium
continuous,0.7,0.7,24,0.7368421052631579,0.0043859649122807015,0.4151212285227329,0.22807017543859648,0.04824561403508772,0.5322471925298986,medium
continuous,0.7,0.7,25,0.7850877192982456,0.0,0.32544414484661066,0.18421052631578946,0.039473684210526314,0.6219242762060209,medium
continuous,0.7,0.7,26,0.75,0.008771929824561403,0.13648427086719406,0.2236842105263158,0.03508771929824561,0.8108841501854375,medium
continuous,0.7,0.7,27,0.706140350877193,0.0043859649122807015,0.32511339421031715,0.2412280701754386,0.021929824561403508,0.6222550268423144,medium
continuous,0.7,0.7,28,0.7149122807017544,0.0,0.01619900335533564,0.2324561403508772,0.03508771929824561,0.9311694176972959,medium
continuous,0.7,0.7,29,0.7894736842105263,0.008771929824561403,0.06612113555226196,0.17982456140350878,0.03508771929824561,0.8812472855003696,medium
continuous,0.7,0.85,0,0.6403508771929824,0.0,0.2107086113047173,0.33771929824561403,0.03508771929824561,0.7366598097479142,medium
continuous,0.7,0.85,1,0.706140350877193,0.0,0.05157327390801891,0.27631578947368424,0.03508771929824561,0.8957951471446126,medium
continuous,0.7,0.85,2,0.7192982456140351,0.0,0.2744243530138333,0.2543859649122807,0.03508771929824561,0.6729440680387982,medium
continuous,0.7,0.85,3,0.7236842105263158,0.0,0.15824223966971596,0.24561403508771928,0.03508771929824561,0.7891261813829156,medium
continuous,0.7,0.85,4,0.6754385964912281,0.0,0.428507347051576,0.2982456140350877,0.03070175438596491,0.5188610740010555,medium
continuous,0.7,0.85,5,0.7236842105263158,0.0,0.32474437359471686,0.2631578947368421,0.039473684210526314,0.6226240474579147,medium
continuous,0.7,0.85,6,0.6842105263157895,0.0,0.1298899415910565,0.2894736842105263,0.039473684210526314,0.817478479461575,medium
continuous,0.7,0.85,7,0.6885964912280702,0.0,0.26959295495708935,0.2894736842105263,0.03508771929824561,0.6777754660955422,medium
continuous,0.7,0.85,8,0.7456140350877193,0.0,0.2900061190406934,0.2236842105263158,0.03070175438596491,0.6573623020119381,medium
continuous,0.7,0.85,9,0.7236842105263158,0.0,0.12840797004101012,0.24561403508771928,0.021929824561403508,0.8189604510116214,medium
continuous,0.7,0.85,10,0.7368421052631579,0.0,0.177680708903326,0.23684210526315788,0.03070175438596491,0.7696877121493055,medium
continuous,0.7,0.85,11,0.793859649122807,0.0,0.0012764990793256992,0.17982456140350878,0.02631578947368421,0.9460919219733058,medium
continuous,0.7,0.85,12,0.6885964912280702,0.0,0.49071504693209866,0.2807017543859649,0.02631578947368421,0.45665337412053286,medium
continuous,0.7,0.85,13,0.706140350877193,0.0,0.015247963942387144,0.25,0.021929824561403508,0.9626163849950187,medium
continuous,0.7,0.85,14,0.7149122807017544,0.0,0.22031811757204234,0.2675438596491228,0.039473684210526314,0.7270503034805892,medium
continuous,0.7,0.85,15,0.6710526315789473,0.0,0.43358693485790367,0.2982456140350877,0.03070175438596491,0.5137814861947279,medium
continuous,0.7,0.85,16,0.75,0.0,0.017882163708654475,0.2324561403508772,0.03508771929824561,0.929486257343977,medium
continuous,0.7,0.85,17,0.7543859649122807,0.0043859649122807015,0.013317867406908213,0.21929824561403508,0.03508771929824561,0.9606862884595397,medium
continuous,0.7,0.85,18,0.7017543859649122,0.0,0.37548799637408625,0.2719298245614035,0.03508771929824561,0.5718804246785453,medium
continuous,0.7,0.85,19,0.7105263157894737,0.0,0.2004980493398404,0.2675438596491228,0.03070175438596491,0.7468703717127911,medium
continuous,0.7,0.85,20,0.7456140350877193,0.0,0.23649130542774455,0.23684210526315788,0.039473684210526314,0.710877115624887,medium
continuous,0.7,0.85,21,0.7280701754385965,0.0,0.2724779039685864,0.24561403508771928,0.02631578947368421,0.6748905170840451,medium
continuous,0.7,0.85,22,0.7675438596491229,0.0,0.08201672888993072,0.21052631578947367,0.03070175438596491,0.8653516921627008,medium
continuous,0.7,0.85,23,0.7192982456140351,0.0,0.25024901515928333,0.2543859649122807,0.02631578947368421,0.6971194058933482,medium
continuous,0.7,0.85,24,0.7105263157894737,0.0,0.4148304075190449,0.27631578947368424,0.05263157894736842,0.5325380135335867,medium
continuous,0.7,0.85,25,0.7456140350877193,0.0,0.40384057026721587,0.23684210526315788,0.039473684210526314,0.5435278507854157,medium
continuous,0.7,0.85,26,0.7324561403508771,0.0043859649122807015,0.1364866355823724,0.2543859649122807,0.039473684210526314,0.8108817854702591,medium
continuous,0.7,0.85,27,0.6798245614035088,0.0,0.38633080461704494,0.2807017543859649,0.02631578947368421,0.5610376164355866,medium
continuous,0.7,0.85,28,0.6491228070175439,0.0,0.11393173240036947,0.3157894736842105,0.03508771929824561,0.8334366886522621,medium
continuous,0.7,0.85,29,0.7719298245614035,0.0043859649122807015,0.06614531897115139,0.21052631578947367,0.039473684210526314,0.8812231020814801,medium
continuous,0.7,1.0,0,0.6228070175438597,0.0,0.2261240697522514,0.35964912280701755,0.03508771929824561,0.7212443513003801,medium
continuous,0.7,1.0,1,0.6973684210526315,0.0,0.05183705782144177,0.2850877192982456,0.03508771929824561,0.8955313632311898,medium
continuous,0.7,1.0,2,0.7105263157894737,0.0,0.27442435301417245,0.2719298245614035,0.03508771929824561,0.6729440680384591,medium
continuous,0.7,1.0,3,0.7236842105263158,0.0,0.15824223966971596,0.25877192982456143,0.03508771929824561,0.7891261813829156,medium
continuous,0.7,1.0,4,0.6622807017543859,0.0,0.5785255407982336,0.3157894736842105,0.03070175438596491,0.36884288025439793,medium
continuous,0.7,1.0,5,0.7105263157894737,0.0,0.3247764329136943,0.27631578947368424,0.039473684210526314,0.6225919881389372,medium
continuous,0.7,1.0,6,0.6622807017543859,0.0,0.12989002518887505,0.32456140350877194,0.039473684210526314,0.8174783958637565,medium
continuous,0.7,1.0,7,0.6754385964912281,0.0,0.26973134510811614,0.30701754385964913,0.03508771929824561,0.6776370759445154,medium
continuous,0.7,1.0,8,0.7236842105263158,0.0,0.2900505663828937,0.2543859649122807,0.03070175438596491,0.6573178546697378,medium
continuous,0.7,1.0,9,0.7149122807017544,0.0,0.1284079700416596,0.25877192982456143,0.02631578947368421,0.8189604510109719,medium
continuous,0.7,1.0,10,0.7236842105263158,0.0,0.17827820453343546,0.2543859649122807,0.03070175438596491,0.7690902165191961,medium
continuous,0.7,1.0,11,0.7631578947368421,0.0,0.05677974799945473,0.21052631578947367,0.02631578947368421,0.8905886730531768,medium
continuous,0.7,1.0,12,0.6842105263157895,0.0,0.4907150499712628,0.2894736842105263,0.02631578947368421,0.4566533710813687,medium
continuous,0.7,1.0,13,0.6929824561403509,0.0,0.015247963932088937,0.27631578947368424,0.021929824561403508,0.9626163849847205,medium
continuous,0.7,1.0,14,0.706140350877193,0.0,0.22033780244167878,0.2807017543859649,0.039473684210526314,0.7270306186109528,medium
continuous,0.7,1.0,15,0.6622807017543859,0.0,0.4335869348580317,0.3157894736842105,0.03070175438596491,0.5137814861945998,medium
continuous,0.7,1.0,16,0.7280701754385965,0.0,0.017882217823191326,0.2543859649122807,0.03508771929824561,0.9294862032294402,medium
continuous,0.7,1.0,17,0.7368421052631579,0.0,0.013307148831612214,0.25,0.039473684210526314,0.9606755698842437,medium
continuous,0.7,1.0,18,0.6798245614035088,0.0,0.37852290399524424,0.3026315789473684,0.03508771929824561,0.5688455170573873,medium
continuous,0.7,1.0,19,0.7017543859649122,0.0,0.20049807905100359,0.27631578947368424,0.03070175438596491,0.7468703420016279,medium
continuous,0.7,1.0,20,0.7368421052631579,0.0,0.23649410544791327,0.2543859649122807,0.043859649122807015,0.7108743156047183,medium
continuous,0.7,1.0,21,0.7149122807017544,0.0,0.27247805417925464,0.25877192982456143,0.02631578947368421,0.6748903668733769,medium
continuous,0.7,1.0,22,0.7456140350877193,0.0,0.08201693688127809,0.2324561403508772,0.03070175438596491,0.8653514841713534,medium
continuous,0.7,1.0,23,0.706140350877193,0.0,0.25025774943354784,0.2675438596491228,0.02631578947368421,0.6971106716190837,medium
continuous,0.7,1.0,24,0.7105263157894737,0.0,0.4148304075190449,0.2894736842105263,0.05263157894736842,0.5325380135335867,medium
continuous,0.7,1.0,25,0.7236842105263158,0.0,0.42895414614935734,0.2631578947368421,0.039473684210526314,0.5184142749032742,medium
continuous,0.7,1.0,26,0.7192982456140351,0.0,0.1370073656534182,0.2719298245614035,0.043859649122807015,0.8103610553992133,medium
continuous,0.7,1.0,27,0.6666666666666666,0.0,0.3943778937667226,0.30701754385964913,0.02631578947368421,0.5529905272859089,medium
continuous,0.7,1.0,28,0.631578947368421,0.0,0.1293506339506716,0.3508771929824561,0.03508771929824561,0.8180177871019599,medium
continuous,0.7,1.0,29,0.7719298245614035,0.0,0.06618302896577455,0.21929824561403508,0.043859649122807015,0.881185392086857,medium
continuous,0.85,0.0,0,0.9517543859649122,0.03508771929824561,0.051437550687393974,0.0,0.0,0.9988059717400255,high
continuous,0.85,0.0,1,0.9429824561403509,0.03070175438596491,0.051437306079706535,0.0,0.0,0.9988057271323381,high
continuous,0.85,0.0,2,0.9473684210526315,0.03070175438596491,0.05143755068632727,0.0,0.0,0.9988059717389588,high
continuous,0.85,0.0,3,0.9298245614035088,0.03508771929824561,0.05143755068420186,0.0,0.0,0.9988059717368334,high
continuous,0.85,0.0,4,0.9298245614035088,0.03508771929824561,0.04459763343612777,0.0,0.0,0.9919660544887593,high
continuous,0.85,0.0,5,0.9429824561403509,0.039473684210526314,0.051437550686335265,0.0,0.0,0.9988059717389668,high
continuous,0.85,0.0,6,0.9298245614035088,0.04824561403508772,0.016982058832707425,0.0,0.0,0.9303863622199241,high
continuous,0.85,0.0,7,0.9385964912280702,0.039473684210526314,0.05143755068633793,0.0,0.0,0.9988059717389695,high
continuous,0.85,0.0,8,0.9517543859649122,0.02631578947368421,0.05143755068633793,0.0,0.0,0.9988059717389695,high
continuous,0.85,0.0,9,0.9342105263157895,0.03070175438596491,0.051437306093731316,0.0,0.0,0.9988057271463628,high
continuous,0.85,0.0,10,0.9473684210526315,0.021929824561403508,0.05143755068634548,0.0,0.0,0.998805971738977,high
continuous,0.85,0.0,11,0.9385964912280702,0.03508771929824561,0.05143755068507094,0.0,0.0,0.9988059717377025,high
continuous,0.85,0.0,12,0.9166666666666666,0.03070175438596491,0.04840264304972253,0.0,0.0,0.995771064102354,high
continuous,0.85,0.0,13,0.9342105263157895,0.03070175438596491,0.05143755068634126,0.0,0.0,0.9988059717389728,high
continuous,0.85,0.0,14,0.9385964912280702,0.039473684210526314,0.05143755068484446,0.0,0.0,0.998805971737476,high
continuous,0.85,0.0,15,0.9517543859649122,0.03070175438596491,0.052264534257421724,0.0,0.0,0.9996329553100533,high
continuous,0.85,0.0,16,0.9517543859649122,0.03070175438596491,0.05143755068633671,0.0,0.0,0.9988059717389682,high
continuous,0.85,0.0,17,0.9254385964912281,0.039473684210526314,0.051437550686333045,0.0,0.0,0.9988059717389646,high
continuous,0.85,0.0,18,0.9298245614035088,0.039473684210526314,0.05143740047468315,0.0,0.0,0.9988058215273147,high
continuous,0.85,0.0,19,0.9429824561403509,0.03070175438596491,0.05143755065423805,0.0,0.0,0.9988059717068696,high
continuous,0.85,0.0,20,0.9429824561403509,0.039473684210526314,0.015118153940708812,0.0,0.0,0.9322502671119227,high
continuous,0.85,0.0,21,0.9517543859649122,0.02631578947368421,0.05143755068635458,0.0,0.0,0.9988059717389861,high
continuous,0.85,0.0,22,0.9473684210526315,0.03508771929824561,0.051437550684874433,0.0,0.0,0.998805971737506,high
continuous,0.85,0.0,23,0.9429824561403509,0.039473684210526314,0.051437550686336264,0.0,0.0,0.9988059717389678,high
continuous,0.85,0.0,24,0.9298245614035088,0.05263157894736842,0.04840257641592671,0.0,0.0,0.9957709974685582,high
continuous,0.85,0.0,25,0.9429824561403509,0.03070175438596491,0.04957373804357046,0.0,0.0,0.996942159096202,high
continuous,0.85,0.0,26,0.9342105263157895,0.043859649122807015,0.05143755068430955,0.0,0.0,0.9988059717369411,high
continuous,0.85,0.0,27,0.9517543859649122,0.03070175438596491,0.05143755068633671,0.0,0.0,0.9988059717389682,high
continuous,0.85,0.0,28,0.9298245614035088,0.03508771929824561,0.0514375506830369,0.0,0.0,0.9988059717356684,high
continuous,0.85,0.0,29,0.9342105263157895,0.043859649122807015,0.05143755068629863,0.0,0.0,0.9988059717389302,high
continuous,0.85,0.1,0,0.9517543859649122,0.03070175438596491,0.05226453425847921,0.0043859649122807015,0.0043859649122807015,0.9996329553111107,high
continuous,0.85,0.1,1,0.9429824561403509,0.03070175438596491,0.051437306079706535,0.0043859649122807015,0.0043859649122807015,0.9988057271323381,high
continuous,0.85,0.1,2,0.9473684210526315,0.03070175438596491,0.05143755068632727,0.0,0.0,0.9988059717389588,high
continuous,0.85,0.1,3,0.9254385964912281,0.03508771929824561,0.05143755067883049,0.0043859649122807015,0.0,0.998805971731462,high
continuous,0.85,0.1,4,0.9298245614035088,0.03070175438596491,0.044597633430762174,0.0043859649122807015,0.0043859649122807015,0.9919660544833937,high
continuous,0.85,0.1,5,0.9429824561403509,0.039473684210526314,0.051437550686335265,0.0,0.0,0.9988059717389668,high
continuous,0.85,0.1,6,0.9254385964912281,0.04824561403508772,0.016982058838078795,0.0043859649122807015,0.0,0.9303863622145527,high
continuous,0.85,0.1,7,0.9429824561403509,0.03508771929824561,0.0514375506863437,0.0043859649122807015,0.0043859649122807015,0.9988059717389752,high
continuous,0.85,0.1,8,0.956140350877193,0.021929824561403508,0.05226453425742339,0.0,0.0043859649122807015,0.9996329553100549,high
continuous,0.85,0.1,9,0.9298245614035088,0.03070175438596491,0.051437306093731316,0.0043859649122807015,0.0,0.9988057271463628,high
continuous,0.85,0.1,10,0.9473684210526315,0.021929824561403508,0.05143755068634548,0.0043859649122807015,0.0,0.998805971738977,high
continuous,0.85,0.1,11,0.9429824561403509,0.03070175438596491,0.05143755068507683,0.0,0.0043859649122807015,0.9988059717377084,high
continuous,0.85,0.1,12,0.9166666666666666,0.03070175438596491,0.04840264304972253,0.0,0.0,0.995771064102354,high
continuous,0.85,0.1,13,0.9342105263157895,0.03070175438596491,0.05143755068634126,0.0,0.0,0.9988059717389728,high
continuous,0.85,0.1,14,0.9342105263157895,0.039473684210526314,0.05143755068484446,0.0043859649122807015,0.0,0.998805971737476,high
continuous,0.85,0.1,15,0.956140350877193,0.02631578947368421,0.05226453425742761,0.0,0.008771929824561403,0.9996329553100591,high
continuous,0.85,0.1,16,0.9517543859649122,0.03070175438596491,0.05143755068633671,0.0,0.0,0.9988059717389682,high
continuous,0.85,0.1,17,0.9298245614035088,0.03508771929824561,0.05143755068633904,0.0,0.0043859649122807015,0.9988059717389706,high
continuous,0.85,0.1,18,0.9298245614035088,0.039473684210526314,0.05143740047468315,0.0,0.0,0.9988058215273147,high
continuous,0.85,0.1,19,0.9429824561403509,0.03070175438596491,0.05143755065423805,0.0,0.0,0.9988059717068696,high
continuous,0.85,0.1,20,0.9429824561403509,0.039473684210526314,0.015118153940708812,0.0043859649122807015,0.0,0.9322502671119227,high
continuous,0.85,0.1,21,0.9517543859649122,0.02631578947368421,0.05143755068634226,0.0,0.0043859649122807015,0.9988059717389738,high
continuous,0.85,0.1,22,0.9473684210526315,0.03070175438596491,0.05226453425595956,0.0043859649122807015,0.0043859649122807015,0.9996329553085911,high
continuous,0.85,0.1,23,0.9473684210526315,0.03508771929824561,0.05143755068634226,0.0,0.0043859649122807015,0.9988059717389738,high
continuous,0.85,0.1,24,0.9342105263157895,0.04824561403508772,0.04840257641084933,0.0043859649122807015,0.0043859649122807015,0.9957709974634809,high
continuous,0.85,0.1,25,0.9342105263157895,0.03070175438596491,0.04957373803819898,0.008771929824561403,0.0,0.9969421590908305,high
continuous,0.85,0.1,26,0.9298245614035088,0.039473684210526314,0.05226453424370381,0.0043859649122807015,0.0043859649122807015,0.9996329552963353,high
continuous,0.85,0.1,27,0.9517543859649122,0.03070175438596491,0.05143755068633671,0.0,0.0,0.9988059717389682,high
continuous,0.85,0.1,28,0.9210526315789473,0.03508771929824561,0.05143755067766542,0.008771929824561403,0.0,0.998805971730297,high
continuous,0.85,0.1,29,0.9385964912280702,0.039473684210526314,0.052264534257383866,0.0,0.0043859649122807015,0.9996329553100154,high
continuous,0.85,0.2,0,0.9517543859649122,0.03070175438596491,0.05226453425847921,0.0043859649122807015,0.0043859649122807015,0.9996329553111107,high
continuous,0.85,0.2,1,0.9473684210526315,0.02631578947368421,0.052264289650791884,0.0043859649122807015,0.008771929824561403,0.9996327107034234,high
continuous,0.85,0.2,2,0.9473684210526315,0.03070175438596491,0.05143755068632727,0.0,0.0,0.9988059717389588,high
continuous,0.85,0.2,3,0.9298245614035088,0.03070175438596491,0.05226453424991562,0.0043859649122807015,0.0043859649122807015,0.9996329553025471,high
continuous,0.85,0.2,4,0.9385964912280702,0.02631578947368421,0.052264534252055905,0.0043859649122807015,0.008771929824561403,0.9996329553046874,high
continuous,0.85,0.2,5,0.9473684210526315,0.03508771929824561,0.05143755068634104,0.0,0.0043859649122807015,0.9988059717389726,high
continuous,0.85,0.2,6,0.9298245614035088,0.043859649122807015,0.016982058838073022,0.0043859649122807015,0.0043859649122807015,0.9303863622145585,high
continuous,0.85,0.2,7,0.9473684210526315,0.03070175438596491,0.05226453425742916,0.0043859649122807015,0.008771929824561403,0.9996329553100607,high
continuous,0.85,0.2,8,0.9517543859649122,0.021929824561403508,0.05226453425205191,0.0043859649122807015,0.0043859649122807015,0.9996329553046834,high
continuous,0.85,0.2,9,0.9298245614035088,0.03070175438596491,0.051437306093731316,0.0043859649122807015,0.0,0.9988057271463628,high
continuous,0.85,0.2,10,0.956140350877193,0.017543859649122806,0.05226453425742794,0.0043859649122807015,0.008771929824561403,0.9996329553100595,high
continuous,0.85,0.2,11,0.9429824561403509,0.03070175438596491,0.05143755068507683,0.0,0.0043859649122807015,0.9988059717377084,high
continuous,0.85,0.2,12,0.9166666666666666,0.03070175438596491,0.04840264304972253,0.0,0.0,0.995771064102354,high
continuous,0.85,0.2,13,0.9385964912280702,0.02631578947368421,0.05226453425742672,0.0,0.0043859649122807015,0.9996329553100582,high
continuous,0.85,0.2,14,0.9385964912280702,0.03508771929824561,0.052264534255929695,0.0043859649122807015,0.0043859649122807015,0.9996329553085612,high
continuous,0.85,0.2,15,0.956140350877193,0.02631578947368421,0.05226453425742761,0.0,0.008771929824561403,0.9996329553100591,high
continuous,0.85,0.2,16,0.9517543859649122,0.02631578947368421,0.05226453425742206,0.0043859649122807015,0.0043859649122807015,0.9996329553100536,high
continuous,0.85,0.2,17,0.9342105263157895,0.03070175438596491,0.05226453425742417,0.0,0.008771929824561403,0.9996329553100557,high
continuous,0.85,0.2,18,0.9517543859649122,0.03070175438596491,0.05226438404704792,0.0,0.008771929824561403,0.9996328050996794,high
continuous,0.85,0.2,19,0.9473684210526315,0.02631578947368421,0.05226453422532329,0.0,0.0043859649122807015,0.9996329552779548,high
continuous,0.85,0.2,20,0.9517543859649122,0.03508771929824561,0.052264626505376444,0.0043859649122807015,0.008771929824561403,0.999633047558008,high
continuous,0.85,0.2,21,0.956140350877193,0.021929824561403508,0.05226453425742761,0.0,0.008771929824561403,0.9996329553100591,high
continuous,0.85,0.2,22,0.9517543859649122,0.02631578947368421,0.052264534255965445,0.0043859649122807015,0.008771929824561403,0.999632955308597,high
continuous,0.85,0.2,23,0.9473684210526315,0.03508771929824561,0.05143755068634226,0.0,0.0043859649122807015,0.9988059717389738,high
continuous,0.85,0.2,24,0.9429824561403509,0.043859649122807015,0.05226446760291237,0.0043859649122807015,0.008771929824561403,0.9996328886555439,high
continuous,0.85,0.2,25,0.9385964912280702,0.02631578947368421,0.04957373803820475,0.008771929824561403,0.0043859649122807015,0.9969421590908363,high
continuous,0.85,0.2,26,0.9298245614035088,0.039473684210526314,0.05226453424370381,0.0043859649122807015,0.0043859649122807015,0.9996329552963353,high
continuous,0.85,0.2,27,0.9605263157894737,0.021929824561403508,0.05226453425742794,0.0,0.008771929824561403,0.9996329553100595,high
continuous,0.85,0.2,28,0.9298245614035088,0.03070175438596491,0.05143755067770084,0.008771929824561403,0.0043859649122807015,0.9988059717303324,high
continuous,0.85,0.2,29,0.9429824561403509,0.03508771929824561,0.05226453425738975,0.0,0.008771929824561403,0.9996329553100213,high
continuous,0.85,0.3,0,0.956140350877193,0.02631578947368421,0.05226454969555039,0.0043859649122807015,0.008771929824561403,0.9996329707481819,high
continuous,0.85,0.3,1,0.9517543859649122,0.021929824561403508,0.05226430508786295,0.0043859649122807015,0.013157894736842105,0.9996327261404945,high
continuous,0.85,0.3,2,0.9473684210526315,0.03070175438596491,0.05143755068632727,0.0,0.0,0.9988059717389588,high
continuous,0.85,0.3,3,0.9342105263157895,0.02631578947368421,0.052264549686986905,0.0043859649122807015,0.008771929824561403,0.9996329707396184,high
continuous,0.85,0.3,4,0.9385964912280702,0.02631578947368421,0.052264534252055905,0.0043859649122807015,0.008771929824561403,0.9996329553046874,high
continuous,0.85,0.3,5,0.9473684210526315,0.03508771929824561,0.05143755068634104,0.0,0.0043859649122807015,0.9988059717389726,high
continuous,0.85,0.3,6,0.9429824561403509,0.039473684210526314,0.052264534250745065,0.0043859649122807015,0.008771929824561403,0.9996329553033766,high
continuous,0.85,0.3,7,0.9473684210526315,0.03070175438596491,0.05226453425742916,0.0043859649122807015,0.008771929824561403,0.9996329553100607,high
continuous,0.85,0.3,8,0.9517543859649122,0.021929824561403508,0.05226453425205191,0.0043859649122807015,0.0043859649122807015,0.9996329553046834,high
continuous,0.85,0.3,9,0.9298245614035088,0.03070175438596491,0.051437306093731316,0.0043859649122807015,0.0,0.9988057271463628,high
continuous,0.85,0.3,10,0.956140350877193,0.017543859649122806,0.05226453425742794,0.0043859649122807015,0.008771929824561403,0.9996329553100595,high
continuous,0.85,0.3,11,0.9473684210526315,0.02631578947368421,0.05143756612214778,0.0,0.008771929824561403,0.9988059871747793,high
continuous,0.85,0.3,12,0.9166666666666666,0.03070175438596491,0.04840264304972253,0.0,0.0,0.995771064102354,high
continuous,0.85,0.3,13,0.9385964912280702,0.02631578947368421,0.05226453425742672,0.0,0.0043859649122807015,0.9996329553100582,high
continuous,0.85,0.3,14,0.9473684210526315,0.03070175438596491,0.05226453425596522,0.0043859649122807015,0.008771929824561403,0.9996329553085967,high
continuous,0.85,0.3,15,0.956140350877193,0.02631578947368421,0.05226453425742761,0.0,0.008771929824561403,0.9996329553100591,high
continuous,0.85,0.3,16,0.9517543859649122,0.02631578947368421,0.05226453425742206,0.0043859649122807015,0.0043859649122807015,0.9996329553100536,high
continuous,0.85,0.3,17,0.9342105263157895,0.03070175438596491,0.05226453425742417,0.0,0.008771929824561403,0.9996329553100557,high
continuous,0.85,0.3,18,0.9517543859649122,0.03070175438596491,0.05226438404704792,0.0,0.008771929824561403,0.9996328050996794,high
continuous,0.85,0.3,19,0.9473684210526315,0.02631578947368421,0.05226453422532329,0.0,0.0043859649122807015,0.9996329552779548,high
continuous,0.85,0.3,20,0.9517543859649122,0.03508771929824561,0.0522645496944979,0.0043859649122807015,0.013157894736842105,0.9996329707471294,high
continuous,0.85,0.3,21,0.956140350877193,0.021929824561403508,0.05226453425742761,0.0,0.008771929824561403,0.9996329553100591,high
continuous,0.85,0.3,22,0.956140350877193,0.021929824561403508,0.05226454969303651,0.0043859649122807015,0.013157894736842105,0.999632970745668,high
continuous,0.85,0.3,23,0.9473684210526315,0.03508771929824561,0.05143755068634226,0.0,0.0043859649122807015,0.9988059717389738,high
continuous,0.85,0.3,24,0.9517543859649122,0.039473684210526314,0.05226454968912719,0.0043859649122807015,0.013157894736842105,0.9996329707417587,high
continuous,0.85,0.3,25,0.9385964912280702,0.02631578947368421,0.04957373803820475,0.008771929824561403,0.0043859649122807015,0.9969421590908363,high
continuous,0.85,0.3,26,0.9298245614035088,0.039473684210526314,0.05226453424370381,0.0043859649122807015,0.0043859649122807015,0.9996329552963353,high
continuous,0.85,0.3,27,0.9605263157894737,0.021929824561403508,0.05226453425742794,0.0,0.008771929824561403,0.9996329553100595,high
continuous,0.85,0.3,28,0.9298245614035088,0.03070175438596491,0.05143755067770084,0.008771929824561403,0.0043859649122807015,0.9988059717303324,high
continuous,0.85,0.3,29,0.9429824561403509,0.03508771929824561,0.05226453425738975,0.0,0.008771929824561403,0.9996329553100213,high
continuous,0.85,0.4,0,0.956140350877193,0.021929824561403508,0.052264549694306606,0.008771929824561403,0.013157894736842105,0.9996329707469381,high
continuous,0.85,0.4,1,0.956140350877193,0.017543859649122806,0.05226430508788105,0.0043859649122807015,0.017543859649122806,0.9996327261405126,high
continuous,0.85,0.4,2,0.9517543859649122,0.02631578947368421,0.051437550686333156,0.0,0.0043859649122807015,0.9988059717389647,high
continuous,0.85,0.4,3,0.9254385964912281,0.02631578947368421,0.05226454967545269,0.008771929824561403,0.008771929824561403,0.9996329707280842,high
continuous,0.85,0.4,4,0.9429824561403509,0.021929824561403508,0.05226453425207411,0.0043859649122807015,0.013157894736842105,0.9996329553047056,high
continuous,0.85,0.4,5,0.956140350877193,0.02631578947368421,0.052264534257444595,0.0,0.013157894736842105,0.9996329553100761,high
continuous,0.85,0.4,6,0.9517543859649122,0.03508771929824561,0.05226453425083011,0.0043859649122807015,0.013157894736842105,0.9996329553034616,high
continuous,0.85,0.4,7,0.9517543859649122,0.02631578947368421,0.05226454969450012,0.0043859649122807015,0.013157894736842105,0.9996329707471316,high
continuous,0.85,0.4,8,0.956140350877193,0.013157894736842105,0.05226453425206101,0.008771929824561403,0.008771929824561403,0.9996329553046925,high
continuous,0.85,0.4,9,0.9342105263157895,0.02631578947368421,0.051437306094788915,0.0043859649122807015,0.0043859649122807015,0.9988057271474204,high
continuous,0.85,0.4,10,0.956140350877193,0.013157894736842105,0.05226453425743671,0.008771929824561403,0.013157894736842105,0.9996329553100682,high
continuous,0.85,0.4,11,0.9473684210526315,0.02631578947368421,0.05143756612214778,0.0,0.008771929824561403,0.9988059871747793,high
continuous,0.85,0.4,12,0.9122807017543859,0.03070175438596491,0.048341238621270044,0.0043859649122807015,0.0,0.9957096596739016,high
continuous,0.85,0.4,13,0.9385964912280702,0.02631578947368421,0.05226453425742672,0.0,0.0043859649122807015,0.9996329553100582,high
continuous,0.85,0.4,14,0.956140350877193,0.021929824561403508,0.052264545489101866,0.008771929824561403,0.017543859649122806,0.9996329665417334,high
continuous,0.85,0.4,15,0.956140350877193,0.02631578947368421,0.05226453425742761,0.0,0.008771929824561403,0.9996329553100591,high
continuous,0.85,0.4,16,0.9517543859649122,0.02631578947368421,0.05226453425742206,0.0043859649122807015,0.0043859649122807015,0.9996329553100536,high
continuous,0.85,0.4,17,0.9342105263157895,0.02631578947368421,0.05220314526604297,0.0043859649122807015,0.013157894736842105,0.9995715663186745,high
continuous,0.85,0.4,18,0.9517543859649122,0.03070175438596491,0.05226438404704792,0.0,0.008771929824561403,0.9996328050996794,high
continuous,0.85,0.4,19,0.956140350877193,0.017543859649122806,0.0522645496623948,0.0,0.013157894736842105,0.9996329707150263,high
continuous,0.85,0.4,20,0.956140350877193,0.03070175438596491,0.052264549694516105,0.0043859649122807015,0.017543859649122806,0.9996329707471476,high
continuous,0.85,0.4,21,0.956140350877193,0.021929824561403508,0.05226453425742761,0.0,0.008771929824561403,0.9996329553100591,high
continuous,0.85,0.4,22,0.9605263157894737,0.017543859649122806,0.05226454969305472,0.0043859649122807015,0.017543859649122806,0.9996329707456862,high
continuous,0.85,0.4,23,0.956140350877193,0.02631578947368421,0.051437550687417954,0.0,0.013157894736842105,0.9988059717400495,high
continuous,0.85,0.4,24,0.9517543859649122,0.03508771929824561,0.052264549687901174,0.008771929824561403,0.017543859649122806,0.9996329707405327,high
continuous,0.85,0.4,25,0.9473684210526315,0.021929824561403508,0.049573738038244386,0.008771929824561403,0.008771929824561403,0.9969421590908759,high
continuous,0.85,0.4,26,0.9298245614035088,0.03508771929824561,0.052203145252322614,0.008771929824561403,0.008771929824561403,0.9995715663049541,high
continuous,0.85,0.4,27,0.9605263157894737,0.021929824561403508,0.05226453425742794,0.0,0.008771929824561403,0.9996329553100595,high
continuous,0.85,0.4,28,0.9342105263157895,0.021929824561403508,0.04339058920688599,0.013157894736842105,0.013157894736842105,0.9907590102595175,high
continuous,0.85,0.4,29,0.9473684210526315,0.03070175438596491,0.05226454969446093,0.0,0.013157894736842105,0.9996329707470925,high
continuous,0.85,0.45,0,0.9605263157894737,0.017543859649122806,0.05226464194225633,0.008771929824561403,0.021929824561403508,0.9996330629948879,high
continuous,0.85,0.45,1,0.956140350877193,0.017543859649122806,0.05226430508788105,0.0043859649122807015,0.017543859649122806,0.9996327261405126,high
continuous,0.85,0.45,2,0.9517543859649122,0.02631578947368421,0.051437550686333156,0.0,0.0043859649122807015,0.9988059717389647,high
continuous,0.85,0.45,3,0.9385964912280702,0.013157894736842105,0.05226454967547245,0.008771929824561403,0.021929824561403508,0.999632970728104,high
continuous,0.85,0.45,4,0.9605263157894737,0.0043859649122807015,0.05226454968914851,0.0043859649122807015,0.03070175438596491,0.99963297074178,high
continuous,0.85,0.45,5,0.9605263157894737,0.021929824561403508,0.05226453425850208,0.0,0.017543859649122806,0.9996329553111336,high
continuous,0.85,0.45,6,0.9736842105263158,0.013157894736842105,0.05226464193585412,0.0043859649122807015,0.03508771929824561,0.9996330629884856,high
continuous,0.85,0.45,7,0.9517543859649122,0.021929824561403508,0.0522645496943136,0.008771929824561403,0.017543859649122806,0.9996329707469451,high
continuous,0.85,0.45,8,0.956140350877193,0.013157894736842105,0.05226453425206101,0.008771929824561403,0.013157894736842105,0.9996329553046925,high
continuous,0.85,0.45,9,0.9342105263157895,0.02631578947368421,0.051437306094788915,0.0043859649122807015,0.0043859649122807015,0.9988057271474204,high
continuous,0.85,0.45,10,0.956140350877193,0.013157894736842105,0.05226453425743671,0.008771929824561403,0.013157894736842105,0.9996329553100682,high
continuous,0.85,0.45,11,0.9473684210526315,0.02631578947368421,0.05143756612214778,0.0,0.008771929824561403,0.9988059871747793,high
continuous,0.85,0.45,12,0.9122807017543859,0.03070175438596491,0.048341238621270044,0.0043859649122807015,0.0,0.9957096596739016,high
continuous,0.85,0.45,13,0.9429824561403509,0.021929824561403508,0.05226453425744493,0.0,0.013157894736842105,0.9996329553100765,high
continuous,0.85,0.45,14,0.956140350877193,0.021929824561403508,0.052264545489101866,0.008771929824561403,0.021929824561403508,0.9996329665417334,high
continuous,0.85,0.45,15,0.9605263157894737,0.021929824561403508,0.052264534257445816,0.0,0.013157894736842105,0.9996329553100773,high
continuous,0.85,0.45,16,0.9473684210526315,0.02631578947368421,0.05226453425617805,0.008771929824561403,0.0043859649122807015,0.9996329553088096,high
continuous,0.85,0.45,17,0.9429824561403509,0.017543859649122806,0.05220314526604475,0.0043859649122807015,0.021929824561403508,0.9995715663186763,high
continuous,0.85,0.45,18,0.956140350877193,0.017543859649122806,0.052264399482605195,0.0043859649122807015,0.02631578947368421,0.9996328205352367,high
continuous,0.85,0.45,19,0.9605263157894737,0.013157894736842105,0.05226454966239624,0.0,0.017543859649122806,0.9996329707150278,high
continuous,0.85,0.45,20,0.9605263157894737,0.02631578947368421,0.05226454969451777,0.0043859649122807015,0.021929824561403508,0.9996329707471493,high
continuous,0.85,0.45,21,0.956140350877193,0.021929824561403508,0.05226453425742761,0.0,0.008771929824561403,0.9996329553100591,high
continuous,0.85,0.45,22,0.9649122807017544,0.013157894736842105,0.05226454969305516,0.0043859649122807015,0.021929824561403508,0.9996329707456867,high
continuous,0.85,0.45,23,0.9473684210526315,0.021929824561403508,0.05693744931411404,0.013157894736842105,0.017543859649122806,0.8904309717385175,high
continuous,0.85,0.45,24,0.9517543859649122,0.03070175438596491,0.052264549687613404,0.013157894736842105,0.021929824561403508,0.9996329707402449,high
continuous,0.85,0.45,25,0.9473684210526315,0.017543859649122806,0.04152677656741144,0.013157894736842105,0.013157894736842105,0.988895197620043,high
continuous,0.85,0.45,26,0.9342105263157895,0.03070175438596491,0.05220314525232406,0.008771929824561403,0.013157894736842105,0.9995715663049556,high
continuous,0.85,0.45,27,0.9605263157894737,0.017543859649122806,0.05257006683281629,0.0043859649122807015,0.008771929824561403,0.9999384878854478,high
continuous,0.85,0.45,28,0.9473684210526315,0.017543859649122806,0.043390589211213415,0.013157894736842105,0.017543859649122806,0.9907590102638449,high
continuous,0.85,0.45,29,0.9473684210526315,0.03070175438596491,0.05226454969446093,0.0,0.013157894736842105,0.9996329707470925,high
continuous,0.85,0.5,0,0.956140350877193,0.013157894736842105,0.05214020767402816,0.017543859649122806,0.02631578947368421,0.9995086287266597,high
continuous,0.85,0.5,1,0.9517543859649122,0.013157894736842105,0.04542349021924208,0.021929824561403508,0.021929824561403508,0.9927919112718736,high
continuous,0.85,0.5,2,0.9385964912280702,0.02631578947368421,0.05132094547941579,0.013157894736842105,0.0043859649122807015,0.9986893665320473,high
continuous,0.85,0.5,3,0.9298245614035088,0.013157894736842105,0.05226454385304957,0.017543859649122806,0.021929824561403508,0.9996329649056811,high
continuous,0.85,0.5,4,0.9385964912280702,0.0043859649122807015,0.034214723173503936,0.02631578947368421,0.03070175438596491,0.9815831442261355,high
continuous,0.85,0.5,5,0.9517543859649122,0.021929824561403508,0.05226428545952866,0.008771929824561403,0.017543859649122806,0.9996327065121602,high
continuous,0.85,0.5,6,0.9517543859649122,0.008771929824561403,0.052614846732372045,0.021929824561403508,0.039473684210526314,0.9999832677850036,high
continuous,0.85,0.5,7,0.9429824561403509,0.017543859649122806,0.011390965116049534,0.021929824561403508,0.021929824561403508,0.9587593861686811,high
continuous,0.85,0.5,8,0.9429824561403509,0.013157894736842105,0.043560804359119354,0.021929824561403508,0.013157894736842105,0.9909292254117509,high
continuous,0.85,0.5,9,0.9429824561403509,0.017543859649122806,0.05143344608817557,0.017543859649122806,0.013157894736842105,0.9988018671408071,high
continuous,0.85,0.5,10,0.9473684210526315,0.013157894736842105,0.052264289664918695,0.017543859649122806,0.017543859649122806,0.9996327107175502,high
continuous,0.85,0.5,11,0.9605263157894737,0.008771929824561403,0.05180450312675977,0.0043859649122807015,0.02631578947368421,0.9991729241793913,high
continuous,0.85,0.5,12,0.9342105263157895,0.021929824561403508,0.04834123863794382,0.008771929824561403,0.008771929824561403,0.9957096596905753,high
continuous,0.85,0.5,13,0.9298245614035088,0.017543859649122806,0.052192293753296815,0.021929824561403508,0.017543859649122806,0.9995607148059283,high
continuous,0.85,0.5,14,0.9385964912280702,0.013157894736842105,0.05226066714751865,0.03508771929824561,0.03070175438596491,0.9996290882001502,high
continuous,0.85,0.5,15,0.9298245614035088,0.013157894736842105,0.09736852873941126,0.02631578947368421,0.021929824561403508,0.8499998923132203,high
continuous,0.85,0.5,16,0.9342105263157895,0.017543859649122806,0.05226446742251911,0.02631578947368421,0.017543859649122806,0.9996328884751506,high
continuous,0.85,0.5,17,0.9342105263157895,0.017543859649122806,0.045346495890887684,0.013157894736842105,0.021929824561403508,0.9927149169435192,high
continuous,0.85,0.5,18,0.9429824561403509,0.013157894736842105,0.04968109460753911,0.03070175438596491,0.03070175438596491,0.9970495156601706,high
continuous,0.85,0.5,19,0.9342105263157895,0.013157894736842105,0.05224781438526438,0.021929824561403508,0.017543859649122806,0.9996162354378959,high
continuous,0.85,0.5,20,0.956140350877193,0.017543859649122806,0.01615884301789361,0.013157894736842105,0.03070175438596491,0.9312095780347379,high
continuous,0.85,0.5,21,0.9429824561403509,0.021929824561403508,0.05224484924150641,0.013157894736842105,0.008771929824561403,0.9996132702941379,high
continuous,0.85,0.5,22,0.9429824561403509,0.008771929824561403,0.04541807113834073,0.03508771929824561,0.02631578947368421,0.9927864921909723,high
continuous,0.85,0.5,23,0.9517543859649122,0.013157894736842105,0.056937601658684445,0.021929824561403508,0.02631578947368421,0.8904308193939471,high
continuous,0.85,0.5,24,0.9429824561403509,0.03070175438596491,0.05225823613562952,0.021929824561403508,0.021929824561403508,0.999626657188261,high
continuous,0.85,0.5,25,0.9298245614035088,0.017543859649122806,0.03887486458221956,0.03070175438596491,0.017543859649122806,0.9862432856348511,high
continuous,0.85,0.5,26,0.9385964912280702,0.017543859649122806,0.05216552168665545,0.03070175438596491,0.02631578947368421,0.999533942739287,high
continuous,0.85,0.5,27,0.9429824561403509,0.013157894736842105,0.04564117680904489,0.021929824561403508,0.017543859649122806,0.9930095978616764,high
continuous,0.85,0.5,28,0.9166666666666666,0.017543859649122806,0.043336598344439814,0.039473684210526314,0.017543859649122806,0.9907050193970713,high
continuous,0.85,0.5,29,0.9429824561403509,0.02631578947368421,0.014292147838125602,0.013157894736842105,0.017543859649122806,0.9330762732145059,high
continuous,0.85,0.55,0,0.9342105263157895,0.013157894736842105,0.01126573129585573,0.03508771929824561,0.02631578947368421,0.9586341523484873,high
continuous,0.85,0.55,1,0.9429824561403509,0.008771929824561403,0.04284375209226743,0.03508771929824561,0.02631578947368421,0.990212173144899,high
continuous,0.85,0.55,2,0.9166666666666666,0.02631578947368421,0.035905494345745304,0.03508771929824561,0.008771929824561403,0.9832739153983768,high
continuous,0.85,0.55,3,0.9254385964912281,0.008771929824561403,0.052263895323719445,0.03508771929824561,0.02631578947368421,0.999632316376351,high
continuous,0.85,0.55,4,0.9342105263157895,0.0043859649122807015,0.034214698036811764,0.03508771929824561,0.03070175438596491,0.9815831190894433,high
continuous,0.85,0.55,5,0.9429824561403509,0.008771929824561403,0.05226437756087354,0.02631578947368421,0.03070175438596491,0.9996327986135051,high
continuous,0.85,0.55,6,0.9342105263157895,0.008771929824561403,0.05261444934618409,0.039473684210526314,0.039473684210526314,0.9999828703988156,high
continuous,0.85,0.55,7,0.9298245614035088,0.008771929824561403,0.009507893941935519,0.039473684210526314,0.03070175438596491,0.956876314994567,high
continuous,0.85,0.55,8,0.9210526315789473,0.008771929824561403,0.023011638017226943,0.043859649122807015,0.021929824561403508,0.9243567830354046,high
continuous,0.85,0.55,9,0.9254385964912281,0.0043859649122807015,0.049220797758121604,0.04824561403508772,0.02631578947368421,0.9965892188107531,high
continuous,0.85,0.55,10,0.9342105263157895,0.0043859649122807015,0.011328408862109951,0.039473684210526314,0.03070175438596491,0.9586968299147415,high
continuous,0.85,0.55,11,0.9473684210526315,0.008771929824561403,0.05180425826875823,0.02631578947368421,0.02631578947368421,0.9991726793213898,high
continuous,0.85,0.55,12,0.9035087719298246,0.013157894736842105,0.04833683382879361,0.043859649122807015,0.017543859649122806,0.9957052548814251,high
continuous,0.85,0.55,13,0.9210526315789473,0.0,0.04915286188345591,0.05263157894736842,0.03508771929824561,0.9965212829360874,high
continuous,0.85,0.55,14,0.9298245614035088,0.008771929824561403,0.05226066714686872,0.043859649122807015,0.03508771929824561,0.9996290881995002,high
continuous,0.85,0.55,15,0.9035087719298246,0.013157894736842105,0.09923323988813149,0.04824561403508772,0.021929824561403508,0.8481351811645,high
continuous,0.85,0.55,16,0.9078947368421053,0.013157894736842105,0.052248927775340515,0.05701754385964912,0.021929824561403508,0.999617348827972,high
continuous,0.85,0.55,17,0.9210526315789473,0.013157894736842105,0.04533440031951652,0.02631578947368421,0.02631578947368421,0.992702821372148,high
continuous,0.85,0.55,18,0.9254385964912281,0.013157894736842105,0.04960867875494157,0.043859649122807015,0.03070175438596491,0.9969770998075731,high
continuous,0.85,0.55,19,0.9254385964912281,0.013157894736842105,0.05224780855929945,0.03508771929824561,0.017543859649122806,0.999616229611931,high
continuous,0.85,0.55,20,0.9298245614035088,0.013157894736842105,0.05703266672845986,0.04824561403508772,0.03508771929824561,0.8903357543241717,high
continuous,0.85,0.55,21,0.9385964912280702,0.013157894736842105,0.011371362636400928,0.02631578947368421,0.017543859649122806,0.9587397836890325,high
continuous,0.85,0.55,22,0.9385964912280702,0.008771929824561403,0.043833830392017714,0.039473684210526314,0.02631578947368421,0.9912022514446492,high
continuous,0.85,0.55,23,0.9385964912280702,0.013157894736842105,0.0680761622125261,0.03508771929824561,0.02631578947368421,0.8792922588401054,high
continuous,0.85,0.55,24,0.9342105263157895,0.02631578947368421,0.00024699444433118334,0.03508771929824561,0.02631578947368421,0.9476154154969627,high
continuous,0.85,0.55,25,0.9254385964912281,0.017543859649122806,0.03887486199892998,0.039473684210526314,0.017543859649122806,0.9862432830515615,high
continuous,0.85,0.55,26,0.9254385964912281,0.017543859649122806,0.05216222755673283,0.039473684210526314,0.02631578947368421,0.9995306486093644,high
continuous,0.85,0.55,27,0.9078947368421053,0.013157894736842105,0.045641173686463476,0.04824561403508772,0.021929824561403508,0.993009594739095,high
continuous,0.85,0.55,28,0.9035087719298246,0.013157894736842105,0.043336642438332684,0.05701754385964912,0.017543859649122806,0.9907050634909642,high
continuous,0.85,0.55,29,0.9473684210526315,0.017543859649122806,0.01429214854204608,0.021929824561403508,0.02631578947368421,0.9330762725105854,high
continuous,0.85,0.6,0,0.9122807017543859,0.008771929824561403,0.011248995045454624,0.06140350877192982,0.03070175438596491,0.9586174160980862,high
continuous,0.85,0.6,1,0.9254385964912281,0.0043859649122807015,0.038643280130040925,0.05263157894736842,0.03070175438596491,0.9860117011826725,high
continuous,0.85,0.6,2,0.8991228070175439,0.021929824561403508,0.0358440895478257,0.06140350877192982,0.008771929824561403,0.9832125106004572,high
continuous,0.85,0.6,3,0.9210526315789473,0.0,0.0372033851855349,0.04824561403508772,0.03508771929824561,0.9845718062381664,high
continuous,0.85,0.6,4,0.9254385964912281,0.0,0.01879900301466131,0.05263157894736842,0.03508771929824561,0.9661674240672928,high
continuous,0.85,0.6,5,0.9122807017543859,0.0043859649122807015,0.028784368146577255,0.06578947368421052,0.03070175438596491,0.9761527891992088,high
continuous,0.85,0.6,6,0.9078947368421053,0.008771929824561403,0.01580516017167255,0.05701754385964912,0.039473684210526314,0.931563260880959,high
continuous,0.85,0.6,7,0.9122807017543859,0.0043859649122807015,0.009469290822178511,0.06140350877192982,0.03508771929824561,0.95683771187481,high
continuous,0.85,0.6,8,0.9122807017543859,0.008771929824561403,0.0341493009526499,0.05263157894736842,0.021929824561403508,0.9132191200999816,high
continuous,0.85,0.6,9,0.9035087719298246,0.0043859649122807015,0.04920781114731487,0.06578947368421052,0.02631578947368421,0.9965762321999464,high
continuous,0.85,0.6,10,0.9035087719298246,0.0043859649122807015,0.008744833821061282,0.06578947368421052,0.03070175438596491,0.9561132548736928,high
continuous,0.85,0.6,11,0.9429824561403509,0.0043859649122807015,0.05172218357457836,0.03508771929824561,0.03070175438596491,0.9990906046272099,high
continuous,0.85,0.6,12,0.8859649122807017,0.0043859649122807015,0.02215065727420762,0.06140350877192982,0.02631578947368421,0.9695190783268391,high
continuous,0.85,0.6,13,0.8947368421052632,0.0,0.044952272508779534,0.08333333333333333,0.03508771929824561,0.9923206935614111,high
continuous,0.85,0.6,14,0.9122807017543859,0.008771929824561403,0.05225864409606229,0.06578947368421052,0.03508771929824561,0.9996270651486938,high
continuous,0.85,0.6,15,0.8859649122807017,0.008771929824561403,0.10181297805957279,0.07017543859649122,0.02631578947368421,0.8455554429930587,high
continuous,0.85,0.6,16,0.8903508771929824,0.008771929824561403,0.052248030145745084,0.07456140350877193,0.02631578947368421,0.9996164511983766,high
continuous,0.85,0.6,17,0.9122807017543859,0.013157894736842105,0.02991891509861433,0.043859649122807015,0.02631578947368421,0.9772873361512459,high
continuous,0.85,0.6,18,0.9166666666666666,0.0043859649122807015,0.03419322832475824,0.06140350877192982,0.039473684210526314,0.9815616493773898,high
continuous,0.85,0.6,19,0.9210526315789473,0.008771929824561403,0.052247808559242825,0.043859649122807015,0.021929824561403508,0.9996162296118744,high
continuous,0.85,0.6,20,0.9254385964912281,0.013157894736842105,0.05703266672879892,0.05263157894736842,0.03508771929824561,0.8903357543238326,high
continuous,0.85,0.6,21,0.9122807017543859,0.013157894736842105,0.01133365180327428,0.05263157894736842,0.017543859649122806,0.9587020728559058,high
continuous,0.85,0.6,22,0.9254385964912281,0.008771929824561403,0.04383383039187971,0.05263157894736842,0.03070175438596491,0.9912022514445112,high
continuous,0.85,0.6,23,0.9254385964912281,0.008771929824561403,0.07408909608847025,0.04824561403508772,0.03070175438596491,0.8732793249641613,high
continuous,0.85,0.6,24,0.9166666666666666,0.017543859649122806,0.0078000340490077535,0.06140350877192982,0.03070175438596491,0.9395683870036238,high
continuous,0.85,0.6,25,0.9122807017543859,0.013157894736842105,0.03887098351607354,0.05701754385964912,0.02631578947368421,0.9862394045687051,high
continuous,0.85,0.6,26,0.9122807017543859,0.017543859649122806,0.052018108435605837,0.05263157894736842,0.02631578947368421,0.9993865294882374,high
continuous,0.85,0.6,27,0.9035087719298246,0.013157894736842105,0.0456411736864627,0.05701754385964912,0.021929824561403508,0.9930095947390942,high
continuous,0.85,0.6,28,0.8903508771929824,0.0043859649122807015,0.040756945558324875,0.07894736842105263,0.02631578947368421,0.9881253666109564,high
continuous,0.85,0.6,29,0.9166666666666666,0.013157894736842105,0.06200564456538182,0.05263157894736842,0.03070175438596491,0.8853627764872497,high
continuous,0.85,0.7,0,0.8903508771929824,0.0043859649122807015,0.011204385673187711,0.09210526315789473,0.03508771929824561,0.9585728067258192,high
continuous,0.85,0.7,1,0.8903508771929824,0.0,0.023160246990752142,0.09649122807017543,0.039473684210526314,0.9705286680433837,high
continuous,0.85,0.7,2,0.8903508771929824,0.008771929824561403,0.03583787123180904,0.08333333333333333,0.02631578947368421,0.9832062922844406,high
continuous,0.85,0.7,3,0.8771929824561403,0.0,0.03527847146532148,0.10087719298245613,0.03508771929824561,0.982646892517953,high
continuous,0.85,0.7,4,0.8859649122807017,0.0,0.018763287107448345,0.09210526315789473,0.03508771929824561,0.9661317081600799,high
continuous,0.85,0.7,5,0.881578947368421,0.0,0.03740449196719797,0.10087719298245613,0.039473684210526314,0.9099639290854336,high
continuous,0.85,0.7,6,0.8947368421052632,0.0,0.015818640785801974,0.08333333333333333,0.04824561403508772,0.9315497802668296,high
continuous,0.85,0.7,7,0.8859649122807017,0.0043859649122807015,0.002585008705470515,0.09210526315789473,0.03508771929824561,0.949953429758102,high
continuous,0.85,0.7,8,0.881578947368421,0.008771929824561403,0.20381321152498522,0.08333333333333333,0.021929824561403508,0.7435552095276463,high
continuous,0.85,0.7,9,0.8464912280701754,0.0043859649122807015,0.049163408886600646,0.11403508771929824,0.02631578947368421,0.9965318299392322,high
continuous,0.85,0.7,10,0.8771929824561403,0.0,0.009067255018236686,0.10087719298245613,0.03508771929824561,0.9564356760708682,high
continuous,0.85,0.7,11,0.9210526315789473,0.0043859649122807015,0.05172218334099432,0.05701754385964912,0.03070175438596491,0.9990906043936258,high
continuous,0.85,0.7,12,0.8640350877192983,0.0,0.08622434282814695,0.09649122807017543,0.03070175438596491,0.8611440782244846,high
continuous,0.85,0.7,13,0.868421052631579,0.0,0.044945895302259675,0.10964912280701754,0.03508771929824561,0.9923143163548912,high
continuous,0.85,0.7,14,0.9035087719298246,0.0,0.0526134921395901,0.08333333333333333,0.043859649122807015,0.9999819131922216,high
continuous,0.85,0.7,15,0.8552631578947368,0.0043859649122807015,0.16237868743563488,0.11842105263157894,0.03070175438596491,0.7849897336169966,high
continuous,0.85,0.7,16,0.8640350877192983,0.0,0.052530869344404985,0.11403508771929824,0.03070175438596491,0.9998992903970365,high
continuous,0.85,0.7,17,0.8859649122807017,0.008771929824561403,0.025718350055575767,0.07894736842105263,0.03070175438596491,0.9730867711082073,high
continuous,0.85,0.7,18,0.8728070175438597,0.0,0.03410839109615371,0.10964912280701754,0.043859649122807015,0.9814768121487852,high
continuous,0.85,0.7,19,0.8728070175438597,0.0,0.036454911393892564,0.10526315789473684,0.03070175438596491,0.9838233324465241,high
continuous,0.85,0.7,20,0.9210526315789473,0.008771929824561403,0.0570326693120885,0.06578947368421052,0.039473684210526314,0.890335751740543,high
continuous,0.85,0.7,21,0.8903508771929824,0.0043859649122807015,0.00019266953925223262,0.08333333333333333,0.02631578947368421,0.9475610905918838,high
continuous,0.85,0.7,22,0.8991228070175439,0.0043859649122807015,0.043821741337657816,0.08333333333333333,0.03508771929824561,0.9911901623902893,high
continuous,0.85,0.7,23,0.9035087719298246,0.0,0.077960436300478,0.08333333333333333,0.039473684210526314,0.8694079847521535,high
continuous,0.85,0.7,24,0.8947368421052632,0.0043859649122807015,0.01341476576998224,0.09649122807017543,0.04824561403508772,0.9339536552826493,high
continuous,0.85,0.7,25,0.9078947368421053,0.0,0.11112890884335391,0.07456140350877193,0.039473684210526314,0.8362395122092776,high
continuous,0.85,0.7,26,0.8771929824561403,0.008771929824561403,0.04118621874955708,0.10526315789473684,0.03508771929824561,0.9885546398021886,high
continuous,0.85,0.7,27,0.881578947368421,0.008771929824561403,0.17091806753373906,0.08771929824561403,0.02631578947368421,0.7764503535188925,high
continuous,0.85,0.7,28,0.8552631578947368,0.0,0.03808487949834838,0.11403508771929824,0.03508771929824561,0.9854533005509799,high
continuous,0.85,0.7,29,0.8947368421052632,0.008771929824561403,0.0646903481541743,0.08333333333333333,0.03508771929824561,0.8826780728984572,high
continuous,0.85,0.85,0,0.8640350877192983,0.0,0.011571172380006822,0.12280701754385964,0.039473684210526314,0.9589395934326383,high
continuous,0.85,0.85,1,0.868421052631579,0.0,0.01202254622480381,0.11842105263157894,0.039473684210526314,0.9593909672774353,high
continuous,0.85,0.85,2,0.868421052631579,0.0,0.032581891535451435,0.11403508771929824,0.03508771929824561,0.9147865295171801,high
continuous,0.85,0.85,3,0.8596491228070176,0.0,0.024140805118478714,0.11842105263157894,0.03508771929824561,0.9715092261711102,high
continuous,0.85,0.85,4,0.8464912280701754,0.0,0.060380162352104305,0.13596491228070176,0.03508771929824561,0.8869882587005272,high
continuous,0.85,0.85,5,0.8552631578947368,0.0,0.03740449215423791,0.13596491228070176,0.043859649122807015,0.9099639288983936,high
continuous,0.85,0.85,6,0.868421052631579,0.0,0.01585641759120804,0.11842105263157894,0.04824561403508772,0.9315120034614235,high
continuous,0.85,0.85,7,0.8728070175438597,0.0,0.002878806746568263,0.11842105263157894,0.043859649122807015,0.9502472277991998,high
continuous,0.85,0.85,8,0.8640350877192983,0.0,0.20381321180003953,0.10964912280701754,0.03070175438596491,0.743555209252592,high
continuous,0.85,0.85,9,0.8289473684210527,0.0043859649122807015,0.12495577143597336,0.14473684210526316,0.02631578947368421,0.8224126496166582,high
continuous,0.85,0.85,10,0.8552631578947368,0.0,0.14097049567484798,0.12719298245614036,0.03508771929824561,0.8063979253777835,high
continuous,0.85,0.85,11,0.9122807017543859,0.0,0.05171888920505863,0.07017543859649122,0.03508771929824561,0.9990873102576902,high
continuous,0.85,0.85,12,0.8333333333333334,0.0,0.2525313402226754,0.14473684210526316,0.03070175438596491,0.6948370808299561,high
continuous,0.85,0.85,13,0.8552631578947368,0.0,0.04494586044949889,0.12719298245614036,0.03508771929824561,0.9923142815021304,high
continuous,0.85,0.85,14,0.881578947368421,0.0,0.04279770033017971,0.10526315789473684,0.043859649122807015,0.9901661213828112,high
continuous,0.85,0.85,15,0.8421052631578947,0.0,0.1623793361575847,0.14035087719298245,0.03508771929824561,0.7849890848950468,high
continuous,0.85,0.85,16,0.8508771929824561,0.0,0.05253084420568477,0.13157894736842105,0.03508771929824561,0.9998992652583163,high
continuous,0.85,0.85,17,0.8771929824561403,0.0043859649122807015,0.02571834968708897,0.10087719298245613,0.03508771929824561,0.9730867707397205,high
continuous,0.85,0.85,18,0.8377192982456141,0.0,0.15677727663113106,0.14912280701754385,0.043859649122807015,0.7905911444215005,high
continuous,0.85,0.85,19,0.8596491228070176,0.0,0.11354508865053448,0.11842105263157894,0.03070175438596491,0.833823332402097,high
continuous,0.85,0.85,20,0.9122807017543859,0.0043859649122807015,0.05709342194447997,0.07894736842105263,0.043859649122807015,0.8902749991081516,high
continuous,0.85,0.85,21,0.881578947368421,0.0,0.00019266945482143694,0.09649122807017543,0.03070175438596491,0.947561090507453,high
continuous,0.85,0.85,22,0.8947368421052632,0.0,0.043821833572979974,0.09210526315789473,0.039473684210526314,0.9911902546256115,high
continuous,0.85,0.85,23,0.868421052631579,0.0,0.07796059333434802,0.11842105263157894,0.039473684210526314,0.8694078277182835,high
continuous,0.85,0.85,24,0.8771929824561403,0.0,0.013123944758382411,0.12280701754385964,0.05263157894736842,0.9342444762942491,high
continuous,0.85,0.85,25,0.8859649122807017,0.0,0.18882236865382296,0.09649122807017543,0.039473684210526314,0.7585460523988086,high
continuous,0.85,0.85,26,0.8640350877192983,0.0043859649122807015,0.04117788213025764,0.12280701754385964,0.039473684210526314,0.9885463031828892,high
continuous,0.85,0.85,27,0.8728070175438597,0.0043859649122807015,0.17091806779954377,0.10526315789473684,0.03508771929824561,0.7764503532530878,high
continuous,0.85,0.85,28,0.8245614035087719,0.0,0.03614879150746497,0.15350877192982457,0.03508771929824561,0.9835172125600965,high
continuous,0.85,0.85,29,0.881578947368421,0.0043859649122807015,0.06471446492392019,0.10526315789473684,0.039473684210526314,0.8826539561287113,high
continuous,0.85,1.0,0,0.8464912280701754,0.0,0.0038463068775563825,0.14035087719298245,0.039473684210526314,0.9435221141750751,high
continuous,0.85,1.0,1,0.8640350877192983,0.0,0.011950305720742072,0.12280701754385964,0.039473684210526314,0.9593187267733736,high
continuous,0.85,1.0,2,0.868421052631579,0.0,0.032581891535451435,0.11403508771929824,0.03508771929824561,0.9147865295171801,high
continuous,0.85,1.0,3,0.8596491228070176,0.0,0.024140805118478714,0.12280701754385964,0.03508771929824561,0.9715092261711102,high
continuous,0.85,1.0,4,0.8333333333333334,0.0,0.21039689447705323,0.14912280701754385,0.03508771929824561,0.7369715265755783,high
continuous,0.85,1.0,5,0.8464912280701754,0.0,0.037404497977785556,0.14473684210526316,0.043859649122807015,0.909963923074846,high
continuous,0.85,1.0,6,0.8596491228070176,0.0,0.01585641759752754,0.13596491228070176,0.04824561403508772,0.931512003455104,high
continuous,0.85,1.0,7,0.8728070175438597,0.0,0.002878806746568263,0.11842105263157894,0.043859649122807015,0.9502472277991998,high
continuous,0.85,1.0,8,0.8508771929824561,0.0,0.20385763642755828,0.12719298245614036,0.03070175438596491,0.7435107846250733,high
continuous,0.85,1.0,9,0.8289473684210527,0.0,0.12495577143662284,0.15350877192982457,0.03508771929824561,0.8224126496160087,high
continuous,0.85,1.0,10,0.8464912280701754,0.0,0.14097049567484843,0.13596491228070176,0.03508771929824561,0.8063979253777831,high
continuous,0.85,1.0,11,0.8991228070175439,0.0,0.03210287457738603,0.08333333333333333,0.03508771929824561,0.9794712956300176,high
continuous,0.85,1.0,12,0.8289473684210527,0.0,0.25253134326183957,0.14912280701754385,0.03070175438596491,0.694837077790792,high
continuous,0.85,1.0,13,0.8333333333333334,0.0,0.04494586043915205,0.14912280701754385,0.03508771929824561,0.9923142814917836,high
continuous,0.85,1.0,14,0.8728070175438597,0.0,0.042778015460543384,0.11842105263157894,0.043859649122807015,0.9901464365131749,high
continuous,0.85,1.0,15,0.8377192982456141,0.0,0.1623793361575847,0.14473684210526316,0.03508771929824561,0.7849890848950468,high
continuous,0.85,1.0,16,0.8464912280701754,0.0,0.052530844205132765,0.13596491228070176,0.03508771929824561,0.9998992652577643,high
continuous,0.85,1.0,17,0.8640350877192983,0.0,0.02571505524452211,0.12280701754385964,0.039473684210526314,0.9730834762971536,high
continuous,0.85,1.0,18,0.8333333333333334,0.0,0.15981218425210886,0.15789473684210525,0.043859649122807015,0.7875562368005227,high
continuous,0.85,1.0,19,0.8596491228070176,0.0,0.11354508865053448,0.11842105263157894,0.03070175438596491,0.833823332402097,high
continuous,0.85,1.0,20,0.9122807017543859,0.0,0.056726484952745126,0.08333333333333333,0.04824561403508772,0.8906419360998864,high
continuous,0.85,1.0,21,0.8728070175438597,0.0,0.00019266945453322304,0.10526315789473684,0.03070175438596491,0.9475610905071647,high
continuous,0.85,1.0,22,0.881578947368421,0.0,0.0438218334858248,0.10526315789473684,0.039473684210526314,0.9911902545384563,high
continuous,0.85,1.0,23,0.8640350877192983,0.0,0.07796059333441474,0.12280701754385964,0.039473684210526314,0.8694078277182168,high
continuous,0.85,1.0,24,0.8771929824561403,0.0,0.013123944758382411,0.12280701754385964,0.05263157894736842,0.9342444762942491,high
continuous,0.85,1.0,25,0.8728070175438597,0.0,0.1888223690222468,0.11403508771929824,0.039473684210526314,0.7585460520303847,high
continuous,0.85,1.0,26,0.8640350877192983,0.0,0.041165793169982146,0.12719298245614036,0.043859649122807015,0.9885342142226137,high
continuous,0.85,1.0,27,0.868421052631579,0.0,0.17896502927039803,0.11842105263157894,0.039473684210526314,0.7684033917822335,high
continuous,0.85,1.0,28,0.8026315789473685,0.0,0.020732689961926898,0.17982456140350878,0.03508771929824561,0.9681011110145584,high
continuous,0.85,1.0,29,0.881578947368421,0.0,0.06475217491854335,0.10964912280701754,0.043859649122807015,0.8826162461340882,high
